"hotel_id";"hotel_name";"hotel_address";"room_type_name";"option_name";"option_price";"1 giường lớn";"1 giường lớn và 1 giường sofa";"1 giường siêu lớn";"1 giường đôi";"1 giường đôi / 1 giường đôi";"1 giường đôi hoặc 2 giường đơn";"1 giường đôi lớn";"1 giường đôi lớn / 1 giường sofa";"1 giường đôi lớn / 1 giường đôi lớn / 1 giường đôi lớn / 1 giường đôi lớn / 1 giường sofa";"1 giường đôi và 1 giường đôi lớn";"1 giường đơn";"1 giường đơn và 1 giường lớn";"1 giường đơn và 2 giường lớn";"1 phòng tắm";"18 m²";"2 giường siêu lớn";"2 giường đôi";"2 giường đôi lớn";"2 giường đơn";"2 phòng ngủ";"2 phòng tắm";"20 m²";"21 m²";"23 m²";"24 m²";"25 m²";"26 m²";"3 giường đôi lớn";"3 giường đơn";"30 m²";"35 m²";"4 phòng ngủ";"40 m²";"44 m²";"48 m²";"80 m²";"9 giường đôi / 2 giường đơn";"Ban công/sân hiên";"Bồn tắm";"Bồn tắm/vòi sen riêng";"Cho phép hút thuốc";"Cà phê hòa tan miễn phí";"Giường cực dài";"Hướng Hồ";"Hướng Ngoài trời";"Hướng Sông";"Hướng Thiên nhiên";"Hướng Thành phố";"Hướng Vườn";"Internet mạng LAN trong phòng [miễn phí]";"Không hút thuốc";"Máy sấy tóc";"Nước đóng chai miễn phí";"Phòng tắm chung";"Phòng tắm đứng";"Phòng xông khô";"Rèm che ánh sáng";"Rượu";"Studio/1 phòng ngủ";"Trái cây/đồ ăn vặt";"Tối đa 1 người lớn";"Tối đa 10 người lớn";"Tối đa 2 người lớn";"Tối đa 2 người lớn, 1 bé (0-5 tuổi) ở MIỄN PHÍ!";"Tối đa 2 người lớn, 1 bé (6-12 tuổi) ở MIỄN PHÍ!";"Tối đa 2 người lớn, 2 bé (0-1 tuổi) ở MIỄN PHÍ!";"Tối đa 3 người lớn";"Tối đa 4 người lớn";"Tối đa 4 người lớn, 1 bé (6-12 tuổi) ở MIỄN PHÍ!";"Tối đa 4 người lớn, 2 bé (0-5 tuổi) ở MIỄN PHÍ!";"Tối đa 5 người lớn";"Tối đa 6 người lớn";"Tối đa 6 người lớn, 3 bé (0-5 tuổi) ở MIỄN PHÍ!";"Tủ lạnh";"Tủ lạnh nhỏ trong phòng";"Tủ quần áo";"Vòi sen";"Wi-Fi [miễn phí]";"phòng tắm riêng";"tầng trệt";"Điều hòa";"Điều hòa cá nhân";"Đồ dùng cho giấc ngủ thoải mái";"Đồ uống mời khách miễn phí";"Ấm nước";"Ấm nước điện"
"75528052";"Khách sạn New Sun Nam Định (NEW SUN NAM ĐỊNH HOTEL)";"20 Trần Anh T ng, Nam Định, Nam Ðịnh, Việt Nam, 07117";"Deluxe giường đôi hoặc 2 giường (Deluxe Double or Twin)";"2 người lớn";"379.688";"0";"0";"0";"0";"0";"0";"0";"0";"0";"0";"0";"0";"0";"0";"0";"1";"0";"0";"0";"0";"0";"0";"0";"0";"0";"0";"0";"0";"0";"1";"0";"0";"0";"0";"0";"0";"0";"0";"0";"0";"0";"1";"0";"0";"0";"0";"0";"1";"0";"0";"0";"1";"0";"0";"1";"0";"0";"0";"0";"0";"0";"0";"0";"0";"0";"0";"1";"0";"0";"0";"0";"0";"0";"0";"1";"0";"0";"1";"1";"0";"0";"0";"1";"1";"1";"0"
"75528052";"Khách sạn New Sun Nam Định (NEW SUN NAM ĐỊNH HOTEL)";"20 Trần Anh T ng, Nam Định, Nam Ðịnh, Việt Nam, 07117";"Deluxe giường đôi hoặc 2 giường (Deluxe Double or Twin)";"2 người lớn";"421.875";"0";"0";"0";"0";"0";"0";"0";"0";"0";"0";"0";"0";"0";"0";"0";"1";"0";"0";"0";"0";"0";"0";"0";"0";"0";"0";"0";"0";"0";"1";"0";"0";"0";"0";"0";"0";"0";"0";"0";"0";"0";"1";"0";"0";"0";"0";"0";"1";"0";"0";"0";"1";"0";"0";"1";"0";"0";"0";"0";"0";"0";"0";"0";"0";"0";"0";"1";"0";"0";"0";"0";"0";"0";"0";"1";"0";"0";"1";"1";"0";"0";"0";"1";"1";"1";"0"
"75528052";"Khách sạn New Sun Nam Định (NEW SUN NAM ĐỊNH HOTEL)";"20 Trần Anh T ng, Nam Định, Nam Ðịnh, Việt Nam, 07117";"Phòng Tiêu Chuẩn (Standard Room)";"2 người lớn";"427.874";"0";"0";"1";"0";"0";"0";"0";"0";"0";"0";"0";"0";"0";"0";"0";"0";"0";"0";"0";"0";"0";"0";"0";"0";"0";"1";"0";"0";"0";"0";"0";"0";"0";"0";"0";"0";"0";"0";"0";"0";"0";"1";"0";"0";"0";"0";"0";"1";"0";"0";"0";"1";"0";"0";"1";"0";"1";"0";"0";"0";"0";"0";"1";"0";"0";"0";"0";"0";"0";"0";"0";"0";"0";"0";"1";"0";"0";"1";"1";"0";"1";"0";"0";"1";"0";"0"
"64096515";"Khách sạn P&L (Khach san P&L)";"4 Mỹ Trọng, Nam Định, Nam Ðịnh, Việt Nam, 420000";"Phòng Giường Đôi/2 Giường Đơn Với Ban Công (Double or Twin Room with Balcony)";"3 người lớn";"416.667";"0";"0";"0";"0";"0";"0";"0";"0";"0";"1";"0";"0";"0";"0";"0";"0";"0";"0";"0";"0";"0";"0";"0";"1";"0";"0";"0";"0";"0";"0";"0";"0";"0";"0";"0";"0";"0";"1";"0";"0";"0";"0";"0";"0";"1";"0";"0";"0";"0";"0";"0";"1";"1";"0";"0";"0";"0";"0";"0";"0";"0";"0";"0";"0";"0";"0";"1";"0";"0";"0";"0";"0";"0";"1";"1";"0";"1";"0";"1";"0";"0";"0";"1";"0";"0";"1"
"64096515";"Khách sạn P&L (Khach san P&L)";"4 Mỹ Trọng, Nam Định, Nam Ðịnh, Việt Nam, 420000";"Phòng Gia Đình Giường Đôi (Family Double Room)";"5 người lớn";"462.963";"0";"0";"0";"0";"0";"0";"0";"0";"0";"0";"0";"0";"1";"0";"0";"0";"0";"0";"0";"0";"0";"0";"0";"0";"0";"0";"0";"0";"0";"1";"0";"0";"0";"0";"0";"0";"0";"1";"0";"0";"0";"0";"0";"0";"1";"0";"0";"0";"0";"0";"0";"1";"1";"0";"0";"0";"0";"0";"0";"0";"0";"0";"0";"0";"0";"0";"0";"0";"0";"0";"1";"0";"0";"1";"1";"0";"1";"0";"1";"0";"0";"0";"1";"0";"0";"1"
"64096515";"Khách sạn P&L (Khach san P&L)";"4 Mỹ Trọng, Nam Định, Nam Ðịnh, Việt Nam, 420000";"Suite Nhìn Ra Thành Phố (Suite with City View)";"2 người lớn";"583.333";"0";"0";"0";"0";"0";"0";"0";"1";"0";"0";"0";"0";"0";"0";"0";"0";"0";"0";"0";"0";"0";"0";"0";"0";"0";"0";"0";"0";"0";"0";"0";"0";"1";"0";"0";"0";"0";"1";"0";"0";"0";"0";"0";"0";"1";"0";"0";"0";"0";"0";"0";"1";"1";"0";"0";"0";"0";"0";"0";"0";"0";"0";"1";"0";"0";"0";"0";"0";"0";"0";"0";"0";"0";"1";"1";"0";"1";"0";"1";"0";"0";"0";"1";"0";"0";"1"
"64096515";"Khách sạn P&L (Khach san P&L)";"4 Mỹ Trọng, Nam Định, Nam Ðịnh, Việt Nam, 420000";"Suite Nhìn Ra Thành Phố (Suite with City View)";"2 người lớn";"648.148";"0";"0";"0";"0";"0";"0";"0";"1";"0";"0";"0";"0";"0";"0";"0";"0";"0";"0";"0";"0";"0";"0";"0";"0";"0";"0";"0";"0";"0";"0";"0";"0";"1";"0";"0";"0";"0";"1";"0";"0";"0";"0";"0";"0";"1";"0";"0";"0";"0";"0";"0";"1";"1";"0";"0";"0";"0";"0";"0";"0";"0";"0";"1";"0";"0";"0";"0";"0";"0";"0";"0";"0";"0";"1";"1";"0";"1";"0";"1";"0";"0";"0";"1";"0";"0";"1"
"64096515";"Khách sạn P&L (Khach san P&L)";"4 Mỹ Trọng, Nam Định, Nam Ðịnh, Việt Nam, 420000";"Suite Nhìn Ra Thành Phố (Suite with City View)";"1 người lớn Vượt quá sức chứa phòng";"583.333";"0";"0";"0";"0";"0";"0";"0";"1";"0";"0";"0";"0";"0";"0";"0";"0";"0";"0";"0";"0";"0";"0";"0";"0";"0";"0";"0";"0";"0";"0";"0";"0";"1";"0";"0";"0";"0";"1";"0";"0";"0";"0";"0";"0";"1";"0";"0";"0";"0";"0";"0";"1";"1";"0";"0";"0";"0";"0";"0";"0";"0";"0";"1";"0";"0";"0";"0";"0";"0";"0";"0";"0";"0";"1";"1";"0";"1";"0";"1";"0";"0";"0";"1";"0";"0";"1"
"14953986";"Khách sạn Wiltons (The Wiltons Hotel)";"32 Hồ Xuân Hương, Nam Định, Nam Ðịnh, Việt Nam, 07000";"Giường đôi VIP (Double VIP)";"2 người lớn & 1 trẻ em (6-12 tuổi)";"511.414";"0";"0";"0";"0";"0";"0";"0";"0";"0";"0";"1";"0";"0";"0";"0";"0";"0";"0";"0";"0";"0";"0";"0";"0";"0";"1";"0";"0";"0";"0";"0";"0";"0";"0";"0";"0";"0";"1";"0";"0";"0";"0";"1";"0";"0";"0";"0";"0";"1";"0";"0";"1";"1";"0";"0";"0";"0";"0";"0";"0";"0";"0";"0";"0";"1";"0";"0";"0";"0";"0";"0";"0";"0";"0";"0";"0";"1";"0";"1";"0";"1";"0";"1";"0";"0";"1"
"14953986";"Khách sạn Wiltons (The Wiltons Hotel)";"32 Hồ Xuân Hương, Nam Định, Nam Ðịnh, Việt Nam, 07000";"Giường đôi VIP (Double VIP)";"2 người lớn";"601.852";"0";"0";"0";"0";"0";"0";"0";"0";"0";"0";"1";"0";"0";"0";"0";"0";"0";"0";"0";"0";"0";"0";"0";"0";"0";"1";"0";"0";"0";"0";"0";"0";"0";"0";"0";"0";"0";"1";"0";"0";"0";"0";"1";"0";"0";"0";"0";"0";"1";"0";"0";"1";"1";"0";"0";"0";"0";"0";"0";"0";"0";"0";"0";"0";"1";"0";"0";"0";"0";"0";"0";"0";"0";"0";"0";"0";"1";"0";"1";"0";"1";"0";"1";"0";"0";"1"
"14953986";"Khách sạn Wiltons (The Wiltons Hotel)";"32 Hồ Xuân Hương, Nam Định, Nam Ðịnh, Việt Nam, 07000";"Phòng Hai Giường Đơn (TWIN)";"4 người lớn & 1 trẻ em (6-12 tuổi)";"778.976";"0";"0";"0";"0";"0";"0";"0";"0";"0";"0";"0";"0";"0";"0";"0";"0";"1";"0";"0";"0";"0";"0";"0";"0";"0";"0";"0";"0";"0";"0";"1";"0";"0";"0";"0";"0";"0";"1";"0";"0";"0";"0";"1";"0";"0";"0";"0";"0";"1";"0";"0";"1";"1";"0";"0";"0";"0";"0";"0";"0";"0";"0";"0";"0";"0";"0";"0";"0";"1";"0";"0";"0";"0";"0";"0";"0";"1";"0";"1";"0";"1";"0";"1";"0";"0";"1"
"14953986";"Khách sạn Wiltons (The Wiltons Hotel)";"32 Hồ Xuân Hương, Nam Định, Nam Ðịnh, Việt Nam, 07000";"Phòng Hai Giường Đơn (TWIN)";"4 người lớn";"833.333";"0";"0";"0";"0";"0";"0";"0";"0";"0";"0";"0";"0";"0";"0";"0";"0";"1";"0";"0";"0";"0";"0";"0";"0";"0";"0";"0";"0";"0";"0";"1";"0";"0";"0";"0";"0";"0";"1";"0";"0";"0";"0";"1";"0";"0";"0";"0";"0";"1";"0";"0";"1";"1";"0";"0";"0";"0";"0";"0";"0";"0";"0";"0";"0";"0";"0";"0";"0";"1";"0";"0";"0";"0";"0";"0";"0";"1";"0";"1";"0";"1";"0";"1";"0";"0";"1"
"9403730";"Nam Cuong Nam Dinh Hotel";"Số 538 Trần Hưng Đạo, P. Hòa Vượng, TP. Nam Định, Nam Định, Nam Ðịnh, Việt Nam, 07000";"Deluxe cổ điển (Classic Deluxe)";"2 người lớn";"1.977.989";"0";"0";"0";"0";"0";"1";"0";"0";"0";"0";"0";"0";"0";"0";"0";"0";"0";"0";"0";"0";"0";"0";"0";"0";"0";"0";"0";"0";"0";"0";"0";"0";"0";"1";"0";"0";"0";"0";"0";"1";"0";"0";"0";"1";"0";"0";"0";"0";"0";"0";"0";"1";"0";"0";"0";"0";"1";"0";"0";"1";"0";"0";"1";"0";"0";"0";"0";"0";"0";"0";"0";"0";"0";"0";"0";"0";"1";"1";"1";"0";"1";"0";"0";"0";"0";"1"
"9403730";"Nam Cuong Nam Dinh Hotel";"Số 538 Trần Hưng Đạo, P. Hòa Vượng, TP. Nam Định, Nam Định, Nam Ðịnh, Việt Nam, 07000";"Deluxe cổ điển (Classic Deluxe)";"2 người lớn";"2.069.040";"0";"0";"0";"0";"0";"1";"0";"0";"0";"0";"0";"0";"0";"0";"0";"0";"0";"0";"0";"0";"0";"0";"0";"0";"0";"0";"0";"0";"0";"0";"0";"0";"0";"1";"0";"0";"0";"0";"0";"1";"0";"0";"0";"1";"0";"0";"0";"0";"0";"0";"0";"1";"0";"0";"0";"0";"1";"0";"0";"1";"0";"0";"1";"0";"0";"0";"0";"0";"0";"0";"0";"0";"0";"0";"0";"0";"1";"1";"1";"0";"1";"0";"0";"0";"0";"1"
"9403730";"Nam Cuong Nam Dinh Hotel";"Số 538 Trần Hưng Đạo, P. Hòa Vượng, TP. Nam Định, Nam Định, Nam Ðịnh, Việt Nam, 07000";"Executive Deluxe";"2 người lớn";"2.457.835";"0";"0";"0";"0";"0";"0";"1";"0";"0";"0";"0";"0";"0";"0";"0";"0";"0";"0";"0";"0";"0";"0";"0";"0";"0";"0";"0";"0";"0";"0";"0";"0";"0";"0";"1";"0";"0";"0";"0";"1";"0";"1";"0";"0";"0";"0";"0";"1";"0";"0";"0";"1";"0";"0";"0";"0";"1";"0";"0";"0";"0";"0";"1";"0";"0";"0";"0";"0";"0";"0";"0";"0";"0";"1";"1";"0";"1";"1";"0";"0";"1";"0";"0";"0";"0";"0"
"9403730";"Nam Cuong Nam Dinh Hotel";"Số 538 Trần Hưng Đạo, P. Hòa Vượng, TP. Nam Định, Nam Định, Nam Ðịnh, Việt Nam, 07000";"Executive Deluxe";"2 người lớn";"2.459.425";"0";"0";"0";"0";"0";"0";"1";"0";"0";"0";"0";"0";"0";"0";"0";"0";"0";"0";"0";"0";"0";"0";"0";"0";"0";"0";"0";"0";"0";"0";"0";"0";"0";"0";"1";"0";"0";"0";"0";"1";"0";"1";"0";"0";"0";"0";"0";"1";"0";"0";"0";"1";"0";"0";"0";"0";"1";"0";"0";"0";"0";"0";"1";"0";"0";"0";"0";"0";"0";"0";"0";"0";"0";"1";"1";"0";"1";"1";"0";"0";"1";"0";"0";"0";"0";"0"
"20061348";"Tru by Hilton Nam Định City Centre (Tru by Hilton Nam Dinh City Centre)";"272 Tran Hung Dao, Cua Bac ward, Nam Định, Nam Ðịnh, Việt Nam, 420000";"Phòng 1 Giường Lớn (1 King Bed Room)";"2 người lớn";"1.289.274";"1";"0";"0";"0";"0";"0";"0";"0";"0";"0";"0";"0";"0";"0";"1";"0";"0";"0";"0";"0";"0";"0";"0";"0";"0";"0";"0";"0";"0";"0";"0";"0";"0";"0";"0";"0";"0";"0";"0";"0";"0";"0";"0";"0";"0";"0";"0";"1";"0";"1";"1";"1";"0";"0";"0";"0";"1";"0";"0";"0";"0";"0";"1";"0";"0";"0";"0";"0";"0";"0";"0";"0";"0";"1";"0";"0";"1";"0";"1";"0";"1";"0";"0";"0";"0";"0"
"20061348";"Tru by Hilton Nam Định City Centre (Tru by Hilton Nam Dinh City Centre)";"272 Tran Hung Dao, Cua Bac ward, Nam Định, Nam Ðịnh, Việt Nam, 420000";"Phòng 1 Giường Lớn (1 King Bed Room)";"2 người lớn";"1.300.000";"1";"0";"0";"0";"0";"0";"0";"0";"0";"0";"0";"0";"0";"0";"1";"0";"0";"0";"0";"0";"0";"0";"0";"0";"0";"0";"0";"0";"0";"0";"0";"0";"0";"0";"0";"0";"0";"0";"0";"0";"0";"0";"0";"0";"0";"0";"0";"1";"0";"1";"1";"1";"0";"0";"0";"0";"1";"0";"0";"0";"0";"0";"1";"0";"0";"0";"0";"0";"0";"0";"0";"0";"0";"1";"0";"0";"1";"0";"1";"0";"1";"0";"0";"0";"0";"0"
"20061348";"Tru by Hilton Nam Định City Centre (Tru by Hilton Nam Dinh City Centre)";"272 Tran Hung Dao, Cua Bac ward, Nam Định, Nam Ðịnh, Việt Nam, 420000";"1 King Guest room with Sofa bed";"2 người lớn & 1 trẻ em (0-11 tuổi)";"1.690.224";"0";"1";"0";"0";"0";"0";"0";"0";"0";"0";"0";"0";"0";"0";"0";"0";"0";"0";"0";"0";"0";"0";"1";"0";"0";"0";"0";"0";"0";"0";"0";"0";"0";"0";"0";"0";"0";"0";"0";"0";"0";"0";"0";"0";"0";"0";"0";"1";"0";"1";"1";"1";"0";"0";"0";"0";"1";"0";"0";"0";"0";"0";"0";"0";"0";"0";"1";"0";"0";"0";"0";"0";"0";"1";"0";"0";"1";"0";"1";"0";"1";"0";"0";"0";"0";"0"
"20061348";"Tru by Hilton Nam Định City Centre (Tru by Hilton Nam Dinh City Centre)";"272 Tran Hung Dao, Cua Bac ward, Nam Định, Nam Ðịnh, Việt Nam, 420000";"1 King Guest room with Sofa bed";"2 người lớn & 1 trẻ em (0-11 tuổi)";"1.700.000";"0";"1";"0";"0";"0";"0";"0";"0";"0";"0";"0";"0";"0";"0";"0";"0";"0";"0";"0";"0";"0";"0";"1";"0";"0";"0";"0";"0";"0";"0";"0";"0";"0";"0";"0";"0";"0";"0";"0";"0";"0";"0";"0";"0";"0";"0";"0";"1";"0";"1";"1";"1";"0";"0";"0";"0";"1";"0";"0";"0";"0";"0";"0";"0";"0";"0";"1";"0";"0";"0";"0";"0";"0";"1";"0";"0";"1";"0";"1";"0";"1";"0";"0";"0";"0";"0"
"20061348";"Tru by Hilton Nam Định City Centre (Tru by Hilton Nam Dinh City Centre)";"272 Tran Hung Dao, Cua Bac ward, Nam Định, Nam Ðịnh, Việt Nam, 420000";"1 King Guest room with Sofa bed";"3 người lớn";"1.986.781";"0";"1";"0";"0";"0";"0";"0";"0";"0";"0";"0";"0";"0";"0";"0";"0";"0";"0";"0";"0";"0";"0";"1";"0";"0";"0";"0";"0";"0";"0";"0";"0";"0";"0";"0";"0";"0";"0";"0";"0";"0";"0";"0";"0";"0";"0";"0";"1";"0";"1";"1";"1";"0";"0";"0";"0";"1";"0";"0";"0";"0";"0";"0";"0";"0";"0";"1";"0";"0";"0";"0";"0";"0";"1";"0";"0";"1";"0";"1";"0";"1";"0";"0";"0";"0";"0"
"20061348";"Tru by Hilton Nam Định City Centre (Tru by Hilton Nam Dinh City Centre)";"272 Tran Hung Dao, Cua Bac ward, Nam Định, Nam Ðịnh, Việt Nam, 420000";"1 King Guest room with Sofa bed";"3 người lớn";"1.995.000";"0";"1";"0";"0";"0";"0";"0";"0";"0";"0";"0";"0";"0";"0";"0";"0";"0";"0";"0";"0";"0";"0";"1";"0";"0";"0";"0";"0";"0";"0";"0";"0";"0";"0";"0";"0";"0";"0";"0";"0";"0";"0";"0";"0";"0";"0";"0";"1";"0";"1";"1";"1";"0";"0";"0";"0";"1";"0";"0";"0";"0";"0";"0";"0";"0";"0";"1";"0";"0";"0";"0";"0";"0";"1";"0";"0";"1";"0";"1";"0";"1";"0";"0";"0";"0";"0"
"37923378";"Khách sạn Ruby (Ruby Hotel)";"118pho Bắc Ninh, Nam Định, Nam Ðịnh, Việt Nam, 420000";"Deluxe Suite 2 giường (Deluxe Suite Twin)";"2 người lớn & 2 trẻ em (0-1 tuổi)";"433.544";"0";"0";"0";"0";"0";"0";"0";"0";"0";"0";"0";"0";"0";"0";"0";"0";"0";"0";"1";"0";"0";"0";"0";"0";"0";"0";"1";"0";"0";"0";"0";"0";"0";"0";"0";"0";"0";"0";"0";"0";"0";"0";"0";"0";"0";"0";"0";"1";"0";"0";"0";"1";"1";"0";"1";"0";"1";"0";"0";"1";"0";"0";"0";"0";"0";"1";"0";"0";"0";"0";"0";"0";"0";"1";"0";"0";"0";"1";"1";"0";"0";"0";"0";"0";"0";"1"
"37923378";"Khách sạn Ruby (Ruby Hotel)";"118pho Bắc Ninh, Nam Định, Nam Ðịnh, Việt Nam, 420000";"Superior hướng thành phố (Superior City View)";"2 người lớn & 2 trẻ em (0-1 tuổi)";"433.544";"1";"0";"0";"0";"0";"0";"0";"0";"0";"0";"0";"0";"0";"0";"0";"0";"0";"0";"0";"0";"0";"0";"0";"0";"0";"0";"1";"0";"0";"0";"0";"0";"0";"0";"0";"0";"0";"0";"0";"0";"0";"0";"0";"0";"0";"0";"0";"1";"0";"0";"0";"1";"1";"0";"1";"0";"1";"0";"0";"1";"0";"0";"0";"0";"0";"1";"0";"0";"0";"0";"0";"0";"0";"1";"0";"0";"0";"1";"1";"0";"0";"0";"0";"0";"0";"1"
"79310560";"Khách sạn MD (MD Hotel)";"502 Đ. Kênh, Lộc Vượng, Nam Định, Nam Ðịnh, Việt Nam";"Phòng Deluxe hướng Hồ (Deluxe Lake View)";"2 người lớn";"943.015";"0";"0";"0";"0";"0";"0";"1";"0";"0";"0";"0";"0";"0";"0";"0";"0";"0";"0";"0";"0";"0";"0";"0";"0";"0";"0";"0";"0";"0";"1";"0";"0";"0";"0";"0";"0";"0";"0";"0";"1";"0";"0";"0";"1";"0";"0";"0";"0";"0";"0";"0";"1";"0";"1";"1";"1";"1";"1";"0";"0";"0";"0";"1";"0";"0";"0";"0";"0";"0";"0";"0";"0";"0";"0";"0";"0";"0";"1";"0";"0";"0";"0";"0";"1";"0";"0"
"79310560";"Khách sạn MD (MD Hotel)";"502 Đ. Kênh, Lộc Vượng, Nam Định, Nam Ðịnh, Việt Nam";"Phòng Deluxe hướng Hồ (Deluxe Lake View)";"2 người lớn";"961.292";"0";"0";"0";"0";"0";"0";"1";"0";"0";"0";"0";"0";"0";"0";"0";"0";"0";"0";"0";"0";"0";"0";"0";"0";"0";"0";"0";"0";"0";"1";"0";"0";"0";"0";"0";"0";"0";"0";"0";"1";"0";"0";"0";"1";"0";"0";"0";"0";"0";"0";"0";"1";"0";"1";"1";"1";"1";"1";"0";"0";"0";"0";"1";"0";"0";"0";"0";"0";"0";"0";"0";"0";"0";"0";"0";"0";"0";"1";"0";"0";"0";"0";"0";"1";"0";"0"
"63409225";"My Trà Hotel (My Tra Hotel)";"Khu Công Nghiệp Hoà Xá, Mỹ Xá, Nam Định, Nam Ðịnh, Việt Nam, 07118";"Phòng Đôi (Double Room)";"2 người lớn & 1 trẻ em (0-5 tuổi)";"195.185";"0";"0";"0";"0";"0";"0";"1";"0";"0";"0";"0";"0";"0";"0";"0";"0";"0";"0";"0";"0";"0";"1";"0";"0";"0";"0";"0";"0";"0";"0";"0";"0";"0";"0";"0";"0";"0";"0";"0";"0";"0";"0";"0";"0";"0";"0";"0";"0";"0";"0";"0";"1";"0";"0";"1";"0";"0";"0";"0";"0";"0";"0";"0";"1";"0";"0";"0";"0";"0";"0";"0";"0";"0";"0";"0";"1";"0";"0";"1";"0";"0";"1";"1";"0";"0";"1"
"63409225";"My Trà Hotel (My Tra Hotel)";"Khu Công Nghiệp Hoà Xá, Mỹ Xá, Nam Định, Nam Ðịnh, Việt Nam, 07118";"Phòng 4 Người (Quadruple Room)";"4 người lớn & 2 trẻ em (0-5 tuổi)";"292.778";"0";"0";"0";"0";"0";"0";"0";"0";"0";"0";"0";"0";"0";"0";"0";"0";"0";"1";"0";"0";"0";"0";"0";"0";"0";"1";"0";"0";"0";"0";"0";"0";"0";"0";"0";"0";"0";"0";"0";"0";"0";"0";"0";"0";"0";"0";"0";"0";"0";"0";"0";"1";"0";"0";"1";"0";"0";"0";"0";"0";"0";"0";"0";"0";"0";"0";"0";"0";"0";"1";"0";"0";"0";"0";"0";"1";"0";"0";"1";"0";"0";"1";"1";"0";"0";"1"
"63409225";"My Trà Hotel (My Tra Hotel)";"Khu Công Nghiệp Hoà Xá, Mỹ Xá, Nam Định, Nam Ðịnh, Việt Nam, 07118";"Phòng Gia Đình (Family Room)";"6 người lớn & 3 trẻ em (0-5 tuổi)";"327.407";"0";"0";"0";"0";"0";"0";"0";"0";"0";"0";"0";"0";"0";"0";"0";"0";"0";"0";"0";"0";"0";"0";"0";"0";"0";"0";"0";"1";"0";"1";"0";"0";"0";"0";"0";"0";"0";"0";"0";"0";"0";"0";"0";"0";"0";"0";"0";"0";"0";"0";"0";"1";"0";"0";"1";"0";"0";"0";"0";"0";"0";"0";"0";"0";"0";"0";"0";"0";"0";"0";"0";"0";"1";"0";"0";"1";"0";"0";"1";"0";"0";"1";"1";"0";"0";"1"
"64903200";"Khách sạn Dệt";"62 Nguyễn Hiền, Trần Đăng Ninh, Nam Định, Nam Ðịnh, Việt Nam";"Phòng Đôi (Double Room)";"2 người lớn";"514.583";"0";"0";"0";"1";"0";"0";"0";"0";"0";"0";"0";"0";"0";"0";"0";"0";"0";"0";"0";"0";"0";"0";"0";"0";"1";"0";"0";"0";"0";"0";"0";"0";"0";"0";"0";"0";"0";"1";"0";"0";"0";"0";"0";"0";"0";"0";"0";"0";"1";"0";"0";"0";"1";"0";"0";"0";"0";"0";"0";"0";"0";"0";"1";"0";"0";"0";"0";"0";"0";"0";"0";"0";"0";"0";"0";"0";"1";"0";"0";"1";"0";"1";"0";"0";"0";"1"
"27848306";"NHÀ NGHỈ TRÀ MY (NHA NGHI TRA MY)";"KHU CÔNG NGHIỆP MAI XÁ-- MỸ XÁ- TP NAM ĐỊNH XÓM GÔI- MAI XÁ - MỸ XÁ- TPND, Nam Định, Nam Ðịnh, Việt Nam";"Phòng 4 Người (Quadruple Room)";"4 người lớn";"277.778";"0";"0";"0";"0";"0";"0";"0";"0";"0";"0";"0";"0";"0";"0";"0";"0";"1";"0";"0";"0";"0";"0";"0";"0";"0";"1";"0";"0";"0";"0";"0";"0";"0";"0";"0";"0";"0";"1";"0";"0";"0";"0";"0";"0";"1";"0";"0";"0";"0";"0";"0";"0";"0";"0";"0";"0";"0";"0";"0";"0";"0";"0";"0";"0";"0";"0";"0";"1";"0";"0";"0";"0";"0";"0";"0";"0";"0";"0";"0";"0";"1";"0";"0";"0";"0";"0"
"27848306";"NHÀ NGHỈ TRÀ MY (NHA NGHI TRA MY)";"KHU CÔNG NGHIỆP MAI XÁ-- MỸ XÁ- TP NAM ĐỊNH XÓM GÔI- MAI XÁ - MỸ XÁ- TPND, Nam Định, Nam Ðịnh, Việt Nam";"Phòng Ba Người (Triple Room)";"6 người lớn";"314.815";"0";"0";"0";"0";"0";"0";"0";"0";"0";"0";"0";"0";"0";"0";"0";"0";"0";"0";"0";"0";"0";"0";"0";"0";"0";"0";"0";"0";"1";"1";"0";"0";"0";"0";"0";"0";"0";"1";"0";"0";"0";"0";"0";"0";"1";"0";"0";"0";"0";"0";"0";"0";"0";"0";"0";"0";"0";"0";"0";"0";"0";"0";"0";"0";"0";"0";"0";"0";"0";"0";"0";"1";"0";"0";"0";"0";"0";"0";"0";"0";"1";"0";"0";"0";"0";"0"
"27848306";"NHÀ NGHỈ TRÀ MY (NHA NGHI TRA MY)";"KHU CÔNG NGHIỆP MAI XÁ-- MỸ XÁ- TP NAM ĐỊNH XÓM GÔI- MAI XÁ - MỸ XÁ- TPND, Nam Định, Nam Ðịnh, Việt Nam";"Phòng Đơn Có Ban Công (Single Room with Balcony)";"1 người lớn Vượt quá sức chứa phòng";"175.926";"0";"0";"0";"0";"0";"0";"0";"0";"0";"0";"1";"0";"0";"0";"0";"0";"0";"0";"0";"0";"0";"1";"0";"0";"0";"0";"0";"0";"0";"0";"0";"0";"0";"0";"0";"0";"0";"1";"0";"0";"0";"0";"0";"0";"1";"0";"0";"0";"0";"0";"0";"0";"0";"0";"0";"0";"0";"0";"0";"0";"1";"0";"0";"0";"0";"0";"0";"0";"0";"0";"0";"0";"0";"0";"0";"0";"0";"0";"0";"0";"1";"0";"0";"0";"0";"0"
"72523395";"Nhà riêng 20 m² 4 phòng ngủ, 2 phòng tắm riêng ở Nam Định (Big house with beautiful garden)";"Nam Định, Nam Ðịnh, Việt Nam";"Four Bedroom - Entire House";"10 người lớn & 1 trẻ em (0-7 tuổi)";"523.004";"0";"0";"0";"0";"0";"0";"0";"0";"1";"0";"0";"0";"0";"0";"0";"0";"0";"0";"0";"0";"1";"1";"0";"0";"0";"0";"0";"0";"0";"0";"0";"1";"0";"0";"0";"0";"0";"0";"0";"0";"1";"0";"0";"0";"0";"0";"0";"0";"0";"0";"0";"0";"0";"0";"0";"0";"0";"0";"0";"0";"0";"1";"0";"0";"0";"0";"0";"0";"0";"0";"0";"0";"0";"0";"0";"1";"0";"1";"0";"0";"1";"0";"0";"0";"0";"0"
"55613252";"Khách sạn & Cà phê Hương Giang (Hương Giang Hotel & Coffee)";", Hoà Bình, Thái Bình, Thái Bình, Việt Nam";"Phòng Tiêu Chuẩn Giường Đôi (Standard Double Room)";"2 người lớn";"194.444";"0";"0";"0";"1";"0";"0";"0";"0";"0";"0";"0";"0";"0";"0";"0";"0";"0";"0";"0";"0";"0";"0";"0";"0";"0";"0";"0";"0";"0";"1";"0";"0";"0";"0";"0";"0";"0";"1";"0";"0";"0";"0";"0";"0";"0";"1";"0";"0";"0";"0";"0";"1";"1";"0";"0";"0";"0";"0";"0";"0";"0";"0";"1";"0";"0";"0";"0";"0";"0";"0";"0";"0";"0";"0";"0";"1";"1";"0";"1";"0";"0";"1";"1";"0";"0";"1"
"55613252";"Khách sạn & Cà phê Hương Giang (Hương Giang Hotel & Coffee)";", Hoà Bình, Thái Bình, Thái Bình, Việt Nam";"Phòng Tiêu Chuẩn Giường Đôi (Standard Double Room)";"1 người lớn Vượt quá sức chứa phòng";"184.722";"0";"0";"0";"1";"0";"0";"0";"0";"0";"0";"0";"0";"0";"0";"0";"0";"0";"0";"0";"0";"0";"0";"0";"0";"0";"0";"0";"0";"0";"1";"0";"0";"0";"0";"0";"0";"0";"1";"0";"0";"0";"0";"0";"0";"0";"1";"0";"0";"0";"0";"0";"1";"1";"0";"0";"0";"0";"0";"0";"0";"0";"0";"1";"0";"0";"0";"0";"0";"0";"0";"0";"0";"0";"0";"0";"1";"1";"0";"1";"0";"0";"1";"1";"0";"0";"1"
"274250";"Khách sạn Phú Mỹ (Phu My Hotel)";"36 Lê Hồng Phong, Nam Định, Nam Ðịnh, Việt Nam";"Phòng Tiêu chuẩn giường đôi (Standard Double)";"2 người lớn";"319.444";"0";"0";"0";"1";"0";"0";"0";"0";"0";"0";"0";"0";"0";"0";"1";"0";"0";"0";"0";"0";"0";"0";"0";"0";"0";"0";"0";"0";"0";"0";"0";"0";"0";"0";"0";"0";"0";"0";"1";"0";"0";"0";"0";"0";"0";"0";"1";"0";"0";"0";"0";"1";"1";"0";"0";"0";"0";"0";"0";"0";"0";"0";"1";"0";"0";"0";"0";"0";"0";"0";"0";"0";"0";"0";"1";"0";"1";"0";"1";"0";"1";"0";"1";"0";"0";"1"
"80971918";"Căn hộ m² 1 phòng ngủ, 1 phòng tắm riêng ở Nam Định (Goldenbell backpacker hostell)";"Nam Định, Nam Ðịnh, Việt Nam";"Căn hộ (Apartment)";"2 người lớn & 1 trẻ em (0-7 tuổi)";"139.008";"0";"0";"0";"0";"0";"0";"1";"0";"0";"0";"0";"0";"0";"1";"0";"0";"0";"0";"0";"0";"0";"0";"0";"0";"0";"0";"0";"0";"0";"0";"0";"0";"0";"0";"0";"0";"0";"0";"0";"0";"0";"0";"0";"0";"0";"0";"0";"0";"0";"0";"0";"0";"0";"0";"0";"0";"0";"0";"1";"0";"0";"0";"1";"0";"0";"0";"0";"0";"0";"0";"0";"0";"0";"0";"0";"0";"0";"1";"0";"0";"1";"0";"0";"0";"0";"0"
"64233522";"Khu du lịch sinh thái Núi Ngăm";", thôn Thượng, Minh Tân, Khu du lịch sinh thái Núi Ngăm, Nam Định, Nam Ðịnh, Việt Nam, 07000";"Phòng Hai Giường Đơn (twin Room)";"2 người lớn";"555.556";"0";"0";"0";"0";"0";"0";"0";"0";"0";"0";"0";"0";"0";"0";"0";"0";"0";"0";"1";"0";"0";"0";"0";"0";"0";"0";"0";"0";"0";"0";"0";"0";"0";"0";"0";"0";"0";"0";"0";"0";"0";"0";"0";"0";"0";"0";"0";"0";"0";"0";"0";"0";"0";"0";"0";"0";"0";"0";"0";"0";"0";"0";"1";"0";"0";"0";"0";"0";"0";"0";"0";"0";"0";"0";"0";"0";"0";"0";"0";"0";"1";"0";"0";"0";"0";"0"
"64233522";"Khu du lịch sinh thái Núi Ngăm";", thôn Thượng, Minh Tân, Khu du lịch sinh thái Núi Ngăm, Nam Định, Nam Ðịnh, Việt Nam, 07000";"Phòng Hướng Vườn (Garden View)";"2 người lớn";"638.889";"0";"0";"0";"0";"0";"0";"1";"0";"0";"0";"0";"0";"0";"0";"0";"0";"0";"0";"0";"0";"0";"1";"0";"0";"0";"0";"0";"0";"0";"0";"0";"0";"0";"0";"0";"0";"0";"0";"0";"0";"0";"0";"0";"0";"0";"0";"0";"0";"1";"0";"0";"0";"0";"0";"0";"0";"0";"0";"0";"0";"0";"0";"1";"0";"0";"0";"0";"0";"0";"0";"0";"0";"0";"0";"0";"0";"0";"0";"0";"0";"1";"0";"0";"0";"0";"0"
"64233522";"Khu du lịch sinh thái Núi Ngăm";", thôn Thượng, Minh Tân, Khu du lịch sinh thái Núi Ngăm, Nam Định, Nam Ðịnh, Việt Nam, 07000";"Phòng Gia Đình (Family Room)";"2 người lớn";"722.222";"0";"0";"0";"0";"0";"0";"0";"0";"0";"0";"0";"1";"0";"0";"0";"0";"0";"0";"0";"0";"0";"0";"0";"0";"0";"0";"0";"0";"0";"0";"0";"0";"0";"0";"0";"0";"0";"0";"0";"0";"0";"0";"0";"0";"0";"0";"0";"0";"0";"0";"0";"0";"0";"0";"0";"0";"0";"0";"0";"0";"0";"0";"1";"0";"0";"0";"0";"0";"0";"0";"0";"0";"0";"0";"0";"0";"0";"0";"0";"0";"1";"0";"0";"0";"0";"0"
"10638351";"Chung cư 80 m² 2 phòng ngủ, 2 phòng tắm riêng ở Nam Định (Nam Dinh Tower )";"Nam Định, Nam Ðịnh, Việt Nam";"Căn hộ (Apartment)";"4 người lớn & 1 trẻ em (0-12 tuổi)";"1.676.631";"0";"0";"0";"0";"1";"0";"0";"0";"0";"0";"0";"0";"0";"0";"0";"0";"0";"0";"0";"1";"1";"0";"0";"0";"0";"0";"0";"0";"0";"0";"0";"0";"0";"0";"0";"1";"0";"0";"0";"0";"0";"0";"0";"0";"0";"0";"0";"0";"0";"0";"0";"0";"0";"0";"0";"0";"0";"0";"0";"0";"0";"0";"0";"0";"0";"0";"0";"1";"0";"0";"0";"0";"0";"0";"0";"1";"0";"1";"0";"0";"1";"0";"0";"0";"0";"0"
"76327768";"Căn hộ m² 2 phòng ngủ, 1 phòng tắm riêng ở Nam Định (An Eco Homestay Ramsar Xuân Thủy :) )";"Nam Định, Nam Ðịnh, Việt Nam";"Căn hộ (Apartment)";"2 người lớn & 1 trẻ em (0-7 tuổi)";"436.103";"0";"0";"0";"0";"0";"0";"0";"0";"0";"0";"0";"0";"0";"1";"0";"0";"0";"0";"0";"1";"0";"0";"0";"0";"0";"0";"0";"0";"0";"0";"0";"0";"0";"0";"0";"0";"1";"0";"0";"0";"0";"0";"0";"0";"0";"0";"0";"0";"0";"0";"0";"0";"0";"0";"0";"0";"0";"0";"0";"0";"0";"0";"1";"0";"0";"0";"0";"0";"0";"0";"0";"0";"0";"0";"0";"0";"0";"1";"0";"0";"1";"0";"0";"0";"0";"0"
