"hotel_id";"hotel_name";"hotel_address";"room_type_name";"option_name";"option_price";"1 giường lớn";"1 giường đôi";"1 giường đôi lớn";"1 giường đôi lớn / 1 giường đôi lớn";"1 giường đôi và 1 giường đôi lớn";"1 giường đơn";"1 giường đơn và 1 giường đôi";"15 m²";"16 m²";"17 m²";"2 giường lớn";"2 giường đôi";"2 giường đơn";"20 m²";"23 m²";"25 m²";"30 m²";"32 m²";"35 m²";"80 m²";"Ban công/sân hiên";"Bồn tắm/vòi sen riêng";"Cà phê hòa tan miễn phí";"Cửa sổ";"Cửa sổ mở";"Giường cực dài";"Hướng Ngoài trời";"Hướng Núi";"Hướng Thành phố";"Hướng Vườn";"Internet mạng LAN trong phòng [miễn phí]";"Không hút thuốc";"Máy sấy tóc";"Nước đóng chai miễn phí";"Phòng tắm chung";"Phòng tắm đứng";"Quạt";"Rèm che ánh sáng";"Rượu";"Truy cập Internet - không dây";"Trà miễn phí";"Tối đa 1 người lớn";"Tối đa 2 người lớn";"Tối đa 2 người lớn, 1 bé (0-5 tuổi) ở MIỄN PHÍ!";"Tối đa 3 người lớn";"Tối đa 3 người lớn, 1 bé (0-12 tuổi) ở MIỄN PHÍ!";"Tối đa 3 người lớn, 1 bé (0-17 tuổi) ở MIỄN PHÍ!";"Tối đa 4 người lớn";"Tủ lạnh";"Tủ lạnh nhỏ trong phòng";"Tủ quần áo";"Vòi sen";"Wi-Fi [miễn phí]";"bồn tắm lộ thiên";"phòng tắm riêng";"tầng cao";"Điều hòa";"Đồ dùng cho giấc ngủ thoải mái";"Đồ gỗ ngoài trời";"Ấm nước";"Ấm nước điện"
"255004";"Khách Sạn Mường Thanh Luxury Lạng Sơn (Muong Thanh Luxury Lang Son Hotel)";"68 Đường Ngô Quyền, Phường Vĩnh Trại, Lạng Sơn, Lạng Sơn, Việt Nam";"Phòng Deluxe 2 Giường Đơn (Deluxe Twin Bed)";"2 người lớn";"1.104.840";"0";"0";"0";"0";"0";"0";"0";"0";"0";"0";"0";"0";"1";"0";"0";"0";"0";"0";"1";"0";"0";"1";"0";"0";"0";"0";"0";"0";"1";"0";"0";"0";"1";"0";"0";"0";"0";"1";"1";"0";"0";"0";"1";"0";"0";"0";"0";"0";"0";"0";"0";"1";"1";"0";"1";"0";"1";"0";"0";"0";"1"
"255004";"Khách Sạn Mường Thanh Luxury Lạng Sơn (Muong Thanh Luxury Lang Son Hotel)";"68 Đường Ngô Quyền, Phường Vĩnh Trại, Lạng Sơn, Lạng Sơn, Việt Nam";"Phòng Deluxe 2 Giường Đơn (Deluxe Twin Bed)";"2 người lớn";"1.159.521";"0";"0";"0";"0";"0";"0";"0";"0";"0";"0";"0";"0";"1";"0";"0";"0";"0";"0";"1";"0";"0";"1";"0";"0";"0";"0";"0";"0";"1";"0";"0";"0";"1";"0";"0";"0";"0";"1";"1";"0";"0";"0";"1";"0";"0";"0";"0";"0";"0";"0";"0";"1";"1";"0";"1";"0";"1";"0";"0";"0";"1"
"255004";"Khách Sạn Mường Thanh Luxury Lạng Sơn (Muong Thanh Luxury Lang Son Hotel)";"68 Đường Ngô Quyền, Phường Vĩnh Trại, Lạng Sơn, Lạng Sơn, Việt Nam";"Phòng Deluxe 2 Giường Đơn (Deluxe Twin Bed)";"2 người lớn";"1.275.132";"0";"0";"0";"0";"0";"0";"0";"0";"0";"0";"0";"0";"1";"0";"0";"0";"0";"0";"1";"0";"0";"1";"0";"0";"0";"0";"0";"0";"1";"0";"0";"0";"1";"0";"0";"0";"0";"1";"1";"0";"0";"0";"1";"0";"0";"0";"0";"0";"0";"0";"0";"1";"1";"0";"1";"0";"1";"0";"0";"0";"1"
"255004";"Khách Sạn Mường Thanh Luxury Lạng Sơn (Muong Thanh Luxury Lang Son Hotel)";"68 Đường Ngô Quyền, Phường Vĩnh Trại, Lạng Sơn, Lạng Sơn, Việt Nam";"Phòng Deluxe Giường đôi (Deluxe Double Bed)";"2 người lớn";"1.104.840";"0";"1";"0";"0";"0";"0";"0";"0";"0";"0";"0";"0";"0";"0";"0";"0";"0";"0";"1";"0";"0";"1";"0";"0";"0";"0";"0";"0";"1";"0";"0";"0";"1";"0";"0";"0";"0";"1";"1";"0";"0";"0";"1";"0";"0";"0";"0";"0";"0";"0";"0";"1";"1";"0";"1";"0";"1";"0";"0";"0";"1"
"255004";"Khách Sạn Mường Thanh Luxury Lạng Sơn (Muong Thanh Luxury Lang Son Hotel)";"68 Đường Ngô Quyền, Phường Vĩnh Trại, Lạng Sơn, Lạng Sơn, Việt Nam";"Phòng Deluxe Giường đôi (Deluxe Double Bed)";"2 người lớn";"1.159.521";"0";"1";"0";"0";"0";"0";"0";"0";"0";"0";"0";"0";"0";"0";"0";"0";"0";"0";"1";"0";"0";"1";"0";"0";"0";"0";"0";"0";"1";"0";"0";"0";"1";"0";"0";"0";"0";"1";"1";"0";"0";"0";"1";"0";"0";"0";"0";"0";"0";"0";"0";"1";"1";"0";"1";"0";"1";"0";"0";"0";"1"
"255004";"Khách Sạn Mường Thanh Luxury Lạng Sơn (Muong Thanh Luxury Lang Son Hotel)";"68 Đường Ngô Quyền, Phường Vĩnh Trại, Lạng Sơn, Lạng Sơn, Việt Nam";"Phòng Deluxe Giường đôi (Deluxe Double Bed)";"2 người lớn";"1.275.132";"0";"1";"0";"0";"0";"0";"0";"0";"0";"0";"0";"0";"0";"0";"0";"0";"0";"0";"1";"0";"0";"1";"0";"0";"0";"0";"0";"0";"1";"0";"0";"0";"1";"0";"0";"0";"0";"1";"1";"0";"0";"0";"1";"0";"0";"0";"0";"0";"0";"0";"0";"1";"1";"0";"1";"0";"1";"0";"0";"0";"1"
"5663879";"Four Points by Sheraton Lạng Sơn (Four Points by Sheraton Lang Son)";"2 Trần Hưng Đạo, Lạng Sơn, Lạng Sơn, Việt Nam, 240000";"Deluxe Twin City View, Guest room, 2 Twin, City view (Deluxe Twin City View, Guest Room, 2 Twin, City View)";"2 người lớn";"980.000";"0";"0";"0";"0";"0";"0";"0";"0";"0";"0";"0";"0";"1";"0";"0";"0";"0";"0";"1";"0";"1";"1";"0";"0";"0";"0";"0";"0";"1";"0";"0";"0";"1";"0";"0";"0";"0";"0";"0";"0";"1";"0";"0";"0";"1";"0";"0";"0";"0";"1";"0";"1";"0";"0";"1";"0";"1";"0";"0";"0";"1"
"5663879";"Four Points by Sheraton Lạng Sơn (Four Points by Sheraton Lang Son)";"2 Trần Hưng Đạo, Lạng Sơn, Lạng Sơn, Việt Nam, 240000";"Deluxe Twin City View, Guest room, 2 Twin, City view (Deluxe Twin City View, Guest Room, 2 Twin, City View)";"2 người lớn";"980.000";"0";"0";"0";"0";"0";"0";"0";"0";"0";"0";"0";"0";"1";"0";"0";"0";"0";"0";"1";"0";"1";"1";"0";"0";"0";"0";"0";"0";"1";"0";"0";"0";"1";"0";"0";"0";"0";"0";"0";"0";"1";"0";"0";"0";"1";"0";"0";"0";"0";"1";"0";"1";"0";"0";"1";"0";"1";"0";"0";"0";"1"
"5663879";"Four Points by Sheraton Lạng Sơn (Four Points by Sheraton Lang Son)";"2 Trần Hưng Đạo, Lạng Sơn, Lạng Sơn, Việt Nam, 240000";"Deluxe Twin City View, Guest room, 2 Twin, City view (Deluxe Twin City View, Guest Room, 2 Twin, City View)";"2 người lớn";"1.280.000";"0";"0";"0";"0";"0";"0";"0";"0";"0";"0";"0";"0";"1";"0";"0";"0";"0";"0";"1";"0";"1";"1";"0";"0";"0";"0";"0";"0";"1";"0";"0";"0";"1";"0";"0";"0";"0";"0";"0";"0";"1";"0";"0";"0";"1";"0";"0";"0";"0";"1";"0";"1";"0";"0";"1";"0";"1";"0";"0";"0";"1"
"5663879";"Four Points by Sheraton Lạng Sơn (Four Points by Sheraton Lang Son)";"2 Trần Hưng Đạo, Lạng Sơn, Lạng Sơn, Việt Nam, 240000";"Deluxe Twin City View, Guest room, 2 Twin, City view (Deluxe Twin City View, Guest Room, 2 Twin, City View)";"3 người lớn";"1.780.000";"0";"0";"0";"0";"0";"0";"0";"0";"0";"0";"0";"0";"1";"0";"0";"0";"0";"0";"1";"0";"1";"1";"0";"0";"0";"0";"0";"0";"1";"0";"0";"0";"1";"0";"0";"0";"0";"0";"0";"0";"1";"0";"0";"0";"1";"0";"0";"0";"0";"1";"0";"1";"0";"0";"1";"0";"1";"0";"0";"0";"1"
"5663879";"Four Points by Sheraton Lạng Sơn (Four Points by Sheraton Lang Son)";"2 Trần Hưng Đạo, Lạng Sơn, Lạng Sơn, Việt Nam, 240000";"Deluxe Twin City View, Guest room, 2 Twin, City view (Deluxe Twin City View, Guest Room, 2 Twin, City View)";"3 người lớn";"2.080.000";"0";"0";"0";"0";"0";"0";"0";"0";"0";"0";"0";"0";"1";"0";"0";"0";"0";"0";"1";"0";"1";"1";"0";"0";"0";"0";"0";"0";"1";"0";"0";"0";"1";"0";"0";"0";"0";"0";"0";"0";"1";"0";"0";"0";"1";"0";"0";"0";"0";"1";"0";"1";"0";"0";"1";"0";"1";"0";"0";"0";"1"
"5663879";"Four Points by Sheraton Lạng Sơn (Four Points by Sheraton Lang Son)";"2 Trần Hưng Đạo, Lạng Sơn, Lạng Sơn, Việt Nam, 240000";"Phòng Deluxe, 1 Giường Cỡ King, Nhìn Ra Thành Phố (Deluxe King City View, Guest room, 1 King, City view)";"2 người lớn";"980.000";"1";"0";"0";"0";"0";"0";"0";"0";"0";"0";"0";"0";"0";"0";"0";"0";"0";"0";"1";"0";"1";"1";"0";"0";"0";"0";"0";"0";"1";"0";"0";"0";"1";"0";"0";"0";"0";"0";"0";"0";"1";"0";"0";"0";"1";"0";"0";"0";"0";"1";"0";"1";"0";"0";"1";"0";"1";"0";"0";"0";"1"
"5663879";"Four Points by Sheraton Lạng Sơn (Four Points by Sheraton Lang Son)";"2 Trần Hưng Đạo, Lạng Sơn, Lạng Sơn, Việt Nam, 240000";"Phòng Deluxe, 1 Giường Cỡ King, Nhìn Ra Thành Phố (Deluxe King City View, Guest room, 1 King, City view)";"2 người lớn";"980.000";"1";"0";"0";"0";"0";"0";"0";"0";"0";"0";"0";"0";"0";"0";"0";"0";"0";"0";"1";"0";"1";"1";"0";"0";"0";"0";"0";"0";"1";"0";"0";"0";"1";"0";"0";"0";"0";"0";"0";"0";"1";"0";"0";"0";"1";"0";"0";"0";"0";"1";"0";"1";"0";"0";"1";"0";"1";"0";"0";"0";"1"
"5663879";"Four Points by Sheraton Lạng Sơn (Four Points by Sheraton Lang Son)";"2 Trần Hưng Đạo, Lạng Sơn, Lạng Sơn, Việt Nam, 240000";"Phòng Deluxe, 1 Giường Cỡ King, Nhìn Ra Thành Phố (Deluxe King City View, Guest room, 1 King, City view)";"2 người lớn";"1.280.000";"1";"0";"0";"0";"0";"0";"0";"0";"0";"0";"0";"0";"0";"0";"0";"0";"0";"0";"1";"0";"1";"1";"0";"0";"0";"0";"0";"0";"1";"0";"0";"0";"1";"0";"0";"0";"0";"0";"0";"0";"1";"0";"0";"0";"1";"0";"0";"0";"0";"1";"0";"1";"0";"0";"1";"0";"1";"0";"0";"0";"1"
"5663879";"Four Points by Sheraton Lạng Sơn (Four Points by Sheraton Lang Son)";"2 Trần Hưng Đạo, Lạng Sơn, Lạng Sơn, Việt Nam, 240000";"Phòng Deluxe, 1 Giường Cỡ King, Nhìn Ra Thành Phố (Deluxe King City View, Guest room, 1 King, City view)";"3 người lớn";"1.780.000";"1";"0";"0";"0";"0";"0";"0";"0";"0";"0";"0";"0";"0";"0";"0";"0";"0";"0";"1";"0";"1";"1";"0";"0";"0";"0";"0";"0";"1";"0";"0";"0";"1";"0";"0";"0";"0";"0";"0";"0";"1";"0";"0";"0";"1";"0";"0";"0";"0";"1";"0";"1";"0";"0";"1";"0";"1";"0";"0";"0";"1"
"5663879";"Four Points by Sheraton Lạng Sơn (Four Points by Sheraton Lang Son)";"2 Trần Hưng Đạo, Lạng Sơn, Lạng Sơn, Việt Nam, 240000";"Phòng Deluxe, 1 Giường Cỡ King, Nhìn Ra Thành Phố (Deluxe King City View, Guest room, 1 King, City view)";"3 người lớn";"2.080.000";"1";"0";"0";"0";"0";"0";"0";"0";"0";"0";"0";"0";"0";"0";"0";"0";"0";"0";"1";"0";"1";"1";"0";"0";"0";"0";"0";"0";"1";"0";"0";"0";"1";"0";"0";"0";"0";"0";"0";"0";"1";"0";"0";"0";"1";"0";"0";"0";"0";"1";"0";"1";"0";"0";"1";"0";"1";"0";"0";"0";"1"
"63692630";"Khách sạn Imperial Lạng Sơn (IMPERIAL HOTEL LẠNG SƠN)";"69 Ly Thuong Kiet, Vinh Trai ward, Lang Son city, Lang Son Province Province, Lạng Sơn, Lạng Sơn, Việt Nam, 2500";"Phòng Cao Cấp Giường Đôi - Không Có Cảnh (Superior Double - No View)";"2 người lớn";"707.507";"0";"0";"0";"1";"0";"0";"0";"0";"0";"0";"0";"0";"0";"0";"1";"0";"0";"0";"0";"0";"1";"0";"1";"0";"0";"0";"0";"0";"0";"0";"0";"0";"1";"0";"0";"1";"0";"1";"0";"1";"0";"0";"1";"0";"0";"0";"0";"0";"1";"0";"0";"0";"0";"0";"1";"0";"1";"0";"0";"1";"0"
"63692630";"Khách sạn Imperial Lạng Sơn (IMPERIAL HOTEL LẠNG SƠN)";"69 Ly Thuong Kiet, Vinh Trai ward, Lang Son city, Lang Son Province Province, Lạng Sơn, Lạng Sơn, Việt Nam, 2500";"Superior 2 giường (Superior Twin)";"2 người lớn";"707.507";"0";"0";"0";"0";"0";"0";"0";"0";"0";"0";"0";"0";"1";"0";"1";"0";"0";"0";"0";"0";"0";"1";"1";"0";"0";"0";"0";"0";"1";"0";"0";"0";"1";"0";"0";"1";"0";"1";"0";"0";"0";"0";"1";"0";"0";"0";"0";"0";"0";"1";"0";"0";"1";"1";"0";"0";"1";"0";"0";"0";"0"
"35076446";"Nhà Nghỉ Xuân Mai (Nha Nghi Xuan Mai)";"Lạng sơn Tổ 4 khối 10 thị trấn cao lộc, TP Lạng Sơn, Lạng Sơn, Lạng Sơn, Việt Nam";"Phòng Đôi Loại Sang (Deluxe Double Room)";"2 người lớn";"259.259";"0";"1";"0";"0";"0";"0";"0";"0";"0";"0";"0";"0";"0";"0";"0";"0";"0";"1";"0";"0";"0";"0";"0";"0";"0";"1";"0";"0";"0";"1";"0";"0";"1";"1";"0";"0";"0";"0";"0";"0";"0";"0";"1";"0";"0";"0";"0";"0";"1";"0";"0";"1";"0";"0";"1";"0";"0";"1";"1";"0";"1"
"35076446";"Nhà Nghỉ Xuân Mai (Nha Nghi Xuan Mai)";"Lạng sơn Tổ 4 khối 10 thị trấn cao lộc, TP Lạng Sơn, Lạng Sơn, Lạng Sơn, Việt Nam";"Phòng Deluxe (2 Người lớn + 1 Trẻ em) (Deluxe Room (2 Adults + 1 Child))";"2 người lớn";"259.259";"0";"1";"0";"0";"0";"0";"0";"0";"0";"0";"0";"0";"0";"0";"0";"0";"0";"1";"0";"0";"0";"0";"0";"0";"0";"1";"0";"0";"0";"1";"0";"0";"1";"1";"0";"0";"0";"0";"0";"0";"0";"0";"1";"0";"0";"0";"0";"0";"1";"0";"0";"1";"0";"0";"1";"0";"0";"1";"1";"0";"1"
"35076446";"Nhà Nghỉ Xuân Mai (Nha Nghi Xuan Mai)";"Lạng sơn Tổ 4 khối 10 thị trấn cao lộc, TP Lạng Sơn, Lạng Sơn, Lạng Sơn, Việt Nam";"Phòng Deluxe (2 Người lớn + 1 Trẻ em) (Deluxe Room (2 Adults + 1 Child))";"1 người lớn Vượt quá sức chứa phòng";"233.333";"0";"1";"0";"0";"0";"0";"0";"0";"0";"0";"0";"0";"0";"0";"0";"0";"0";"1";"0";"0";"0";"0";"0";"0";"0";"1";"0";"0";"0";"1";"0";"0";"1";"1";"0";"0";"0";"0";"0";"0";"0";"0";"1";"0";"0";"0";"0";"0";"1";"0";"0";"1";"0";"0";"1";"0";"0";"1";"1";"0";"1"
"35076446";"Nhà Nghỉ Xuân Mai (Nha Nghi Xuan Mai)";"Lạng sơn Tổ 4 khối 10 thị trấn cao lộc, TP Lạng Sơn, Lạng Sơn, Lạng Sơn, Việt Nam";"Phòng Có 2 Giường Cỡ Queen (Queen Room with Two Queen Beds)";"3 người lớn & 1 trẻ em (0-17 tuổi)";"375.000";"0";"0";"0";"0";"0";"0";"0";"0";"0";"0";"0";"1";"0";"0";"0";"0";"0";"1";"0";"0";"0";"0";"0";"0";"0";"1";"0";"0";"0";"1";"0";"0";"1";"1";"0";"0";"0";"0";"0";"0";"0";"0";"0";"0";"0";"0";"1";"0";"1";"0";"0";"1";"0";"0";"1";"0";"0";"1";"1";"0";"1"
"31047489";"Tru by Hilton Trung tâm thành phố Lạng Sơn (Tru by Hilton Lang Son City Centre)";"297 Phai Ve Mai Pha Commune , Lạng Sơn, Lạng Sơn, Việt Nam, 240000";"Phòng 1 Giường Lớn (1 King Bed Room)";"2 người lớn";"872.565";"1";"0";"0";"0";"0";"0";"0";"0";"0";"1";"0";"0";"0";"0";"0";"0";"0";"0";"0";"0";"0";"0";"0";"0";"0";"0";"0";"0";"1";"0";"1";"1";"1";"0";"0";"0";"0";"1";"0";"0";"0";"0";"1";"0";"0";"0";"0";"0";"1";"0";"0";"1";"0";"0";"1";"0";"1";"0";"0";"0";"0"
"31047489";"Tru by Hilton Trung tâm thành phố Lạng Sơn (Tru by Hilton Lang Son City Centre)";"297 Phai Ve Mai Pha Commune , Lạng Sơn, Lạng Sơn, Việt Nam, 240000";"Phòng 1 Giường Lớn (1 King Bed Room)";"2 người lớn";"880.000";"1";"0";"0";"0";"0";"0";"0";"0";"0";"1";"0";"0";"0";"0";"0";"0";"0";"0";"0";"0";"0";"0";"0";"0";"0";"0";"0";"0";"1";"0";"1";"1";"1";"0";"0";"0";"0";"1";"0";"0";"0";"0";"1";"0";"0";"0";"0";"0";"1";"0";"0";"1";"0";"0";"1";"0";"1";"0";"0";"0";"0"
"31047489";"Tru by Hilton Trung tâm thành phố Lạng Sơn (Tru by Hilton Lang Son City Centre)";"297 Phai Ve Mai Pha Commune , Lạng Sơn, Lạng Sơn, Việt Nam, 240000";"1 KING ACCESSIBLE ROOM (1 King Accessible Room)";"2 người lớn";"872.565";"1";"0";"0";"0";"0";"0";"0";"1";"0";"0";"0";"0";"0";"0";"0";"0";"0";"0";"0";"0";"0";"0";"0";"0";"0";"0";"0";"0";"1";"0";"1";"1";"1";"0";"0";"0";"0";"1";"0";"0";"0";"0";"1";"0";"0";"0";"0";"0";"0";"0";"0";"1";"0";"0";"0";"0";"1";"0";"0";"0";"0"
"37633495";"Khách sạn Trà Linh (TRA LINH HOTEL)";"Ngã 3 Đồng Tân , Đồng Tân, Hữu Lũng, Lạng Sơn, Lạng Sơn, Việt Nam, 25000";"Deluxe Room";"2 người lớn";"545.828";"1";"0";"0";"0";"0";"0";"0";"0";"0";"0";"0";"0";"0";"0";"0";"0";"0";"0";"0";"0";"0";"0";"0";"0";"0";"0";"0";"0";"0";"0";"0";"0";"0";"0";"0";"0";"0";"0";"0";"0";"0";"0";"1";"0";"0";"0";"0";"0";"0";"0";"0";"0";"0";"0";"0";"0";"0";"0";"0";"0";"0"
"37633495";"Khách sạn Trà Linh (TRA LINH HOTEL)";"Ngã 3 Đồng Tân , Đồng Tân, Hữu Lũng, Lạng Sơn, Lạng Sơn, Việt Nam, 25000";"Phòng Hướng Thành Phố Hai Giường Đơn Cho Gia Đình (Family Twin City View)";"4 người lớn";"562.500";"0";"0";"0";"0";"0";"0";"0";"0";"0";"0";"1";"0";"0";"0";"0";"0";"0";"1";"0";"0";"1";"0";"1";"0";"0";"0";"0";"0";"0";"1";"0";"0";"1";"0";"1";"1";"0";"1";"0";"0";"0";"0";"0";"0";"0";"0";"0";"1";"1";"0";"0";"0";"1";"0";"0";"0";"0";"0";"0";"0";"1"
"25128090";"Khách sạn Triệu Ký Voòng Lạng Sơn (Trieu Ky Voong Hotel Lang Son)";"130 Ly Thuong Kiet, Hoang Van Thu Ward, Lạng Sơn, Lạng Sơn, Việt Nam";"Phòng Đôi Cao Cấp (Superior Double Room)";"2 người lớn";"303.862";"0";"0";"1";"0";"0";"0";"0";"0";"0";"0";"0";"0";"0";"0";"0";"1";"0";"0";"0";"0";"0";"0";"0";"0";"0";"0";"0";"0";"0";"0";"0";"0";"0";"0";"0";"0";"0";"0";"0";"0";"0";"0";"1";"0";"0";"0";"0";"0";"0";"0";"0";"0";"0";"0";"0";"0";"0";"0";"0";"0";"0"
"25128090";"Khách sạn Triệu Ký Voòng Lạng Sơn (Trieu Ky Voong Hotel Lang Son)";"130 Ly Thuong Kiet, Hoang Van Thu Ward, Lạng Sơn, Lạng Sơn, Việt Nam";"Phòng Superior giường Queen (Superior Queen Room)";"2 người lớn";"335.839";"0";"0";"1";"0";"0";"0";"0";"0";"0";"0";"0";"0";"0";"0";"0";"1";"0";"0";"0";"0";"1";"0";"1";"0";"0";"0";"0";"0";"0";"0";"0";"1";"1";"0";"0";"0";"0";"0";"0";"0";"0";"0";"1";"0";"0";"0";"0";"0";"0";"1";"1";"1";"0";"0";"1";"0";"1";"0";"0";"1";"0"
"25128090";"Khách sạn Triệu Ký Voòng Lạng Sơn (Trieu Ky Voong Hotel Lang Son)";"130 Ly Thuong Kiet, Hoang Van Thu Ward, Lạng Sơn, Lạng Sơn, Việt Nam";"Phòng Superior giường Queen (Superior Queen Room)";"2 người lớn";"462.222";"0";"0";"1";"0";"0";"0";"0";"0";"0";"0";"0";"0";"0";"0";"0";"1";"0";"0";"0";"0";"1";"0";"1";"0";"0";"0";"0";"0";"0";"0";"0";"1";"1";"0";"0";"0";"0";"0";"0";"0";"0";"0";"1";"0";"0";"0";"0";"0";"0";"1";"1";"1";"0";"0";"1";"0";"1";"0";"0";"1";"0"
"33589698";"Hava Homestay";"608b Ba Trieu street, Dong Kinh Ward, Lang Son City, Lang Son., Lạng Sơn, Lạng Sơn, Việt Nam, 25000";"Giường Tầng Trong Phòng Ngủ Tập Thể Cho Nam Và Nữ (Bunk Bed in Mixed Dormitory Room)";"2 người lớn";"176.367";"0";"1";"0";"0";"0";"0";"0";"0";"0";"0";"0";"0";"0";"0";"0";"0";"1";"0";"0";"0";"1";"0";"0";"1";"0";"1";"0";"1";"0";"0";"0";"0";"1";"0";"1";"1";"0";"1";"0";"0";"0";"0";"1";"0";"0";"0";"0";"0";"0";"0";"0";"0";"0";"0";"0";"0";"1";"0";"1";"0";"0"
"33589698";"Hava Homestay";"608b Ba Trieu street, Dong Kinh Ward, Lang Son City, Lang Son., Lạng Sơn, Lạng Sơn, Việt Nam, 25000";"Giường Tầng Trong Phòng Ngủ Tập Thể Cho Nam Và Nữ (Bunk Bed in Mixed Dormitory Room)";"2 người lớn";"246.914";"0";"1";"0";"0";"0";"0";"0";"0";"0";"0";"0";"0";"0";"0";"0";"0";"1";"0";"0";"0";"1";"0";"0";"1";"0";"1";"0";"1";"0";"0";"0";"0";"1";"0";"1";"1";"0";"1";"0";"0";"0";"0";"1";"0";"0";"0";"0";"0";"0";"0";"0";"0";"0";"0";"0";"0";"1";"0";"1";"0";"0"
"33589698";"Hava Homestay";"608b Ba Trieu street, Dong Kinh Ward, Lang Son City, Lang Son., Lạng Sơn, Lạng Sơn, Việt Nam, 25000";"Giường Tầng Trong Phòng Ngủ Tập Thể Cho Nam Và Nữ (Bunk Bed in Mixed Dormitory Room)";"1 người lớn Vượt quá sức chứa phòng";"141.093";"0";"1";"0";"0";"0";"0";"0";"0";"0";"0";"0";"0";"0";"0";"0";"0";"1";"0";"0";"0";"1";"0";"0";"1";"0";"1";"0";"1";"0";"0";"0";"0";"1";"0";"1";"1";"0";"1";"0";"0";"0";"0";"1";"0";"0";"0";"0";"0";"0";"0";"0";"0";"0";"0";"0";"0";"1";"0";"1";"0";"0"
"70215627";"Hava House";"7D Ngõ 123 Lê Lợi, Vĩnh Trại, Thành phố Lạng Sơn, Việt Nam 5, Lạng Sơn, Lạng Sơn, Việt Nam";"Phòng Giường Đôi Có Phòng Tắm Riêng (Double Room with Private Bathroom)";"2 người lớn";"324.074";"0";"0";"1";"0";"0";"0";"0";"0";"0";"0";"0";"0";"0";"0";"0";"1";"0";"0";"0";"0";"0";"0";"0";"0";"0";"0";"1";"0";"0";"0";"0";"0";"1";"0";"0";"0";"0";"0";"0";"0";"0";"0";"1";"0";"0";"0";"0";"0";"0";"0";"1";"1";"0";"0";"1";"0";"1";"0";"0";"0";"1"
"70215627";"Hava House";"7D Ngõ 123 Lê Lợi, Vĩnh Trại, Thành phố Lạng Sơn, Việt Nam 5, Lạng Sơn, Lạng Sơn, Việt Nam";"Phòng Giường Đôi Có Phòng Tắm Riêng (Double Room with Private Bathroom)";"2 người lớn";"351.852";"0";"0";"1";"0";"0";"0";"0";"0";"0";"0";"0";"0";"0";"0";"0";"1";"0";"0";"0";"0";"0";"0";"0";"0";"0";"0";"1";"0";"0";"0";"0";"0";"1";"0";"0";"0";"0";"0";"0";"0";"0";"0";"1";"0";"0";"0";"0";"0";"0";"0";"1";"1";"0";"0";"1";"0";"1";"0";"0";"0";"1"
"70215627";"Hava House";"7D Ngõ 123 Lê Lợi, Vĩnh Trại, Thành phố Lạng Sơn, Việt Nam 5, Lạng Sơn, Lạng Sơn, Việt Nam";"Phòng Giường Đôi Có Phòng Tắm Riêng (Double Room with Private Bathroom)";"1 người lớn Vượt quá sức chứa phòng";"337.778";"0";"0";"1";"0";"0";"0";"0";"0";"0";"0";"0";"0";"0";"0";"0";"1";"0";"0";"0";"0";"0";"0";"0";"0";"0";"0";"1";"0";"0";"0";"0";"0";"1";"0";"0";"0";"0";"0";"0";"0";"0";"0";"1";"0";"0";"0";"0";"0";"0";"0";"1";"1";"0";"0";"1";"0";"1";"0";"0";"0";"1"
"70215627";"Hava House";"7D Ngõ 123 Lê Lợi, Vĩnh Trại, Thành phố Lạng Sơn, Việt Nam 5, Lạng Sơn, Lạng Sơn, Việt Nam";"Phòng Giường Đôi/2 Giường Đơn Có Phòng Tắm Riêng (Double or Twin Room with Private Bathroom)";"2 người lớn";"416.667";"0";"0";"0";"0";"1";"0";"0";"0";"0";"0";"0";"0";"0";"0";"0";"0";"1";"0";"0";"0";"0";"0";"0";"0";"0";"0";"1";"0";"0";"0";"0";"0";"1";"0";"0";"0";"0";"0";"0";"0";"0";"0";"0";"0";"1";"0";"0";"0";"0";"0";"1";"1";"0";"0";"1";"0";"1";"0";"0";"0";"1"
"70215627";"Hava House";"7D Ngõ 123 Lê Lợi, Vĩnh Trại, Thành phố Lạng Sơn, Việt Nam 5, Lạng Sơn, Lạng Sơn, Việt Nam";"Phòng Giường Đôi/2 Giường Đơn Có Phòng Tắm Riêng (Double or Twin Room with Private Bathroom)";"3 người lớn";"462.963";"0";"0";"0";"0";"1";"0";"0";"0";"0";"0";"0";"0";"0";"0";"0";"0";"1";"0";"0";"0";"0";"0";"0";"0";"0";"0";"1";"0";"0";"0";"0";"0";"1";"0";"0";"0";"0";"0";"0";"0";"0";"0";"0";"0";"1";"0";"0";"0";"0";"0";"1";"1";"0";"0";"1";"0";"1";"0";"0";"0";"1"
"70215627";"Hava House";"7D Ngõ 123 Lê Lợi, Vĩnh Trại, Thành phố Lạng Sơn, Việt Nam 5, Lạng Sơn, Lạng Sơn, Việt Nam";"Phòng Giường Đôi/2 Giường Đơn Có Phòng Tắm Riêng (Double or Twin Room with Private Bathroom)";"1 người lớn Vượt quá sức chứa phòng";"398.148";"0";"0";"0";"0";"1";"0";"0";"0";"0";"0";"0";"0";"0";"0";"0";"0";"1";"0";"0";"0";"0";"0";"0";"0";"0";"0";"1";"0";"0";"0";"0";"0";"1";"0";"0";"0";"0";"0";"0";"0";"0";"0";"0";"0";"1";"0";"0";"0";"0";"0";"1";"1";"0";"0";"1";"0";"1";"0";"0";"0";"1"
"50210184";"ANH TU Hotel";"95 Lý Thường Kiệt, Lạng Sơn, Lạng Sơn, Việt Nam";"Phòng Đôi Loại Sang (Deluxe Double Room)";"2 người lớn";"500.000";"0";"0";"0";"0";"0";"1";"0";"0";"1";"0";"0";"0";"0";"0";"0";"0";"0";"0";"0";"0";"1";"0";"0";"0";"0";"0";"1";"0";"0";"0";"0";"0";"1";"0";"0";"0";"0";"0";"0";"0";"0";"0";"1";"0";"0";"0";"0";"0";"0";"0";"1";"1";"0";"0";"1";"0";"1";"0";"0";"0";"0"
"77421203";"Duong Dinh Hanh homestay (Duong Dinh Hanh Homestay Lang Son)";"Th n T n Sơn, X Bắc Sơn, Tỉnh Lạng Sơn , Lạng Sơn, Lạng Sơn, Việt Nam, 25000";"Phòng Đôi (Double Room)";"2 người lớn & 1 trẻ em (0-5 tuổi)";"169.261";"0";"0";"1";"0";"0";"0";"0";"0";"1";"0";"0";"0";"0";"0";"0";"0";"0";"0";"0";"0";"0";"0";"0";"1";"0";"0";"0";"0";"0";"0";"0";"1";"1";"1";"0";"1";"1";"0";"0";"0";"0";"0";"0";"1";"0";"0";"0";"0";"0";"0";"0";"0";"1";"0";"1";"0";"0";"0";"0";"1";"0"
"77421203";"Duong Dinh Hanh homestay (Duong Dinh Hanh Homestay Lang Son)";"Th n T n Sơn, X Bắc Sơn, Tỉnh Lạng Sơn , Lạng Sơn, Lạng Sơn, Việt Nam, 25000";"Giường Đơn Trong Phòng Nghỉ Tập Thể Cho Cả Nam Và Nữ (Single Bed in Mixed Dormitory Room)";"1 người lớn Vượt quá sức chứa phòng";"73.574";"0";"0";"0";"0";"0";"1";"0";"0";"0";"0";"0";"0";"0";"0";"0";"0";"0";"0";"0";"1";"0";"0";"0";"1";"0";"0";"0";"0";"0";"0";"0";"1";"1";"1";"1";"1";"1";"0";"0";"0";"0";"1";"0";"0";"0";"0";"0";"0";"0";"0";"0";"0";"1";"0";"0";"0";"0";"0";"0";"1";"0"
"61046946";"Khách sạn Nhật Minh (NHẬT MINH HOTEL)";"50 L Thường Kiệt, Lạng Sơn, Lạng Sơn, Việt Nam, 25000";"Phòng Tiêu Chuẩn Giường Đôi (Standard Double Room)";"2 người lớn";"666.577";"1";"0";"0";"0";"0";"0";"0";"0";"0";"0";"0";"0";"0";"1";"0";"0";"0";"0";"0";"0";"0";"0";"0";"0";"0";"0";"0";"0";"0";"0";"0";"1";"0";"0";"0";"0";"0";"0";"0";"0";"0";"0";"1";"0";"0";"0";"0";"0";"0";"0";"0";"0";"0";"0";"0";"0";"0";"0";"0";"0";"0"
"61046946";"Khách sạn Nhật Minh (NHẬT MINH HOTEL)";"50 L Thường Kiệt, Lạng Sơn, Lạng Sơn, Việt Nam, 25000";"Phòng Gia Đình - 1 Giường Đơn Và 1 Giường Đôi Lớn (Family Room - 1 Single Bed and 1 Queen Bed)";"3 người lớn & 1 trẻ em (0-12 tuổi)";"692.952";"0";"0";"0";"0";"0";"0";"1";"0";"0";"0";"0";"0";"0";"0";"0";"0";"1";"0";"0";"0";"0";"0";"0";"0";"1";"0";"0";"1";"0";"0";"0";"0";"1";"0";"0";"1";"0";"0";"0";"0";"1";"0";"0";"0";"0";"1";"0";"0";"0";"1";"0";"0";"1";"0";"1";"1";"0";"1";"0";"0";"0"
"61046946";"Khách sạn Nhật Minh (NHẬT MINH HOTEL)";"50 L Thường Kiệt, Lạng Sơn, Lạng Sơn, Việt Nam, 25000";"Phòng Gia Đình - 1 Giường Đơn Và 1 Giường Đôi Lớn (Family Room - 1 Single Bed and 1 Queen Bed)";"3 người lớn";"740.741";"0";"0";"0";"0";"0";"0";"1";"0";"0";"0";"0";"0";"0";"0";"0";"0";"1";"0";"0";"0";"0";"0";"0";"0";"1";"0";"0";"1";"0";"0";"0";"0";"1";"0";"0";"1";"0";"0";"0";"0";"1";"0";"0";"0";"0";"1";"0";"0";"0";"1";"0";"0";"1";"0";"1";"1";"0";"1";"0";"0";"0"
"61046946";"Khách sạn Nhật Minh (NHẬT MINH HOTEL)";"50 L Thường Kiệt, Lạng Sơn, Lạng Sơn, Việt Nam, 25000";"Phòng Gia Đình Tiêu Chuẩn (Standard Family Room)";"4 người lớn";"1.018.519";"0";"0";"0";"0";"0";"0";"0";"0";"0";"0";"1";"0";"0";"0";"0";"0";"0";"0";"0";"0";"0";"0";"0";"0";"0";"0";"0";"0";"0";"0";"0";"0";"0";"0";"0";"0";"0";"0";"0";"0";"0";"0";"0";"0";"0";"0";"0";"1";"0";"0";"0";"0";"0";"0";"0";"0";"0";"0";"0";"0";"0"
