"hotel_id";"hotel_name";"hotel_address";"room_type_name";"option_name";"option_price";"1 giường lớn";"1 giường lớn / 1 giường lớn / 1 giường đôi lớn";"1 giường lớn / 1 giường đôi lớn / 1 giường đôi lớn";"1 giường đôi";"1 giường đôi / 1 giường đơn";"1 giường đôi lớn";"1 giường đôi lớn / 1 giường lớn / 1 giường sofa";"1 giường đôi lớn / 1 giường sofa";"1 giường đôi lớn / 1 giường đôi lớn / 1 giường đôi lớn";"1 giường đôi lớn hoặc 2 giường đơn";"1 giường đơn";"1 giường đơn và 1 giường đôi";"1 phòng tắm";"110 m²";"12 m²";"120 m²";"13 m²";"14 m²";"15 m²";"16 m²";"18 m²";"19 m²";"2 giường đôi";"2 giường đôi / 2 giường đôi";"2 giường đôi lớn";"2 giường đơn";"2 nệm futon";"2 phòng ngủ";"2 phòng tắm";"20 m²";"22 m²";"23 m²";"24 m²";"25 m²";"26 m²";"270 m²";"28 m²";"3 phòng ngủ";"3 phòng tắm";"30 m²";"31 m²";"33 m²";"4 phòng tắm";"43 m²";"50 m²";"60 m²";"66 m²";"80 m²";"Ban công/sân hiên";"Bồn tắm";"Bồn tắm tạo sóng";"Bồn tắm/vòi sen riêng";"Cho phép hút thuốc";"Cà phê hòa tan miễn phí";"Cửa sổ";"Cửa sổ có thể mở ra";"Cửa sổ mở";"Hành lang ngoài";"Hướng Không có cửa sổ";"Hướng Ngoài trời";"Hướng Sông";"Hướng Thiên nhiên";"Hướng Thành phố";"Hướng Vườn";"Hướng Đường phố";"Không hút thuốc";"Máy sấy tóc";"Nước đóng chai miễn phí";"Phòng tắm chung";"Phòng tắm đứng";"Phòng xông khô";"Rèm che ánh sáng";"Studio/1 phòng ngủ";"Truy cập Internet - không dây";"Trà miễn phí";"Trái cây/đồ ăn vặt";"Tối đa 2 người lớn";"Tối đa 2 người lớn, 1 bé (0-11 tuổi) ở MIỄN PHÍ!";"Tối đa 2 người lớn, 1 bé (0-12 tuổi) ở MIỄN PHÍ!";"Tối đa 2 người lớn, 1 bé (0-5 tuổi) ở MIỄN PHÍ!";"Tối đa 2 người lớn, 1 bé (0-6 tuổi) ở MIỄN PHÍ!";"Tối đa 3 người lớn";"Tối đa 3 người lớn, 1 bé (0-5 tuổi) ở MIỄN PHÍ!";"Tối đa 4 người lớn";"Tối đa 6 người lớn";"Tối đa 8 người lớn";"Tủ lạnh";"Tủ lạnh nhỏ trong phòng";"Tủ quần áo";"Vòi sen";"Wi-Fi [miễn phí]";"phòng tắm riêng";"tầng thượng";"tầng trệt";"Điều hòa";"Điều hòa cá nhân";"Được vào phòng chờ Thương Gia";"Đồ dùng cho giấc ngủ thoải mái";"Đồ gỗ ngoài trời";"Đồ uống mời khách miễn phí";"Ấm nước";"Ấm nước điện"
"61615461";"Khách sạn Central Plaza - Mỹ Tho (CENTRAL PLAZA HOTEL - MY THO)";"15b - 19 Ba Mươi Th ng Tư, Mỹ Tho, Mỹ Tho (Tiền Giang), Việt Nam, 8600000";"Phòng Hai Giường Đơn Cao Cấp Hướng Thành Phố (Superior Twin Room with City View)";"2 người lớn";"1.235.626";"0";"0";"0";"0";"0";"0";"0";"0";"0";"0";"0";"0";"0";"0";"0";"0";"0";"0";"0";"0";"0";"0";"0";"0";"0";"1";"0";"0";"0";"0";"0";"0";"0";"0";"1";"0";"0";"0";"0";"0";"0";"0";"0";"0";"0";"0";"0";"0";"0";"0";"0";"0";"0";"1";"0";"0";"0";"0";"0";"0";"0";"0";"1";"0";"0";"0";"1";"0";"0";"1";"0";"1";"0";"0";"0";"1";"1";"0";"0";"0";"0";"0";"0";"0";"0";"0";"1";"0";"0";"0";"1";"1";"0";"0";"0";"0";"0";"0";"0";"0";"1";"0"
"61615461";"Khách sạn Central Plaza - Mỹ Tho (CENTRAL PLAZA HOTEL - MY THO)";"15b - 19 Ba Mươi Th ng Tư, Mỹ Tho, Mỹ Tho (Tiền Giang), Việt Nam, 8600000";"Phòng Hai Giường Đơn Cao Cấp Hướng Thành Phố (Superior Twin Room with City View)";"2 người lớn";"1.343.598";"0";"0";"0";"0";"0";"0";"0";"0";"0";"0";"0";"0";"0";"0";"0";"0";"0";"0";"0";"0";"0";"0";"0";"0";"0";"1";"0";"0";"0";"0";"0";"0";"0";"0";"1";"0";"0";"0";"0";"0";"0";"0";"0";"0";"0";"0";"0";"0";"0";"0";"0";"0";"0";"1";"0";"0";"0";"0";"0";"0";"0";"0";"1";"0";"0";"0";"1";"0";"0";"1";"0";"1";"0";"0";"0";"1";"1";"0";"0";"0";"0";"0";"0";"0";"0";"0";"1";"0";"0";"0";"1";"1";"0";"0";"0";"0";"0";"0";"0";"0";"1";"0"
"61615461";"Khách sạn Central Plaza - Mỹ Tho (CENTRAL PLAZA HOTEL - MY THO)";"15b - 19 Ba Mươi Th ng Tư, Mỹ Tho, Mỹ Tho (Tiền Giang), Việt Nam, 8600000";"Phòng Hai Giường Đơn Cao Cấp Hướng Thành Phố (Superior Twin Room with City View)";"2 người lớn";"1.464.505";"0";"0";"0";"0";"0";"0";"0";"0";"0";"0";"0";"0";"0";"0";"0";"0";"0";"0";"0";"0";"0";"0";"0";"0";"0";"1";"0";"0";"0";"0";"0";"0";"0";"0";"1";"0";"0";"0";"0";"0";"0";"0";"0";"0";"0";"0";"0";"0";"0";"0";"0";"0";"0";"1";"0";"0";"0";"0";"0";"0";"0";"0";"1";"0";"0";"0";"1";"0";"0";"1";"0";"1";"0";"0";"0";"1";"1";"0";"0";"0";"0";"0";"0";"0";"0";"0";"1";"0";"0";"0";"1";"1";"0";"0";"0";"0";"0";"0";"0";"0";"1";"0"
"61615461";"Khách sạn Central Plaza - Mỹ Tho (CENTRAL PLAZA HOTEL - MY THO)";"15b - 19 Ba Mươi Th ng Tư, Mỹ Tho, Mỹ Tho (Tiền Giang), Việt Nam, 8600000";"Phòng Superior Giường Đôi Nhìn Ra Thành Phố (Superior Double Room with City View)";"2 người lớn";"1.303.609";"0";"0";"0";"0";"0";"1";"0";"0";"0";"0";"0";"0";"0";"0";"0";"0";"0";"0";"0";"0";"0";"0";"0";"0";"0";"0";"0";"0";"0";"0";"0";"0";"0";"0";"1";"0";"0";"0";"0";"0";"0";"0";"0";"0";"0";"0";"0";"0";"0";"0";"0";"0";"0";"1";"0";"0";"0";"0";"0";"0";"0";"0";"1";"0";"0";"0";"1";"0";"0";"1";"0";"1";"0";"0";"0";"1";"1";"0";"0";"0";"0";"0";"0";"0";"0";"0";"1";"0";"0";"0";"1";"1";"0";"0";"0";"0";"0";"0";"0";"0";"1";"0"
"61615461";"Khách sạn Central Plaza - Mỹ Tho (CENTRAL PLAZA HOTEL - MY THO)";"15b - 19 Ba Mươi Th ng Tư, Mỹ Tho, Mỹ Tho (Tiền Giang), Việt Nam, 8600000";"Phòng Superior Giường Đôi Nhìn Ra Thành Phố (Superior Double Room with City View)";"2 người lớn";"1.344.176";"0";"0";"0";"0";"0";"1";"0";"0";"0";"0";"0";"0";"0";"0";"0";"0";"0";"0";"0";"0";"0";"0";"0";"0";"0";"0";"0";"0";"0";"0";"0";"0";"0";"0";"1";"0";"0";"0";"0";"0";"0";"0";"0";"0";"0";"0";"0";"0";"0";"0";"0";"0";"0";"1";"0";"0";"0";"0";"0";"0";"0";"0";"1";"0";"0";"0";"1";"0";"0";"1";"0";"1";"0";"0";"0";"1";"1";"0";"0";"0";"0";"0";"0";"0";"0";"0";"1";"0";"0";"0";"1";"1";"0";"0";"0";"0";"0";"0";"0";"0";"1";"0"
"61615461";"Khách sạn Central Plaza - Mỹ Tho (CENTRAL PLAZA HOTEL - MY THO)";"15b - 19 Ba Mươi Th ng Tư, Mỹ Tho, Mỹ Tho (Tiền Giang), Việt Nam, 8600000";"Phòng Superior Giường Đôi Nhìn Ra Thành Phố (Superior Double Room with City View)";"2 người lớn";"1.465.520";"0";"0";"0";"0";"0";"1";"0";"0";"0";"0";"0";"0";"0";"0";"0";"0";"0";"0";"0";"0";"0";"0";"0";"0";"0";"0";"0";"0";"0";"0";"0";"0";"0";"0";"1";"0";"0";"0";"0";"0";"0";"0";"0";"0";"0";"0";"0";"0";"0";"0";"0";"0";"0";"1";"0";"0";"0";"0";"0";"0";"0";"0";"1";"0";"0";"0";"1";"0";"0";"1";"0";"1";"0";"0";"0";"1";"1";"0";"0";"0";"0";"0";"0";"0";"0";"0";"1";"0";"0";"0";"1";"1";"0";"0";"0";"0";"0";"0";"0";"0";"1";"0"
"1160655";"Khách sạn Mekong Mỹ Tho (Mekong My Tho Hotel )";"1A Tết Mậu Thân, Phường 4, TP Mỹ Tho, Tiền Giang, Mỹ Tho, Mỹ Tho (Tiền Giang), Việt Nam";"Phòng Deluxe 2 Giường đơn (Deluxe Twin)";"2 người lớn";"895.047";"0";"0";"0";"0";"0";"0";"0";"0";"0";"0";"0";"0";"0";"0";"0";"0";"0";"0";"0";"0";"0";"0";"0";"0";"0";"1";"0";"0";"0";"0";"0";"0";"0";"0";"0";"0";"0";"0";"0";"0";"0";"0";"0";"1";"0";"0";"0";"0";"0";"0";"1";"0";"0";"0";"0";"0";"0";"0";"0";"0";"1";"0";"0";"0";"0";"0";"1";"1";"0";"0";"0";"1";"0";"0";"0";"0";"1";"0";"0";"0";"0";"0";"0";"0";"0";"0";"1";"1";"0";"1";"1";"0";"0";"0";"1";"0";"0";"0";"0";"0";"0";"0"
"1160655";"Khách sạn Mekong Mỹ Tho (Mekong My Tho Hotel )";"1A Tết Mậu Thân, Phường 4, TP Mỹ Tho, Tiền Giang, Mỹ Tho, Mỹ Tho (Tiền Giang), Việt Nam";"Deluxe giường đôi (Deluxe Double)";"2 người lớn";"895.047";"1";"0";"0";"0";"0";"0";"0";"0";"0";"0";"0";"0";"0";"0";"0";"0";"0";"0";"0";"0";"0";"0";"0";"0";"0";"0";"0";"0";"0";"0";"0";"0";"0";"0";"0";"0";"0";"0";"0";"0";"0";"0";"0";"1";"0";"0";"0";"0";"0";"0";"1";"0";"0";"0";"0";"0";"0";"0";"0";"0";"1";"0";"0";"0";"0";"0";"1";"1";"0";"0";"0";"1";"0";"0";"0";"0";"1";"0";"0";"0";"0";"0";"0";"0";"0";"0";"1";"1";"0";"1";"1";"0";"0";"0";"1";"0";"0";"0";"0";"0";"0";"0"
"70922994";"Khách sạn Bamboo Riverside Boutique (Bamboo Riverside Boutique Hotel)";"567 Tan An Thượng , Tân Thạch, Bến Tre, Việt Nam, 86000";"Superior giường King Hướng phố (Superior King City View)";"2 người lớn";"793.575";"1";"0";"0";"0";"0";"0";"0";"0";"0";"0";"0";"0";"0";"0";"0";"0";"0";"0";"0";"0";"0";"0";"0";"0";"0";"0";"0";"0";"0";"0";"1";"0";"0";"0";"0";"0";"0";"0";"0";"0";"0";"0";"0";"0";"0";"0";"0";"0";"0";"0";"0";"0";"0";"1";"1";"0";"0";"0";"0";"0";"0";"0";"1";"0";"0";"0";"1";"0";"0";"1";"0";"0";"0";"0";"0";"0";"1";"0";"0";"0";"0";"0";"0";"0";"0";"0";"1";"1";"0";"0";"1";"1";"0";"0";"0";"0";"0";"0";"0";"0";"1";"0"
"70922994";"Khách sạn Bamboo Riverside Boutique (Bamboo Riverside Boutique Hotel)";"567 Tan An Thượng , Tân Thạch, Bến Tre, Việt Nam, 86000";"Superior giường King Hướng phố (Superior King City View)";"2 người lớn & 1 trẻ em (1-6 tuổi)";"925.926";"1";"0";"0";"0";"0";"0";"0";"0";"0";"0";"0";"0";"0";"0";"0";"0";"0";"0";"0";"0";"0";"0";"0";"0";"0";"0";"0";"0";"0";"0";"1";"0";"0";"0";"0";"0";"0";"0";"0";"0";"0";"0";"0";"0";"0";"0";"0";"0";"0";"0";"0";"0";"0";"1";"1";"0";"0";"0";"0";"0";"0";"0";"1";"0";"0";"0";"1";"0";"0";"1";"0";"0";"0";"0";"0";"0";"1";"0";"0";"0";"0";"0";"0";"0";"0";"0";"1";"1";"0";"0";"1";"1";"0";"0";"0";"0";"0";"0";"0";"0";"1";"0"
"70922994";"Khách sạn Bamboo Riverside Boutique (Bamboo Riverside Boutique Hotel)";"567 Tan An Thượng , Tân Thạch, Bến Tre, Việt Nam, 86000";"Phòng Lớn Loại Sang Hướng Sông Giường Lớn (Grand Deluxe King River View)";"2 người lớn";"1.190.346";"1";"0";"0";"0";"0";"0";"0";"0";"0";"0";"0";"0";"0";"0";"0";"0";"0";"0";"0";"0";"0";"0";"0";"0";"0";"0";"0";"0";"0";"0";"0";"0";"0";"0";"0";"0";"0";"0";"0";"0";"0";"1";"0";"0";"0";"0";"0";"0";"0";"1";"0";"0";"0";"1";"0";"0";"0";"0";"0";"0";"1";"0";"0";"0";"0";"0";"1";"0";"0";"0";"0";"0";"0";"0";"0";"0";"1";"0";"0";"0";"0";"0";"0";"0";"0";"0";"0";"1";"0";"1";"1";"1";"0";"0";"1";"0";"0";"0";"0";"0";"0";"1"
"70922994";"Khách sạn Bamboo Riverside Boutique (Bamboo Riverside Boutique Hotel)";"567 Tan An Thượng , Tân Thạch, Bến Tre, Việt Nam, 86000";"Phòng Lớn Loại Sang Hướng Sông Giường Lớn (Grand Deluxe King River View)";"2 người lớn & 1 trẻ em (1-6 tuổi)";"1.388.889";"1";"0";"0";"0";"0";"0";"0";"0";"0";"0";"0";"0";"0";"0";"0";"0";"0";"0";"0";"0";"0";"0";"0";"0";"0";"0";"0";"0";"0";"0";"0";"0";"0";"0";"0";"0";"0";"0";"0";"0";"0";"1";"0";"0";"0";"0";"0";"0";"0";"1";"0";"0";"0";"1";"0";"0";"0";"0";"0";"0";"1";"0";"0";"0";"0";"0";"1";"0";"0";"0";"0";"0";"0";"0";"0";"0";"1";"0";"0";"0";"0";"0";"0";"0";"0";"0";"0";"1";"0";"1";"1";"1";"0";"0";"1";"0";"0";"0";"0";"0";"0";"1"
"298371";"Khách sạn Sông Tiền Annex (Song Tien Annex Hotel)";"33 Thiên Hộ Dương, Mỹ Tho, Mỹ Tho (Tiền Giang), Việt Nam";"Superior Double with Balcony";"2 người lớn & 1 trẻ em (0-11 tuổi)";"429.773";"0";"0";"0";"1";"0";"0";"0";"0";"0";"0";"0";"0";"0";"0";"0";"0";"0";"0";"0";"0";"0";"0";"0";"0";"0";"0";"0";"0";"0";"0";"0";"0";"0";"1";"0";"0";"0";"0";"0";"0";"0";"0";"0";"0";"0";"0";"0";"0";"0";"1";"0";"0";"0";"0";"0";"0";"0";"0";"0";"0";"1";"0";"0";"0";"0";"0";"1";"1";"0";"0";"0";"0";"0";"0";"0";"0";"0";"1";"0";"0";"0";"0";"0";"0";"0";"0";"0";"1";"0";"1";"1";"1";"0";"0";"1";"0";"0";"0";"0";"0";"0";"1"
"298371";"Khách sạn Sông Tiền Annex (Song Tien Annex Hotel)";"33 Thiên Hộ Dương, Mỹ Tho, Mỹ Tho (Tiền Giang), Việt Nam";"Superior Double with Balcony";"2 người lớn & 1 trẻ em (0-11 tuổi)";"436.508";"0";"0";"0";"1";"0";"0";"0";"0";"0";"0";"0";"0";"0";"0";"0";"0";"0";"0";"0";"0";"0";"0";"0";"0";"0";"0";"0";"0";"0";"0";"0";"0";"0";"1";"0";"0";"0";"0";"0";"0";"0";"0";"0";"0";"0";"0";"0";"0";"0";"1";"0";"0";"0";"0";"0";"0";"0";"0";"0";"0";"1";"0";"0";"0";"0";"0";"1";"1";"0";"0";"0";"0";"0";"0";"0";"0";"0";"1";"0";"0";"0";"0";"0";"0";"0";"0";"0";"1";"0";"1";"1";"1";"0";"0";"1";"0";"0";"0";"0";"0";"0";"1"
"298371";"Khách sạn Sông Tiền Annex (Song Tien Annex Hotel)";"33 Thiên Hộ Dương, Mỹ Tho, Mỹ Tho (Tiền Giang), Việt Nam";"Superior Double with Balcony";"2 người lớn & 1 trẻ em (0-11 tuổi)";"436.508";"0";"0";"0";"1";"0";"0";"0";"0";"0";"0";"0";"0";"0";"0";"0";"0";"0";"0";"0";"0";"0";"0";"0";"0";"0";"0";"0";"0";"0";"0";"0";"0";"0";"1";"0";"0";"0";"0";"0";"0";"0";"0";"0";"0";"0";"0";"0";"0";"0";"1";"0";"0";"0";"0";"0";"0";"0";"0";"0";"0";"1";"0";"0";"0";"0";"0";"1";"1";"0";"0";"0";"0";"0";"0";"0";"0";"0";"1";"0";"0";"0";"0";"0";"0";"0";"0";"0";"1";"0";"1";"1";"1";"0";"0";"1";"0";"0";"0";"0";"0";"0";"1"
"298371";"Khách sạn Sông Tiền Annex (Song Tien Annex Hotel)";"33 Thiên Hộ Dương, Mỹ Tho, Mỹ Tho (Tiền Giang), Việt Nam";"Superior Twin With Balcony (Superior Twin with Balcony)";"2 người lớn & 1 trẻ em (0-11 tuổi)";"429.773";"0";"0";"0";"0";"0";"0";"0";"0";"0";"0";"0";"0";"0";"0";"0";"0";"0";"0";"0";"0";"0";"0";"0";"0";"0";"1";"0";"0";"0";"1";"0";"0";"0";"0";"0";"0";"0";"0";"0";"0";"0";"0";"0";"0";"0";"0";"0";"0";"0";"1";"0";"0";"0";"0";"0";"0";"0";"0";"0";"0";"1";"0";"0";"0";"0";"0";"1";"1";"0";"0";"0";"0";"0";"0";"0";"0";"0";"1";"0";"0";"0";"0";"0";"0";"0";"0";"0";"1";"0";"1";"1";"1";"0";"0";"1";"0";"0";"0";"0";"0";"0";"1"
"298371";"Khách sạn Sông Tiền Annex (Song Tien Annex Hotel)";"33 Thiên Hộ Dương, Mỹ Tho, Mỹ Tho (Tiền Giang), Việt Nam";"Superior Twin With Balcony (Superior Twin with Balcony)";"2 người lớn & 1 trẻ em (0-11 tuổi)";"436.508";"0";"0";"0";"0";"0";"0";"0";"0";"0";"0";"0";"0";"0";"0";"0";"0";"0";"0";"0";"0";"0";"0";"0";"0";"0";"1";"0";"0";"0";"1";"0";"0";"0";"0";"0";"0";"0";"0";"0";"0";"0";"0";"0";"0";"0";"0";"0";"0";"0";"1";"0";"0";"0";"0";"0";"0";"0";"0";"0";"0";"1";"0";"0";"0";"0";"0";"1";"1";"0";"0";"0";"0";"0";"0";"0";"0";"0";"1";"0";"0";"0";"0";"0";"0";"0";"0";"0";"1";"0";"1";"1";"1";"0";"0";"1";"0";"0";"0";"0";"0";"0";"1"
"298371";"Khách sạn Sông Tiền Annex (Song Tien Annex Hotel)";"33 Thiên Hộ Dương, Mỹ Tho, Mỹ Tho (Tiền Giang), Việt Nam";"Superior Twin With Balcony (Superior Twin with Balcony)";"2 người lớn";"436.508";"0";"0";"0";"0";"0";"0";"0";"0";"0";"0";"0";"0";"0";"0";"0";"0";"0";"0";"0";"0";"0";"0";"0";"0";"0";"1";"0";"0";"0";"1";"0";"0";"0";"0";"0";"0";"0";"0";"0";"0";"0";"0";"0";"0";"0";"0";"0";"0";"0";"1";"0";"0";"0";"0";"0";"0";"0";"0";"0";"0";"1";"0";"0";"0";"0";"0";"1";"1";"0";"0";"0";"0";"0";"0";"0";"0";"0";"1";"0";"0";"0";"0";"0";"0";"0";"0";"0";"1";"0";"1";"1";"1";"0";"0";"1";"0";"0";"0";"0";"0";"0";"1"
"5161316";"Khách sạn Cửu Long (Cuu Long Hotel My Tho)";"81-83 Đường 30/4, Phường 1, Thành phố Mỹ Tho, Tiền Giang, Việt Nam, Mỹ Tho, Mỹ Tho (Tiền Giang), Việt Nam, 860000";"Phòng Tiêu chuẩn 2 Giường Đơn (Standard Twin)";"2 người lớn";"629.008";"0";"0";"0";"0";"0";"0";"0";"0";"0";"0";"0";"0";"0";"0";"0";"0";"0";"0";"0";"0";"0";"0";"0";"0";"0";"1";"0";"0";"0";"0";"0";"0";"0";"1";"0";"0";"0";"0";"0";"0";"0";"0";"0";"0";"0";"0";"0";"0";"0";"0";"0";"0";"0";"0";"0";"0";"0";"0";"0";"0";"0";"0";"0";"0";"0";"1";"0";"1";"0";"0";"0";"0";"0";"0";"0";"0";"1";"0";"0";"0";"0";"0";"0";"0";"0";"0";"0";"0";"0";"0";"0";"0";"0";"0";"1";"0";"0";"0";"0";"0";"0";"0"
"5161316";"Khách sạn Cửu Long (Cuu Long Hotel My Tho)";"81-83 Đường 30/4, Phường 1, Thành phố Mỹ Tho, Tiền Giang, Việt Nam, Mỹ Tho, Mỹ Tho (Tiền Giang), Việt Nam, 860000";"Phòng Tiêu chuẩn 2 Giường Đơn (Standard Twin)";"2 người lớn & 1 trẻ em (0-2 tuổi)";"630.762";"0";"0";"0";"0";"0";"0";"0";"0";"0";"0";"0";"0";"0";"0";"0";"0";"0";"0";"0";"0";"0";"0";"0";"0";"0";"1";"0";"0";"0";"0";"0";"0";"0";"1";"0";"0";"0";"0";"0";"0";"0";"0";"0";"0";"0";"0";"0";"0";"0";"0";"0";"0";"0";"0";"0";"0";"0";"0";"0";"0";"0";"0";"0";"0";"0";"1";"0";"1";"0";"0";"0";"0";"0";"0";"0";"0";"1";"0";"0";"0";"0";"0";"0";"0";"0";"0";"0";"0";"0";"0";"0";"0";"0";"0";"1";"0";"0";"0";"0";"0";"0";"0"
"5161316";"Khách sạn Cửu Long (Cuu Long Hotel My Tho)";"81-83 Đường 30/4, Phường 1, Thành phố Mỹ Tho, Tiền Giang, Việt Nam, Mỹ Tho, Mỹ Tho (Tiền Giang), Việt Nam, 860000";"Phòng Tiêu chuẩn 2 Giường Đơn (Standard Twin)";"2 người lớn";"672.222";"0";"0";"0";"0";"0";"0";"0";"0";"0";"0";"0";"0";"0";"0";"0";"0";"0";"0";"0";"0";"0";"0";"0";"0";"0";"1";"0";"0";"0";"0";"0";"0";"0";"1";"0";"0";"0";"0";"0";"0";"0";"0";"0";"0";"0";"0";"0";"0";"0";"0";"0";"0";"0";"0";"0";"0";"0";"0";"0";"0";"0";"0";"0";"0";"0";"1";"0";"1";"0";"0";"0";"0";"0";"0";"0";"0";"1";"0";"0";"0";"0";"0";"0";"0";"0";"0";"0";"0";"0";"0";"0";"0";"0";"0";"1";"0";"0";"0";"0";"0";"0";"0"
"5161316";"Khách sạn Cửu Long (Cuu Long Hotel My Tho)";"81-83 Đường 30/4, Phường 1, Thành phố Mỹ Tho, Tiền Giang, Việt Nam, Mỹ Tho, Mỹ Tho (Tiền Giang), Việt Nam, 860000";"Superior 2 giường (Superior Twin)";"2 người lớn";"728.698";"0";"0";"0";"0";"0";"0";"0";"0";"0";"0";"0";"0";"0";"0";"0";"0";"0";"0";"0";"0";"0";"0";"0";"0";"0";"1";"0";"0";"0";"0";"0";"0";"0";"1";"0";"0";"0";"0";"0";"0";"0";"0";"0";"0";"0";"0";"0";"0";"0";"0";"0";"0";"0";"0";"0";"0";"0";"0";"0";"0";"0";"0";"0";"0";"0";"1";"0";"1";"0";"0";"0";"0";"0";"0";"0";"0";"1";"0";"0";"0";"0";"0";"0";"0";"0";"0";"0";"0";"0";"0";"0";"0";"0";"0";"1";"0";"0";"0";"0";"0";"0";"0"
"5161316";"Khách sạn Cửu Long (Cuu Long Hotel My Tho)";"81-83 Đường 30/4, Phường 1, Thành phố Mỹ Tho, Tiền Giang, Việt Nam, Mỹ Tho, Mỹ Tho (Tiền Giang), Việt Nam, 860000";"Superior 2 giường (Superior Twin)";"2 người lớn & 1 trẻ em (0-2 tuổi)";"736.158";"0";"0";"0";"0";"0";"0";"0";"0";"0";"0";"0";"0";"0";"0";"0";"0";"0";"0";"0";"0";"0";"0";"0";"0";"0";"1";"0";"0";"0";"0";"0";"0";"0";"1";"0";"0";"0";"0";"0";"0";"0";"0";"0";"0";"0";"0";"0";"0";"0";"0";"0";"0";"0";"0";"0";"0";"0";"0";"0";"0";"0";"0";"0";"0";"0";"1";"0";"1";"0";"0";"0";"0";"0";"0";"0";"0";"1";"0";"0";"0";"0";"0";"0";"0";"0";"0";"0";"0";"0";"0";"0";"0";"0";"0";"1";"0";"0";"0";"0";"0";"0";"0"
"5161316";"Khách sạn Cửu Long (Cuu Long Hotel My Tho)";"81-83 Đường 30/4, Phường 1, Thành phố Mỹ Tho, Tiền Giang, Việt Nam, Mỹ Tho, Mỹ Tho (Tiền Giang), Việt Nam, 860000";"Superior 2 giường (Superior Twin)";"2 người lớn";"784.259";"0";"0";"0";"0";"0";"0";"0";"0";"0";"0";"0";"0";"0";"0";"0";"0";"0";"0";"0";"0";"0";"0";"0";"0";"0";"1";"0";"0";"0";"0";"0";"0";"0";"1";"0";"0";"0";"0";"0";"0";"0";"0";"0";"0";"0";"0";"0";"0";"0";"0";"0";"0";"0";"0";"0";"0";"0";"0";"0";"0";"0";"0";"0";"0";"0";"1";"0";"1";"0";"0";"0";"0";"0";"0";"0";"0";"1";"0";"0";"0";"0";"0";"0";"0";"0";"0";"0";"0";"0";"0";"0";"0";"0";"0";"1";"0";"0";"0";"0";"0";"0";"0"
"299449";"Khách sạn Sông Tiền (Song Tien Hotel)";"Số 101, đường Trưng Trắc, Phường 1, Mỹ Tho, Mỹ Tho (Tiền Giang), Việt Nam";"Phòng Tiêu Chuẩn Không Có Cửa Sổ (Standard Room without Window)";"2 người lớn";"480.425";"0";"0";"0";"1";"0";"0";"0";"0";"0";"0";"0";"0";"0";"0";"0";"0";"0";"0";"0";"0";"0";"0";"0";"0";"0";"0";"0";"0";"0";"0";"0";"0";"1";"0";"0";"0";"0";"0";"0";"0";"0";"0";"0";"0";"0";"0";"0";"0";"0";"0";"0";"0";"0";"1";"0";"0";"0";"0";"1";"0";"0";"0";"0";"0";"0";"0";"1";"0";"0";"1";"0";"1";"0";"0";"0";"0";"1";"0";"0";"0";"0";"0";"0";"0";"0";"0";"1";"1";"0";"0";"1";"1";"0";"0";"0";"0";"0";"0";"0";"0";"1";"0"
"299449";"Khách sạn Sông Tiền (Song Tien Hotel)";"Số 101, đường Trưng Trắc, Phường 1, Mỹ Tho, Mỹ Tho (Tiền Giang), Việt Nam";"Phòng Tiêu Chuẩn Không Có Cửa Sổ (Standard Room without Window)";"2 người lớn";"525.448";"0";"0";"0";"1";"0";"0";"0";"0";"0";"0";"0";"0";"0";"0";"0";"0";"0";"0";"0";"0";"0";"0";"0";"0";"0";"0";"0";"0";"0";"0";"0";"0";"1";"0";"0";"0";"0";"0";"0";"0";"0";"0";"0";"0";"0";"0";"0";"0";"0";"0";"0";"0";"0";"1";"0";"0";"0";"0";"1";"0";"0";"0";"0";"0";"0";"0";"1";"0";"0";"1";"0";"1";"0";"0";"0";"0";"1";"0";"0";"0";"0";"0";"0";"0";"0";"0";"1";"1";"0";"0";"1";"1";"0";"0";"0";"0";"0";"0";"0";"0";"1";"0"
"299449";"Khách sạn Sông Tiền (Song Tien Hotel)";"Số 101, đường Trưng Trắc, Phường 1, Mỹ Tho, Mỹ Tho (Tiền Giang), Việt Nam";"Phòng Tiêu Chuẩn Không Có Cửa Sổ (Standard Room without Window)";"2 người lớn";"533.510";"0";"0";"0";"1";"0";"0";"0";"0";"0";"0";"0";"0";"0";"0";"0";"0";"0";"0";"0";"0";"0";"0";"0";"0";"0";"0";"0";"0";"0";"0";"0";"0";"1";"0";"0";"0";"0";"0";"0";"0";"0";"0";"0";"0";"0";"0";"0";"0";"0";"0";"0";"0";"0";"1";"0";"0";"0";"0";"1";"0";"0";"0";"0";"0";"0";"0";"1";"0";"0";"1";"0";"1";"0";"0";"0";"0";"1";"0";"0";"0";"0";"0";"0";"0";"0";"0";"1";"1";"0";"0";"1";"1";"0";"0";"0";"0";"0";"0";"0";"0";"1";"0"
"299449";"Khách sạn Sông Tiền (Song Tien Hotel)";"Số 101, đường Trưng Trắc, Phường 1, Mỹ Tho, Mỹ Tho (Tiền Giang), Việt Nam";"Phòng Tiêu Chuẩn Không Có Cửa Sổ (Standard Room without Window)";"2 người lớn";"533.510";"0";"0";"0";"1";"0";"0";"0";"0";"0";"0";"0";"0";"0";"0";"0";"0";"0";"0";"0";"0";"0";"0";"0";"0";"0";"0";"0";"0";"0";"0";"0";"0";"1";"0";"0";"0";"0";"0";"0";"0";"0";"0";"0";"0";"0";"0";"0";"0";"0";"0";"0";"0";"0";"1";"0";"0";"0";"0";"1";"0";"0";"0";"0";"0";"0";"0";"1";"0";"0";"1";"0";"1";"0";"0";"0";"0";"1";"0";"0";"0";"0";"0";"0";"0";"0";"0";"1";"1";"0";"0";"1";"1";"0";"0";"0";"0";"0";"0";"0";"0";"1";"0"
"299449";"Khách sạn Sông Tiền (Song Tien Hotel)";"Số 101, đường Trưng Trắc, Phường 1, Mỹ Tho, Mỹ Tho (Tiền Giang), Việt Nam";"Hai Giường Đơn Cao Cấp Cấm Hút Thuốc (Twin Superior Non-Smoking)";"2 người lớn";"570.620";"0";"0";"0";"0";"0";"0";"0";"0";"0";"0";"0";"0";"0";"0";"0";"0";"0";"0";"0";"0";"0";"0";"0";"0";"0";"1";"0";"0";"0";"0";"0";"0";"0";"1";"0";"0";"0";"0";"0";"0";"0";"0";"0";"0";"0";"0";"0";"0";"0";"0";"0";"0";"0";"0";"1";"0";"0";"0";"0";"0";"0";"0";"0";"0";"0";"1";"0";"0";"0";"0";"0";"0";"0";"0";"0";"0";"1";"0";"0";"0";"0";"0";"0";"0";"0";"0";"0";"0";"0";"1";"1";"0";"0";"0";"1";"0";"0";"0";"0";"0";"0";"0"
"299449";"Khách sạn Sông Tiền (Song Tien Hotel)";"Số 101, đường Trưng Trắc, Phường 1, Mỹ Tho, Mỹ Tho (Tiền Giang), Việt Nam";"Hai Giường Đơn Cao Cấp Cấm Hút Thuốc (Twin Superior Non-Smoking)";"2 người lớn & 1 trẻ em (0-6 tuổi)";"621.703";"0";"0";"0";"0";"0";"0";"0";"0";"0";"0";"0";"0";"0";"0";"0";"0";"0";"0";"0";"0";"0";"0";"0";"0";"0";"1";"0";"0";"0";"0";"0";"0";"0";"1";"0";"0";"0";"0";"0";"0";"0";"0";"0";"0";"0";"0";"0";"0";"0";"0";"0";"0";"0";"0";"1";"0";"0";"0";"0";"0";"0";"0";"0";"0";"0";"1";"0";"0";"0";"0";"0";"0";"0";"0";"0";"0";"1";"0";"0";"0";"0";"0";"0";"0";"0";"0";"0";"0";"0";"1";"1";"0";"0";"0";"1";"0";"0";"0";"0";"0";"0";"0"
"299449";"Khách sạn Sông Tiền (Song Tien Hotel)";"Số 101, đường Trưng Trắc, Phường 1, Mỹ Tho, Mỹ Tho (Tiền Giang), Việt Nam";"Hai Giường Đơn Cao Cấp Cấm Hút Thuốc (Twin Superior Non-Smoking)";"2 người lớn & 1 trẻ em (0-6 tuổi)";"630.511";"0";"0";"0";"0";"0";"0";"0";"0";"0";"0";"0";"0";"0";"0";"0";"0";"0";"0";"0";"0";"0";"0";"0";"0";"0";"1";"0";"0";"0";"0";"0";"0";"0";"1";"0";"0";"0";"0";"0";"0";"0";"0";"0";"0";"0";"0";"0";"0";"0";"0";"0";"0";"0";"0";"1";"0";"0";"0";"0";"0";"0";"0";"0";"0";"0";"1";"0";"0";"0";"0";"0";"0";"0";"0";"0";"0";"1";"0";"0";"0";"0";"0";"0";"0";"0";"0";"0";"0";"0";"1";"1";"0";"0";"0";"1";"0";"0";"0";"0";"0";"0";"0"
"43169421";"Hotel Hồng Cẩm (Hotel Hong Cam)";"7 Nguyễn Thị Thập, Mỹ Tho, Mỹ Tho (Tiền Giang), Việt Nam";"Phòng Có Giường Cỡ King (King Room)";"2 người lớn";"277.778";"0";"0";"0";"0";"0";"1";"0";"0";"0";"0";"0";"0";"0";"0";"0";"0";"0";"0";"0";"0";"0";"0";"0";"0";"0";"0";"0";"0";"0";"0";"0";"0";"0";"0";"0";"0";"0";"0";"0";"1";"0";"0";"0";"0";"0";"0";"0";"0";"0";"0";"0";"0";"0";"0";"0";"0";"0";"0";"0";"0";"0";"0";"1";"0";"0";"0";"1";"0";"0";"0";"0";"0";"0";"0";"0";"0";"1";"0";"0";"0";"0";"0";"0";"0";"0";"0";"0";"0";"1";"1";"0";"1";"0";"0";"0";"1";"0";"0";"0";"0";"0";"1"
"43169421";"Hotel Hồng Cẩm (Hotel Hong Cam)";"7 Nguyễn Thị Thập, Mỹ Tho, Mỹ Tho (Tiền Giang), Việt Nam";"Phòng Đôi (Double Room)";"2 người lớn";"277.778";"0";"0";"0";"0";"0";"1";"0";"0";"0";"0";"0";"0";"0";"0";"0";"0";"0";"0";"0";"0";"0";"0";"0";"0";"0";"0";"0";"0";"0";"0";"0";"0";"1";"0";"0";"0";"0";"0";"0";"0";"0";"0";"0";"0";"0";"0";"0";"0";"0";"0";"0";"0";"0";"0";"0";"0";"0";"0";"0";"0";"0";"0";"1";"0";"0";"0";"1";"0";"0";"0";"0";"0";"0";"0";"0";"0";"1";"0";"0";"0";"0";"0";"0";"0";"0";"0";"0";"0";"1";"1";"0";"1";"0";"0";"0";"1";"0";"0";"0";"0";"0";"1"
"1178512";"Khách sạn MK Two (MK Two Hotel )";"Số 468 khu phố Mỹ Thạnh, phường Mỹ Phong, tỉnh Đồng Th p, Mỹ Tho, Mỹ Tho (Tiền Giang), Việt Nam, 861760";"Phòng Đôi Cấm Hút Thuốc (Double Room Non Smoking)";"2 người lớn & 1 trẻ em (0-12 tuổi)";"304.488";"0";"0";"0";"1";"0";"0";"0";"0";"0";"0";"0";"0";"0";"0";"0";"0";"0";"0";"0";"0";"0";"0";"0";"0";"0";"0";"0";"0";"0";"0";"0";"0";"0";"1";"0";"0";"0";"0";"0";"0";"0";"0";"0";"0";"0";"0";"0";"0";"0";"0";"0";"1";"0";"0";"0";"0";"0";"0";"0";"0";"0";"0";"0";"1";"0";"0";"1";"0";"1";"0";"0";"1";"0";"0";"0";"0";"0";"0";"1";"0";"0";"0";"0";"0";"0";"0";"1";"1";"0";"1";"1";"0";"0";"0";"1";"0";"0";"0";"0";"0";"0";"0"
"1178512";"Khách sạn MK Two (MK Two Hotel )";"Số 468 khu phố Mỹ Thạnh, phường Mỹ Phong, tỉnh Đồng Th p, Mỹ Tho, Mỹ Tho (Tiền Giang), Việt Nam, 861760";"Phòng Hai Giường Đơn cho 2 Người (Twin Room for 2 People)";"2 người lớn & 1 trẻ em (0-12 tuổi)";"345.448";"0";"0";"0";"0";"0";"0";"0";"0";"0";"0";"0";"0";"0";"0";"0";"0";"0";"0";"0";"0";"0";"0";"0";"0";"0";"1";"0";"0";"0";"0";"0";"0";"0";"0";"0";"0";"0";"0";"0";"1";"0";"0";"0";"0";"0";"0";"0";"0";"0";"0";"0";"0";"0";"0";"1";"0";"0";"0";"0";"0";"0";"0";"0";"1";"0";"0";"1";"0";"1";"0";"0";"1";"0";"1";"0";"0";"0";"0";"1";"0";"0";"0";"0";"0";"0";"0";"1";"1";"0";"1";"0";"0";"0";"0";"1";"0";"0";"0";"0";"0";"0";"0"
"78200408";"Khách sạn Long Sơn (LONG SƠN HOTEL)";"Ap Thoi Thanh, xa Thoi Son, Mỹ Tho, Mỹ Tho (Tiền Giang), Việt Nam, 86000";"Phòng Superior Có Ban Công (Superior Balcony)";"2 người lớn";"281.073";"0";"0";"0";"1";"0";"0";"0";"0";"0";"0";"0";"0";"0";"0";"0";"0";"0";"0";"1";"0";"0";"0";"0";"0";"0";"0";"0";"0";"0";"0";"0";"0";"0";"0";"0";"0";"0";"0";"0";"0";"0";"0";"0";"0";"0";"0";"0";"0";"1";"0";"0";"0";"0";"1";"0";"1";"0";"0";"0";"0";"0";"0";"0";"0";"1";"0";"1";"0";"0";"0";"0";"1";"0";"0";"0";"0";"1";"0";"0";"0";"0";"0";"0";"0";"0";"0";"1";"0";"0";"1";"1";"0";"0";"0";"1";"0";"0";"0";"0";"0";"0";"0"
"78200408";"Khách sạn Long Sơn (LONG SƠN HOTEL)";"Ap Thoi Thanh, xa Thoi Son, Mỹ Tho, Mỹ Tho (Tiền Giang), Việt Nam, 86000";"Twin Standard";"4 người lớn";"401.712";"0";"0";"0";"0";"0";"0";"0";"0";"0";"0";"0";"0";"0";"0";"0";"0";"0";"0";"0";"0";"0";"0";"0";"0";"0";"0";"0";"0";"0";"1";"0";"0";"0";"0";"0";"0";"0";"0";"0";"0";"0";"0";"0";"0";"0";"0";"0";"0";"1";"0";"0";"0";"0";"1";"0";"1";"0";"0";"0";"0";"0";"0";"0";"0";"0";"0";"1";"0";"0";"0";"0";"1";"0";"0";"0";"0";"0";"0";"0";"0";"0";"0";"0";"1";"0";"0";"0";"1";"0";"1";"1";"0";"0";"0";"1";"0";"0";"0";"0";"0";"1";"0"
"46815516";"Khách sạn Chương Dương (CHUONG DUONG HOTEL)";"No. 10 Street 30/4, Ward My Tho, Dong Thap Province, Viet Nam, Mỹ Tho, Mỹ Tho (Tiền Giang), Việt Nam, 84100";"Phòng Superior 2 giường đơn (Superior Room Twin)";"2 người lớn";"726.396";"0";"0";"0";"0";"0";"0";"0";"0";"0";"0";"0";"0";"0";"0";"0";"0";"0";"0";"0";"0";"0";"0";"0";"0";"0";"1";"0";"0";"0";"1";"0";"0";"0";"0";"0";"0";"0";"0";"0";"0";"0";"0";"0";"0";"0";"0";"0";"0";"0";"0";"0";"1";"0";"0";"0";"0";"0";"0";"0";"0";"1";"0";"0";"0";"0";"0";"1";"0";"0";"1";"0";"1";"0";"0";"0";"0";"1";"0";"0";"0";"0";"0";"0";"0";"0";"0";"0";"1";"0";"0";"1";"1";"0";"0";"1";"0";"0";"0";"0";"0";"0";"1"
"46815516";"Khách sạn Chương Dương (CHUONG DUONG HOTEL)";"No. 10 Street 30/4, Ward My Tho, Dong Thap Province, Viet Nam, Mỹ Tho, Mỹ Tho (Tiền Giang), Việt Nam, 84100";"Phòng Superior 2 giường đơn (Superior Room Twin)";"2 người lớn";"796.296";"0";"0";"0";"0";"0";"0";"0";"0";"0";"0";"0";"0";"0";"0";"0";"0";"0";"0";"0";"0";"0";"0";"0";"0";"0";"1";"0";"0";"0";"1";"0";"0";"0";"0";"0";"0";"0";"0";"0";"0";"0";"0";"0";"0";"0";"0";"0";"0";"0";"0";"0";"1";"0";"0";"0";"0";"0";"0";"0";"0";"1";"0";"0";"0";"0";"0";"1";"0";"0";"1";"0";"1";"0";"0";"0";"0";"1";"0";"0";"0";"0";"0";"0";"0";"0";"0";"0";"1";"0";"0";"1";"1";"0";"0";"1";"0";"0";"0";"0";"0";"0";"1"
"46815516";"Khách sạn Chương Dương (CHUONG DUONG HOTEL)";"No. 10 Street 30/4, Ward My Tho, Dong Thap Province, Viet Nam, Mỹ Tho, Mỹ Tho (Tiền Giang), Việt Nam, 84100";"Phòng Superior giường đôi - Không hút thuốc (Superior Double Room - Non-Smoking)";"2 người lớn";"726.396";"0";"0";"0";"1";"0";"0";"0";"0";"0";"0";"0";"0";"0";"0";"0";"0";"0";"0";"0";"0";"0";"0";"0";"0";"0";"0";"0";"0";"0";"1";"0";"0";"0";"0";"0";"0";"0";"0";"0";"0";"0";"0";"0";"0";"0";"0";"0";"0";"0";"0";"0";"1";"0";"0";"0";"0";"0";"0";"0";"0";"1";"0";"0";"0";"0";"0";"1";"0";"0";"1";"0";"1";"0";"0";"0";"0";"1";"0";"0";"0";"0";"0";"0";"0";"0";"0";"0";"1";"0";"0";"1";"1";"0";"0";"1";"0";"0";"0";"0";"0";"0";"1"
"46815516";"Khách sạn Chương Dương (CHUONG DUONG HOTEL)";"No. 10 Street 30/4, Ward My Tho, Dong Thap Province, Viet Nam, Mỹ Tho, Mỹ Tho (Tiền Giang), Việt Nam, 84100";"Phòng Superior giường đôi - Không hút thuốc (Superior Double Room - Non-Smoking)";"2 người lớn";"796.296";"0";"0";"0";"1";"0";"0";"0";"0";"0";"0";"0";"0";"0";"0";"0";"0";"0";"0";"0";"0";"0";"0";"0";"0";"0";"0";"0";"0";"0";"1";"0";"0";"0";"0";"0";"0";"0";"0";"0";"0";"0";"0";"0";"0";"0";"0";"0";"0";"0";"0";"0";"1";"0";"0";"0";"0";"0";"0";"0";"0";"1";"0";"0";"0";"0";"0";"1";"0";"0";"1";"0";"1";"0";"0";"0";"0";"1";"0";"0";"0";"0";"0";"0";"0";"0";"0";"0";"1";"0";"0";"1";"1";"0";"0";"1";"0";"0";"0";"0";"0";"0";"1"
"79827089";"Nhà Nghỉ Quỳnh Thoa (Nha Nghi Quynh Thoa)";"273 Lê Văn Phẩm 4 tầng, Mỹ Tho, Mỹ Tho (Tiền Giang), Việt Nam, 84119";"Phòng Tiêu Chuẩn Giường Đôi (Standard Double Room)";"2 người lớn";"227.273";"0";"0";"0";"1";"0";"0";"0";"0";"0";"0";"0";"0";"0";"0";"0";"0";"0";"0";"0";"0";"0";"1";"0";"0";"0";"0";"0";"0";"0";"0";"0";"0";"0";"0";"0";"0";"0";"0";"0";"0";"0";"0";"0";"0";"0";"0";"0";"0";"0";"0";"0";"0";"0";"0";"0";"0";"0";"0";"0";"1";"0";"0";"0";"0";"0";"0";"1";"0";"0";"0";"0";"0";"0";"0";"0";"0";"1";"0";"0";"0";"0";"0";"0";"0";"0";"0";"0";"0";"1";"1";"0";"1";"0";"0";"1";"0";"0";"0";"0";"0";"0";"1"
"79827089";"Nhà Nghỉ Quỳnh Thoa (Nha Nghi Quynh Thoa)";"273 Lê Văn Phẩm 4 tầng, Mỹ Tho, Mỹ Tho (Tiền Giang), Việt Nam, 84119";"Phòng Giường Đôi Có Ban Công (Double Room with Balcony)";"2 người lớn";"272.727";"0";"0";"0";"1";"0";"0";"0";"0";"0";"0";"0";"0";"0";"0";"0";"0";"0";"0";"0";"0";"0";"1";"0";"0";"0";"0";"0";"0";"0";"0";"0";"0";"0";"0";"0";"0";"0";"0";"0";"0";"0";"0";"0";"0";"0";"0";"0";"0";"1";"0";"0";"0";"0";"0";"0";"0";"0";"0";"0";"0";"0";"0";"0";"0";"0";"0";"1";"0";"0";"0";"0";"0";"0";"0";"0";"0";"1";"0";"0";"0";"0";"0";"0";"0";"0";"0";"0";"0";"1";"1";"0";"1";"0";"0";"1";"0";"0";"0";"0";"0";"0";"1"
"33593281";"Khách Sạn Lạc Hồng Mỹ Tho - Lac Hong My Tho Hotel (Khach San Lac Hong My Tho - Lac Hong My Tho Hotel)";"69 Đường 30/4, Phường 1, Mỹ Tho, Mỹ Tho (Tiền Giang), Việt Nam";"Phòng Đôi Cao Cấp (Superior Double Room)";"2 người lớn";"629.630";"0";"0";"0";"0";"0";"1";"0";"0";"0";"0";"0";"0";"0";"0";"0";"0";"0";"0";"0";"1";"0";"0";"0";"0";"0";"0";"0";"0";"0";"0";"0";"0";"0";"0";"0";"0";"0";"0";"0";"0";"0";"0";"0";"0";"0";"0";"0";"0";"1";"0";"0";"0";"0";"0";"0";"0";"0";"0";"0";"1";"0";"0";"0";"0";"0";"0";"1";"0";"0";"0";"0";"0";"0";"0";"0";"0";"1";"0";"0";"0";"0";"0";"0";"0";"0";"0";"0";"1";"1";"1";"0";"1";"0";"0";"0";"1";"0";"0";"0";"0";"0";"1"
"33593281";"Khách Sạn Lạc Hồng Mỹ Tho - Lac Hong My Tho Hotel (Khach San Lac Hong My Tho - Lac Hong My Tho Hotel)";"69 Đường 30/4, Phường 1, Mỹ Tho, Mỹ Tho (Tiền Giang), Việt Nam";"Phòng Superior 2 giường đơn (Superior Twin Room)";"2 người lớn";"629.630";"0";"0";"0";"0";"0";"0";"0";"0";"0";"0";"0";"0";"0";"0";"0";"0";"0";"0";"0";"1";"0";"0";"0";"0";"0";"1";"0";"0";"0";"0";"0";"0";"0";"0";"0";"0";"0";"0";"0";"0";"0";"0";"0";"0";"0";"0";"0";"0";"1";"0";"0";"0";"0";"0";"0";"0";"0";"0";"0";"1";"0";"0";"0";"0";"0";"0";"1";"0";"0";"0";"0";"0";"0";"0";"0";"0";"1";"0";"0";"0";"0";"0";"0";"0";"0";"0";"0";"1";"1";"1";"0";"1";"0";"0";"0";"1";"0";"0";"0";"0";"0";"1"
"76933401";"Bến Tre Homestay";"ap 6b, xa an khanh, huyen chau thanh, tinh ben tre, Tân Thạch, Bến Tre, Việt Nam, 930000";"Phòng Tiêu chuẩn giường đôi (Double Room Standard)";"2 người lớn";"281.250";"0";"0";"0";"1";"0";"0";"0";"0";"0";"0";"0";"0";"0";"0";"0";"0";"0";"0";"1";"0";"0";"0";"0";"0";"0";"0";"0";"0";"0";"0";"0";"0";"0";"0";"0";"0";"0";"0";"0";"0";"0";"0";"0";"0";"0";"0";"0";"0";"0";"0";"0";"0";"0";"1";"0";"0";"0";"0";"0";"0";"0";"0";"0";"1";"0";"0";"1";"0";"1";"1";"0";"0";"0";"0";"0";"1";"1";"0";"0";"0";"0";"0";"0";"0";"0";"0";"0";"0";"0";"0";"1";"0";"0";"0";"1";"0";"0";"1";"0";"1";"0";"0"
"76933401";"Bến Tre Homestay";"ap 6b, xa an khanh, huyen chau thanh, tinh ben tre, Tân Thạch, Bến Tre, Việt Nam, 930000";"Phòng Tiêu chuẩn giường đôi (Double Room Standard)";"2 người lớn";"320.217";"0";"0";"0";"1";"0";"0";"0";"0";"0";"0";"0";"0";"0";"0";"0";"0";"0";"0";"1";"0";"0";"0";"0";"0";"0";"0";"0";"0";"0";"0";"0";"0";"0";"0";"0";"0";"0";"0";"0";"0";"0";"0";"0";"0";"0";"0";"0";"0";"0";"0";"0";"0";"0";"1";"0";"0";"0";"0";"0";"0";"0";"0";"0";"1";"0";"0";"1";"0";"1";"1";"0";"0";"0";"0";"0";"1";"1";"0";"0";"0";"0";"0";"0";"0";"0";"0";"0";"0";"0";"0";"1";"0";"0";"0";"1";"0";"0";"1";"0";"1";"0";"0"
"76933401";"Bến Tre Homestay";"ap 6b, xa an khanh, huyen chau thanh, tinh ben tre, Tân Thạch, Bến Tre, Việt Nam, 930000";"Phòng Tiêu Chuẩn Giường Đôi Có Quạt Máy (Standard Double Room with Fan)";"2 người lớn";"330.882";"0";"0";"0";"1";"0";"0";"0";"0";"0";"0";"0";"0";"0";"0";"1";"0";"0";"0";"0";"0";"0";"0";"0";"0";"0";"0";"0";"0";"0";"0";"0";"0";"0";"0";"0";"0";"0";"0";"0";"0";"0";"0";"0";"0";"0";"0";"0";"0";"0";"0";"0";"0";"0";"0";"0";"0";"0";"0";"0";"0";"0";"0";"0";"1";"0";"0";"1";"1";"1";"1";"0";"0";"0";"0";"0";"1";"1";"0";"0";"0";"0";"0";"0";"0";"0";"0";"1";"0";"0";"0";"0";"0";"0";"0";"1";"0";"0";"1";"0";"0";"0";"1"
"1159818";"Rang Dong Hotel";"Bờ Kè Sông Tiền, Phường 6, TP Mỹ Tho, Tiền Giang, Mỹ Tho, Mỹ Tho (Tiền Giang), Việt Nam, 860000";"Phòng Hai Người Tiêu Chuẩn Khu A không có Ban Công (A Zone Standard Double Room without Balcony)";"2 người lớn";"251.228";"0";"0";"0";"0";"0";"0";"0";"0";"0";"0";"0";"0";"0";"0";"0";"0";"0";"0";"0";"0";"0";"0";"1";"0";"0";"0";"0";"0";"0";"0";"0";"0";"1";"0";"0";"0";"0";"0";"0";"0";"0";"0";"0";"0";"0";"0";"0";"0";"0";"0";"0";"0";"0";"0";"0";"0";"0";"0";"0";"0";"1";"0";"0";"0";"0";"0";"0";"0";"1";"0";"0";"0";"0";"0";"0";"0";"1";"0";"0";"0";"0";"0";"0";"0";"0";"0";"0";"0";"0";"1";"0";"0";"0";"0";"1";"0";"0";"0";"0";"0";"0";"0"
"1159818";"Rang Dong Hotel";"Bờ Kè Sông Tiền, Phường 6, TP Mỹ Tho, Tiền Giang, Mỹ Tho, Mỹ Tho (Tiền Giang), Việt Nam, 860000";"Phòng Hai Người Tiêu Chuẩn Khu A không có Ban Công (A Zone Standard Double Room without Balcony)";"2 người lớn";"291.327";"0";"0";"0";"0";"0";"0";"0";"0";"0";"0";"0";"0";"0";"0";"0";"0";"0";"0";"0";"0";"0";"0";"1";"0";"0";"0";"0";"0";"0";"0";"0";"0";"1";"0";"0";"0";"0";"0";"0";"0";"0";"0";"0";"0";"0";"0";"0";"0";"0";"0";"0";"0";"0";"0";"0";"0";"0";"0";"0";"0";"1";"0";"0";"0";"0";"0";"0";"0";"1";"0";"0";"0";"0";"0";"0";"0";"1";"0";"0";"0";"0";"0";"0";"0";"0";"0";"0";"0";"0";"1";"0";"0";"0";"0";"1";"0";"0";"0";"0";"0";"0";"0"
"1159818";"Rang Dong Hotel";"Bờ Kè Sông Tiền, Phường 6, TP Mỹ Tho, Tiền Giang, Mỹ Tho, Mỹ Tho (Tiền Giang), Việt Nam, 860000";"Phòng Hai Người Tiêu Chuẩn Khu A không có Ban Công (A Zone Standard Double Room without Balcony)";"2 người lớn";"296.296";"0";"0";"0";"0";"0";"0";"0";"0";"0";"0";"0";"0";"0";"0";"0";"0";"0";"0";"0";"0";"0";"0";"1";"0";"0";"0";"0";"0";"0";"0";"0";"0";"1";"0";"0";"0";"0";"0";"0";"0";"0";"0";"0";"0";"0";"0";"0";"0";"0";"0";"0";"0";"0";"0";"0";"0";"0";"0";"0";"0";"1";"0";"0";"0";"0";"0";"0";"0";"1";"0";"0";"0";"0";"0";"0";"0";"1";"0";"0";"0";"0";"0";"0";"0";"0";"0";"0";"0";"0";"1";"0";"0";"0";"0";"1";"0";"0";"0";"0";"0";"0";"0"
"1159818";"Rang Dong Hotel";"Bờ Kè Sông Tiền, Phường 6, TP Mỹ Tho, Tiền Giang, Mỹ Tho, Mỹ Tho (Tiền Giang), Việt Nam, 860000";"Phòng Ba Người Gia Đình (Family Triple Room)";"3 người lớn";"390.409";"0";"0";"0";"0";"0";"0";"0";"0";"0";"0";"0";"0";"0";"0";"0";"0";"0";"0";"0";"0";"0";"0";"1";"0";"0";"0";"0";"0";"0";"0";"0";"0";"1";"0";"0";"0";"0";"0";"0";"0";"0";"0";"0";"0";"0";"0";"0";"0";"0";"0";"0";"0";"0";"0";"0";"0";"0";"0";"0";"0";"0";"0";"1";"0";"0";"0";"0";"0";"1";"0";"0";"0";"0";"0";"0";"0";"0";"0";"0";"0";"0";"1";"0";"0";"0";"0";"0";"0";"0";"1";"0";"0";"0";"0";"1";"0";"0";"0";"0";"0";"0";"0"
"1159818";"Rang Dong Hotel";"Bờ Kè Sông Tiền, Phường 6, TP Mỹ Tho, Tiền Giang, Mỹ Tho, Mỹ Tho (Tiền Giang), Việt Nam, 860000";"Phòng Ba Người Gia Đình (Family Triple Room)";"3 người lớn";"417.067";"0";"0";"0";"0";"0";"0";"0";"0";"0";"0";"0";"0";"0";"0";"0";"0";"0";"0";"0";"0";"0";"0";"1";"0";"0";"0";"0";"0";"0";"0";"0";"0";"1";"0";"0";"0";"0";"0";"0";"0";"0";"0";"0";"0";"0";"0";"0";"0";"0";"0";"0";"0";"0";"0";"0";"0";"0";"0";"0";"0";"0";"0";"1";"0";"0";"0";"0";"0";"1";"0";"0";"0";"0";"0";"0";"0";"0";"0";"0";"0";"0";"1";"0";"0";"0";"0";"0";"0";"0";"1";"0";"0";"0";"0";"1";"0";"0";"0";"0";"0";"0";"0"
"1159818";"Rang Dong Hotel";"Bờ Kè Sông Tiền, Phường 6, TP Mỹ Tho, Tiền Giang, Mỹ Tho, Mỹ Tho (Tiền Giang), Việt Nam, 860000";"Phòng Ba Người Gia Đình (Family Triple Room)";"3 người lớn";"423.280";"0";"0";"0";"0";"0";"0";"0";"0";"0";"0";"0";"0";"0";"0";"0";"0";"0";"0";"0";"0";"0";"0";"1";"0";"0";"0";"0";"0";"0";"0";"0";"0";"1";"0";"0";"0";"0";"0";"0";"0";"0";"0";"0";"0";"0";"0";"0";"0";"0";"0";"0";"0";"0";"0";"0";"0";"0";"0";"0";"0";"0";"0";"1";"0";"0";"0";"0";"0";"1";"0";"0";"0";"0";"0";"0";"0";"0";"0";"0";"0";"0";"1";"0";"0";"0";"0";"0";"0";"0";"1";"0";"0";"0";"0";"1";"0";"0";"0";"0";"0";"0";"0"
"49699457";"Cóc Retreat Mỹ Tho City (Coc Retreat My Tho City)";"T. 3 Thiện, Thửa 292, BĐ 34, ấp Phước Hòa, xã Phước Thạnh, Mỹ Tho, Mỹ Tho (Tiền Giang), Việt Nam";"Bungalow Gia Đình (Family Bungalow)";"2 người lớn";"601.852";"0";"0";"0";"0";"0";"0";"0";"0";"0";"0";"0";"0";"0";"0";"0";"0";"0";"0";"1";"0";"0";"0";"0";"0";"0";"0";"1";"0";"0";"0";"0";"0";"0";"0";"0";"0";"0";"0";"0";"0";"0";"0";"0";"0";"0";"0";"0";"0";"1";"0";"0";"0";"0";"0";"0";"0";"0";"0";"0";"0";"0";"0";"0";"1";"0";"0";"1";"1";"0";"0";"0";"0";"0";"0";"0";"0";"0";"0";"0";"0";"0";"1";"0";"0";"0";"0";"0";"0";"0";"1";"0";"1";"0";"0";"1";"0";"0";"1";"1";"0";"0";"1"
"49699457";"Cóc Retreat Mỹ Tho City (Coc Retreat My Tho City)";"T. 3 Thiện, Thửa 292, BĐ 34, ấp Phước Hòa, xã Phước Thạnh, Mỹ Tho, Mỹ Tho (Tiền Giang), Việt Nam";"Bungalow Gia Đình (Family Bungalow)";"3 người lớn";"752.315";"0";"0";"0";"0";"0";"0";"0";"0";"0";"0";"0";"0";"0";"0";"0";"0";"0";"0";"1";"0";"0";"0";"0";"0";"0";"0";"1";"0";"0";"0";"0";"0";"0";"0";"0";"0";"0";"0";"0";"0";"0";"0";"0";"0";"0";"0";"0";"0";"1";"0";"0";"0";"0";"0";"0";"0";"0";"0";"0";"0";"0";"0";"0";"1";"0";"0";"1";"1";"0";"0";"0";"0";"0";"0";"0";"0";"0";"0";"0";"0";"0";"1";"0";"0";"0";"0";"0";"0";"0";"1";"0";"1";"0";"0";"1";"0";"0";"1";"1";"0";"0";"1"
"49699457";"Cóc Retreat Mỹ Tho City (Coc Retreat My Tho City)";"T. 3 Thiện, Thửa 292, BĐ 34, ấp Phước Hòa, xã Phước Thạnh, Mỹ Tho, Mỹ Tho (Tiền Giang), Việt Nam";"Bungalow Gia Đình (Family Bungalow)";"1 người lớn Vượt quá sức chứa phòng";"541.667";"0";"0";"0";"0";"0";"0";"0";"0";"0";"0";"0";"0";"0";"0";"0";"0";"0";"0";"1";"0";"0";"0";"0";"0";"0";"0";"1";"0";"0";"0";"0";"0";"0";"0";"0";"0";"0";"0";"0";"0";"0";"0";"0";"0";"0";"0";"0";"0";"1";"0";"0";"0";"0";"0";"0";"0";"0";"0";"0";"0";"0";"0";"0";"1";"0";"0";"1";"1";"0";"0";"0";"0";"0";"0";"0";"0";"0";"0";"0";"0";"0";"1";"0";"0";"0";"0";"0";"0";"0";"1";"0";"1";"0";"0";"1";"0";"0";"1";"1";"0";"0";"1"
"64899794";"Khách sạn Siri 2 (Siri 2 Hotel )";"No. 7/15, Nguyen Huu Tri, Ap My Thanh, Xa, Vietnam, Mỹ Tho, Mỹ Tho (Tiền Giang), Việt Nam";"Phòng Đôi (Double Room)";"2 người lớn & 1 trẻ em (0-5 tuổi)";"393.519";"0";"0";"0";"1";"0";"0";"0";"0";"0";"0";"0";"0";"0";"0";"0";"0";"0";"0";"1";"0";"0";"0";"0";"0";"0";"0";"0";"0";"0";"0";"0";"0";"0";"0";"0";"0";"0";"0";"0";"0";"0";"0";"0";"0";"0";"0";"0";"0";"0";"0";"0";"0";"0";"0";"1";"0";"0";"0";"0";"0";"0";"0";"0";"0";"0";"1";"1";"1";"0";"1";"0";"0";"0";"0";"0";"0";"0";"0";"0";"1";"0";"0";"0";"0";"0";"0";"0";"0";"1";"0";"1";"1";"0";"0";"0";"0";"0";"1";"0";"0";"1";"0"
"64899794";"Khách sạn Siri 2 (Siri 2 Hotel )";"No. 7/15, Nguyen Huu Tri, Ap My Thanh, Xa, Vietnam, Mỹ Tho, Mỹ Tho (Tiền Giang), Việt Nam";"Phòng Loại Sang Giường Đôi (Deluxe Double Room)";"2 người lớn & 1 trẻ em (0-5 tuổi)";"486.389";"0";"0";"0";"0";"0";"1";"0";"0";"0";"0";"0";"0";"0";"0";"0";"0";"0";"0";"0";"0";"0";"0";"0";"0";"0";"0";"0";"0";"0";"1";"0";"0";"0";"0";"0";"0";"0";"0";"0";"0";"0";"0";"0";"0";"0";"0";"0";"0";"1";"0";"0";"0";"0";"0";"1";"0";"0";"0";"0";"0";"0";"0";"0";"0";"0";"0";"1";"1";"0";"1";"0";"0";"0";"0";"0";"0";"0";"0";"0";"1";"0";"0";"0";"0";"0";"0";"1";"0";"0";"0";"1";"1";"0";"0";"0";"0";"0";"1";"0";"0";"1";"0"
"69988509";"Khách sạn Lam Phương Luxury (Hotel Lam Phuong Luxury)";", Phường 10, Nhà Nghỉ Lâm Phương, Mỹ Tho, Mỹ Tho (Tiền Giang), Việt Nam";"Nhận Phòng Muộn - Nhận Phòng 7:00 Tối, Trả Phòng 12:00 Trưa (Late Check-In - Check-In 7PM, Check-Out 12PM)";"2 người lớn";"171.118";"0";"0";"0";"0";"0";"0";"0";"0";"0";"0";"0";"0";"0";"0";"0";"0";"0";"0";"0";"0";"1";"0";"0";"0";"0";"0";"0";"0";"0";"0";"0";"0";"0";"0";"0";"0";"0";"0";"0";"0";"0";"0";"0";"0";"0";"0";"0";"0";"0";"0";"0";"0";"1";"0";"0";"0";"0";"0";"0";"0";"0";"1";"0";"0";"0";"0";"0";"1";"0";"0";"0";"1";"0";"1";"0";"0";"1";"0";"0";"0";"0";"0";"0";"0";"0";"0";"1";"0";"0";"1";"0";"0";"1";"0";"1";"0";"0";"0";"0";"0";"0";"0"
"69988509";"Khách sạn Lam Phương Luxury (Hotel Lam Phuong Luxury)";", Phường 10, Nhà Nghỉ Lâm Phương, Mỹ Tho, Mỹ Tho (Tiền Giang), Việt Nam";"Phòng Tiêu Chuẩn (Standard Room)";"2 người lớn";"181.985";"0";"0";"0";"0";"0";"1";"0";"0";"0";"0";"0";"0";"0";"0";"0";"0";"0";"0";"0";"0";"1";"0";"0";"0";"0";"0";"0";"0";"0";"0";"0";"0";"0";"0";"0";"0";"0";"0";"0";"0";"0";"0";"0";"0";"0";"0";"0";"0";"0";"0";"0";"0";"0";"0";"0";"0";"0";"0";"0";"0";"0";"1";"0";"0";"0";"0";"1";"0";"0";"1";"0";"1";"0";"0";"1";"0";"1";"0";"0";"0";"0";"0";"0";"0";"0";"0";"1";"1";"0";"0";"1";"1";"0";"0";"0";"0";"0";"0";"0";"0";"1";"0"
"69988509";"Khách sạn Lam Phương Luxury (Hotel Lam Phuong Luxury)";", Phường 10, Nhà Nghỉ Lâm Phương, Mỹ Tho, Mỹ Tho (Tiền Giang), Việt Nam";"Phòng Tiêu Chuẩn (Standard Room)";"2 người lớn";"626.094";"0";"0";"0";"0";"0";"1";"0";"0";"0";"0";"0";"0";"0";"0";"0";"0";"0";"0";"0";"0";"1";"0";"0";"0";"0";"0";"0";"0";"0";"0";"0";"0";"0";"0";"0";"0";"0";"0";"0";"0";"0";"0";"0";"0";"0";"0";"0";"0";"0";"0";"0";"0";"0";"0";"0";"0";"0";"0";"0";"0";"0";"1";"0";"0";"0";"0";"1";"0";"0";"1";"0";"1";"0";"0";"1";"0";"1";"0";"0";"0";"0";"0";"0";"0";"0";"0";"1";"1";"0";"0";"1";"1";"0";"0";"0";"0";"0";"0";"0";"0";"1";"0"
"69988509";"Khách sạn Lam Phương Luxury (Hotel Lam Phuong Luxury)";", Phường 10, Nhà Nghỉ Lâm Phương, Mỹ Tho, Mỹ Tho (Tiền Giang), Việt Nam";"Phòng Tiêu Chuẩn (Standard Room)";"1 người lớn Vượt quá sức chứa phòng";"305.239";"0";"0";"0";"0";"0";"1";"0";"0";"0";"0";"0";"0";"0";"0";"0";"0";"0";"0";"0";"0";"1";"0";"0";"0";"0";"0";"0";"0";"0";"0";"0";"0";"0";"0";"0";"0";"0";"0";"0";"0";"0";"0";"0";"0";"0";"0";"0";"0";"0";"0";"0";"0";"0";"0";"0";"0";"0";"0";"0";"0";"0";"1";"0";"0";"0";"0";"1";"0";"0";"1";"0";"1";"0";"0";"1";"0";"1";"0";"0";"0";"0";"0";"0";"0";"0";"0";"1";"1";"0";"0";"1";"1";"0";"0";"0";"0";"0";"0";"0";"0";"1";"0"
"724074";"Khách sạn Minh Kiều (Minh Kieu Hotel)";"02, Thủ Khoa Huân, Phường 1, Mỹ Tho, Mỹ Tho (Tiền Giang), Việt Nam";"Phòng Superior (Superior Room)";"2 người lớn";"307.634";"0";"0";"0";"1";"0";"0";"0";"0";"0";"0";"0";"0";"0";"0";"0";"0";"0";"0";"0";"0";"0";"0";"0";"0";"0";"0";"0";"0";"0";"1";"0";"0";"0";"0";"0";"0";"0";"0";"0";"0";"0";"0";"0";"0";"0";"0";"0";"0";"0";"0";"0";"0";"0";"0";"0";"0";"0";"0";"0";"0";"0";"0";"0";"0";"0";"1";"0";"0";"0";"0";"0";"0";"0";"0";"0";"0";"1";"0";"0";"0";"0";"0";"0";"0";"0";"0";"0";"0";"0";"1";"0";"0";"0";"0";"1";"0";"0";"0";"0";"0";"0";"0"
"724074";"Khách sạn Minh Kiều (Minh Kieu Hotel)";"02, Thủ Khoa Huân, Phường 1, Mỹ Tho, Mỹ Tho (Tiền Giang), Việt Nam";"Phòng Đôi Cấm Hút Thuốc (Double Room Non Smoking)";"2 người lớn & 1 trẻ em (0-5 tuổi)";"321.750";"0";"0";"0";"1";"0";"0";"0";"0";"0";"0";"0";"0";"0";"0";"0";"0";"0";"0";"0";"0";"0";"0";"0";"0";"0";"0";"0";"0";"0";"0";"0";"0";"0";"0";"0";"0";"1";"0";"0";"0";"0";"0";"0";"0";"0";"0";"0";"0";"0";"0";"0";"1";"0";"0";"0";"0";"0";"0";"0";"0";"0";"0";"1";"0";"0";"0";"1";"0";"0";"0";"0";"0";"0";"0";"0";"0";"0";"0";"0";"1";"0";"0";"0";"0";"0";"0";"1";"1";"1";"1";"1";"1";"0";"0";"1";"0";"0";"0";"0";"0";"0";"0"
"724074";"Khách sạn Minh Kiều (Minh Kieu Hotel)";"02, Thủ Khoa Huân, Phường 1, Mỹ Tho, Mỹ Tho (Tiền Giang), Việt Nam";"Phòng Đôi Cấm Hút Thuốc (Double Room Non Smoking)";"2 người lớn";"370.370";"0";"0";"0";"1";"0";"0";"0";"0";"0";"0";"0";"0";"0";"0";"0";"0";"0";"0";"0";"0";"0";"0";"0";"0";"0";"0";"0";"0";"0";"0";"0";"0";"0";"0";"0";"0";"1";"0";"0";"0";"0";"0";"0";"0";"0";"0";"0";"0";"0";"0";"0";"1";"0";"0";"0";"0";"0";"0";"0";"0";"0";"0";"1";"0";"0";"0";"1";"0";"0";"0";"0";"0";"0";"0";"0";"0";"0";"0";"0";"1";"0";"0";"0";"0";"0";"0";"1";"1";"1";"1";"1";"1";"0";"0";"1";"0";"0";"0";"0";"0";"0";"0"
"32355557";"Khách sạn Lạc Hồng Mỹ Tho (Khách Sạn Lạc Hồng Mỹ Tho )";"67 Đường 30/4, Phường 1, Thành phố Mỹ Tho, Tiền Giang, Mỹ Tho, Mỹ Tho (Tiền Giang), Việt Nam, 860000";"Phòng Superior 1 giường đôi (Superior) (Superior Room with 1 Double Bed)";"2 người lớn";"641.744";"0";"0";"0";"1";"0";"0";"0";"0";"0";"0";"0";"0";"0";"0";"0";"0";"0";"0";"0";"1";"0";"0";"0";"0";"0";"0";"0";"0";"0";"0";"0";"0";"0";"0";"0";"0";"0";"0";"0";"0";"0";"0";"0";"0";"0";"0";"0";"0";"0";"0";"0";"0";"0";"1";"0";"0";"1";"0";"0";"0";"0";"0";"0";"0";"0";"0";"1";"0";"1";"1";"0";"0";"0";"0";"0";"1";"1";"0";"0";"0";"0";"0";"0";"0";"0";"0";"1";"0";"0";"0";"1";"0";"1";"0";"1";"0";"0";"0";"0";"0";"0";"0"
"32355557";"Khách sạn Lạc Hồng Mỹ Tho (Khách Sạn Lạc Hồng Mỹ Tho )";"67 Đường 30/4, Phường 1, Thành phố Mỹ Tho, Tiền Giang, Mỹ Tho, Mỹ Tho (Tiền Giang), Việt Nam, 860000";"Phòng Superior có 2 giường đơn (Superior Room With 2 Single Beds)";"2 người lớn";"641.744";"0";"0";"0";"0";"0";"0";"0";"0";"0";"0";"0";"0";"0";"0";"0";"0";"0";"0";"0";"1";"0";"0";"0";"0";"0";"1";"0";"0";"0";"0";"0";"0";"0";"0";"0";"0";"0";"0";"0";"0";"0";"0";"0";"0";"0";"0";"0";"0";"0";"0";"0";"0";"0";"1";"0";"1";"0";"0";"0";"0";"0";"0";"1";"0";"0";"0";"1";"0";"0";"1";"0";"0";"0";"0";"0";"1";"1";"0";"0";"0";"0";"0";"0";"0";"0";"0";"1";"0";"0";"0";"1";"1";"0";"0";"1";"0";"0";"0";"0";"0";"0";"0"
"60812230";"Khu nghỉ dưỡng Cồn Phụng Mekong - Thiên nhiên, đưa đón thuyền & câu cá miễn phí (Cồn Phụng Resort Mekong - Nature Escape with Free Boat Shuttle & Fishing)";"Unnamed, Tân Thạch, Bến Tre, Việt Nam, 86000";"Bungalow Tiêu Chuẩn (Standard Bungalow)";"2 người lớn & 1 trẻ em (0-12 tuổi)";"774.074";"0";"0";"0";"0";"0";"0";"0";"1";"0";"0";"0";"0";"0";"0";"0";"0";"0";"0";"0";"0";"0";"0";"0";"0";"0";"0";"0";"0";"0";"0";"0";"0";"0";"0";"0";"0";"0";"0";"0";"0";"1";"0";"0";"0";"0";"0";"0";"0";"0";"0";"0";"0";"0";"0";"0";"0";"0";"0";"0";"0";"1";"0";"0";"0";"0";"0";"1";"1";"0";"1";"0";"0";"0";"0";"0";"1";"0";"0";"1";"0";"0";"0";"0";"0";"0";"0";"0";"0";"0";"0";"0";"1";"0";"0";"1";"0";"1";"1";"0";"0";"0";"1"
"60812230";"Khu nghỉ dưỡng Cồn Phụng Mekong - Thiên nhiên, đưa đón thuyền & câu cá miễn phí (Cồn Phụng Resort Mekong - Nature Escape with Free Boat Shuttle & Fishing)";"Unnamed, Tân Thạch, Bến Tre, Việt Nam, 86000";"Bungalow Tiêu Chuẩn (Standard Bungalow)";"2 người lớn & 1 trẻ em (0-12 tuổi)";"1.018.519";"0";"0";"0";"0";"0";"0";"0";"1";"0";"0";"0";"0";"0";"0";"0";"0";"0";"0";"0";"0";"0";"0";"0";"0";"0";"0";"0";"0";"0";"0";"0";"0";"0";"0";"0";"0";"0";"0";"0";"0";"1";"0";"0";"0";"0";"0";"0";"0";"0";"0";"0";"0";"0";"0";"0";"0";"0";"0";"0";"0";"1";"0";"0";"0";"0";"0";"1";"1";"0";"1";"0";"0";"0";"0";"0";"1";"0";"0";"1";"0";"0";"0";"0";"0";"0";"0";"0";"0";"0";"0";"0";"1";"0";"0";"1";"0";"1";"1";"0";"0";"0";"1"
"56231226";"Căn hộ 60 m² 1 phòng ngủ, 1 phòng tắm riêng ở Mỹ Tho (Căn hộ đầy đủ tiện nghi cạnh bờ kè sông Mỹ Tho)";"Mỹ Tho, Mỹ Tho (Tiền Giang), Việt Nam";"Căn hộ (Apartment)";"2 người lớn";"694.901";"1";"0";"0";"0";"0";"0";"0";"0";"0";"0";"0";"0";"1";"0";"0";"0";"0";"0";"0";"0";"0";"0";"0";"0";"0";"0";"0";"0";"0";"0";"0";"0";"0";"0";"0";"0";"0";"0";"0";"0";"0";"0";"0";"0";"0";"1";"0";"0";"0";"0";"0";"0";"0";"0";"0";"0";"0";"0";"0";"0";"0";"0";"0";"0";"0";"0";"0";"0";"0";"0";"0";"0";"1";"0";"0";"0";"1";"0";"0";"0";"0";"0";"0";"0";"0";"0";"0";"0";"0";"0";"1";"0";"0";"0";"1";"0";"0";"0";"0";"0";"0";"0"
"61278973";"Onsen Cóc Retreat (Onsen Coc Retreat)";"Đường Ba Thiện, Mỹ Tho, Mỹ Tho (Tiền Giang), Việt Nam";"Phòng 4 Người (Quadruple Room)";"4 người lớn";"1.010.101";"0";"0";"0";"0";"0";"0";"0";"0";"0";"0";"0";"0";"0";"0";"0";"0";"0";"0";"0";"0";"0";"0";"0";"0";"1";"0";"0";"0";"0";"0";"1";"0";"0";"0";"0";"0";"0";"0";"0";"0";"0";"0";"0";"0";"0";"0";"0";"0";"1";"0";"0";"0";"0";"0";"0";"0";"0";"0";"0";"0";"0";"0";"0";"1";"0";"0";"1";"1";"0";"0";"1";"0";"0";"0";"0";"0";"0";"0";"0";"0";"0";"0";"0";"1";"0";"0";"0";"0";"0";"1";"0";"1";"0";"0";"1";"0";"0";"1";"0";"0";"0";"1"
"60747804";"Peach Peach Home";"Mỹ Tho, Mỹ Tho (Tiền Giang), Việt Nam";"Căn Hộ 2 Phòng Ngủ Có Ban Công (Two-Bedroom Apartment with Balcony)";"6 người lớn & 2 trẻ em (1-12 tuổi)";"833.333";"0";"0";"0";"0";"0";"0";"1";"0";"0";"0";"0";"0";"0";"0";"0";"0";"0";"0";"0";"0";"0";"0";"0";"0";"0";"0";"0";"1";"1";"0";"0";"0";"0";"0";"0";"0";"0";"0";"0";"0";"0";"0";"0";"0";"0";"0";"1";"0";"0";"0";"0";"0";"0";"0";"0";"0";"0";"0";"0";"1";"0";"0";"0";"0";"0";"0";"1";"1";"1";"0";"0";"0";"0";"0";"0";"0";"0";"0";"0";"0";"0";"0";"0";"0";"1";"0";"0";"0";"0";"1";"0";"0";"0";"0";"1";"0";"0";"1";"0";"0";"0";"1"
"56231168";"Nhà riêng 60 m² 1 phòng ngủ, 1 phòng tắm riêng ở Mỹ Tho (""TLH"" Premium Riverside Suite 01 overlooking river)";"Mỹ Tho, Mỹ Tho (Tiền Giang), Việt Nam";"Nhà riêng (home)";"2 người lớn & 1 trẻ em (0-7 tuổi)";"734.668";"1";"0";"0";"0";"0";"0";"0";"0";"0";"0";"0";"0";"1";"0";"0";"0";"0";"0";"0";"0";"0";"0";"0";"0";"0";"0";"0";"0";"0";"0";"0";"0";"0";"0";"0";"0";"0";"0";"0";"0";"0";"0";"0";"0";"0";"1";"0";"0";"0";"0";"0";"0";"0";"0";"0";"0";"0";"0";"0";"0";"0";"0";"0";"0";"0";"0";"0";"0";"0";"0";"0";"0";"1";"0";"0";"0";"1";"0";"0";"0";"0";"0";"0";"0";"0";"0";"0";"0";"0";"0";"1";"0";"0";"0";"1";"0";"0";"0";"0";"0";"0";"0"
"37355681";"Coco Island";"Khu du lịch Cồn Phụng, Coco Island, Tân Thạch, Bến Tre, Việt Nam, 930000";"Phòng Tiêu Chuẩn (Standard Room)";"2 người lớn";"592.593";"0";"0";"0";"1";"0";"0";"0";"0";"0";"0";"0";"0";"0";"0";"0";"0";"1";"0";"0";"0";"0";"0";"0";"0";"0";"0";"0";"0";"0";"0";"0";"0";"0";"0";"0";"0";"0";"0";"0";"0";"0";"0";"0";"0";"0";"0";"0";"0";"0";"0";"0";"0";"0";"1";"0";"0";"0";"1";"0";"0";"1";"0";"0";"0";"0";"0";"1";"0";"0";"0";"0";"0";"0";"1";"0";"1";"0";"0";"0";"0";"0";"0";"0";"1";"0";"0";"1";"0";"0";"1";"0";"1";"0";"0";"0";"0";"0";"0";"0";"0";"0";"1"
"37355681";"Coco Island";"Khu du lịch Cồn Phụng, Coco Island, Tân Thạch, Bến Tre, Việt Nam, 930000";"Phòng Tiêu Chuẩn (Standard Room)";"2 người lớn";"680.226";"0";"0";"0";"1";"0";"0";"0";"0";"0";"0";"0";"0";"0";"0";"0";"0";"1";"0";"0";"0";"0";"0";"0";"0";"0";"0";"0";"0";"0";"0";"0";"0";"0";"0";"0";"0";"0";"0";"0";"0";"0";"0";"0";"0";"0";"0";"0";"0";"0";"0";"0";"0";"0";"1";"0";"0";"0";"1";"0";"0";"1";"0";"0";"0";"0";"0";"1";"0";"0";"0";"0";"0";"0";"1";"0";"1";"0";"0";"0";"0";"0";"0";"0";"1";"0";"0";"1";"0";"0";"1";"0";"1";"0";"0";"0";"0";"0";"0";"0";"0";"0";"1"
"37355681";"Coco Island";"Khu du lịch Cồn Phụng, Coco Island, Tân Thạch, Bến Tre, Việt Nam, 930000";"Phòng Giường Đôi Nhìn Ra Vườn (Double Room with Garden View)";"2 người lớn";"888.889";"0";"0";"0";"1";"0";"0";"0";"0";"0";"0";"0";"0";"0";"0";"0";"0";"0";"0";"0";"0";"0";"0";"0";"0";"0";"0";"0";"0";"0";"1";"0";"0";"0";"0";"0";"0";"0";"0";"0";"0";"0";"0";"0";"0";"0";"0";"0";"0";"0";"0";"0";"0";"0";"0";"0";"0";"0";"0";"0";"0";"1";"0";"0";"0";"0";"0";"1";"0";"0";"0";"0";"0";"0";"0";"0";"0";"1";"0";"0";"0";"0";"0";"0";"0";"0";"0";"0";"0";"0";"1";"0";"1";"0";"0";"0";"1";"0";"0";"0";"0";"0";"1"
"78347143";"Hotel Lam Phuong Luxury";"p10 , ap long tuong , my tho, Mỹ Tho, Mỹ Tho (Tiền Giang), Việt Nam, 84116";"Comfort Double Room Single Use, 1 Large Twin Bed, Garden View, Lakeside";"2 người lớn";"313.362";"0";"0";"0";"0";"0";"0";"0";"0";"0";"0";"0";"0";"0";"0";"0";"0";"0";"0";"0";"0";"0";"0";"0";"0";"0";"0";"0";"0";"0";"0";"0";"0";"0";"0";"0";"0";"0";"0";"0";"0";"0";"0";"0";"0";"0";"0";"0";"0";"0";"0";"0";"0";"0";"0";"0";"0";"0";"0";"0";"0";"0";"0";"0";"0";"0";"0";"0";"0";"0";"0";"0";"0";"0";"0";"0";"0";"1";"0";"0";"0";"0";"0";"0";"0";"0";"0";"0";"0";"0";"0";"0";"0";"0";"0";"0";"0";"0";"0";"0";"0";"0";"0"
"74228293";"Trung Lương homestay (TRUNG LUONG HOMESTAY)";"199/3 Tết Mậu Th n, Phường 4 , Mỹ Tho, Mỹ Tho (Tiền Giang), Việt Nam, 860000";"Hai Phòng Ngủ (Two Bedroom)";"2 người lớn & 1 trẻ em (0-5 tuổi)";"455.625";"0";"0";"0";"0";"0";"0";"0";"0";"0";"0";"0";"0";"0";"0";"0";"0";"0";"0";"0";"0";"0";"0";"0";"1";"0";"0";"0";"1";"0";"0";"0";"0";"0";"0";"0";"0";"0";"0";"0";"0";"0";"0";"0";"0";"0";"0";"0";"1";"0";"0";"0";"0";"0";"0";"0";"0";"0";"0";"0";"1";"0";"0";"0";"0";"0";"0";"1";"1";"0";"1";"0";"1";"0";"0";"0";"0";"0";"0";"0";"0";"0";"0";"1";"0";"0";"0";"1";"0";"0";"0";"1";"1";"0";"0";"0";"0";"0";"0";"0";"0";"1";"0"
"74228293";"Trung Lương homestay (TRUNG LUONG HOMESTAY)";"199/3 Tết Mậu Th n, Phường 4 , Mỹ Tho, Mỹ Tho (Tiền Giang), Việt Nam, 860000";"Hai Phòng Ngủ (Two Bedroom)";"3 người lớn & 1 trẻ em (0-5 tuổi)";"585.625";"0";"0";"0";"0";"0";"0";"0";"0";"0";"0";"0";"0";"0";"0";"0";"0";"0";"0";"0";"0";"0";"0";"0";"1";"0";"0";"0";"1";"0";"0";"0";"0";"0";"0";"0";"0";"0";"0";"0";"0";"0";"0";"0";"0";"0";"0";"0";"1";"0";"0";"0";"0";"0";"0";"0";"0";"0";"0";"0";"1";"0";"0";"0";"0";"0";"0";"1";"1";"0";"1";"0";"1";"0";"0";"0";"0";"0";"0";"0";"0";"0";"0";"1";"0";"0";"0";"1";"0";"0";"0";"1";"1";"0";"0";"0";"0";"0";"0";"0";"0";"1";"0"
"46617758";"ISLAND HOMESTAY TIỀN GIANG (ISLAND HOMESTAY TIEN GIANG)";"18 Lê Chân, Mỹ Tho, Mỹ Tho (Tiền Giang), Việt Nam";"Phòng Giường Đôi Nhìn Ra Vườn (Double Room with Garden View)";"2 người lớn";"537.037";"0";"0";"0";"1";"0";"0";"0";"0";"0";"0";"0";"0";"0";"0";"0";"0";"0";"0";"0";"0";"0";"0";"0";"0";"0";"0";"0";"0";"0";"0";"0";"0";"0";"0";"0";"0";"0";"0";"0";"1";"0";"0";"0";"0";"0";"0";"0";"0";"1";"0";"0";"0";"0";"0";"0";"0";"0";"0";"0";"0";"0";"0";"0";"1";"0";"0";"1";"1";"0";"0";"0";"0";"0";"0";"0";"0";"1";"0";"0";"0";"0";"0";"0";"0";"0";"0";"0";"0";"1";"1";"0";"1";"0";"0";"0";"1";"0";"0";"1";"0";"0";"0"
"46617758";"ISLAND HOMESTAY TIỀN GIANG (ISLAND HOMESTAY TIEN GIANG)";"18 Lê Chân, Mỹ Tho, Mỹ Tho (Tiền Giang), Việt Nam";"Phòng Giường Đôi Nhìn Ra Vườn (Double Room with Garden View)";"2 người lớn";"563.889";"0";"0";"0";"1";"0";"0";"0";"0";"0";"0";"0";"0";"0";"0";"0";"0";"0";"0";"0";"0";"0";"0";"0";"0";"0";"0";"0";"0";"0";"0";"0";"0";"0";"0";"0";"0";"0";"0";"0";"1";"0";"0";"0";"0";"0";"0";"0";"0";"1";"0";"0";"0";"0";"0";"0";"0";"0";"0";"0";"0";"0";"0";"0";"1";"0";"0";"1";"1";"0";"0";"0";"0";"0";"0";"0";"0";"1";"0";"0";"0";"0";"0";"0";"0";"0";"0";"0";"0";"1";"1";"0";"1";"0";"0";"0";"1";"0";"0";"1";"0";"0";"0"
"46617758";"ISLAND HOMESTAY TIỀN GIANG (ISLAND HOMESTAY TIEN GIANG)";"18 Lê Chân, Mỹ Tho, Mỹ Tho (Tiền Giang), Việt Nam";"Phòng Giường Đôi Có Ban Công (Double Room with Balcony)";"2 người lớn";"583.333";"0";"0";"0";"0";"0";"0";"0";"0";"0";"0";"0";"1";"0";"0";"0";"0";"0";"1";"0";"0";"0";"0";"0";"0";"0";"0";"0";"0";"0";"0";"0";"0";"0";"0";"0";"0";"0";"0";"0";"0";"0";"0";"0";"0";"0";"0";"0";"0";"1";"0";"0";"0";"0";"0";"0";"0";"0";"0";"0";"0";"1";"0";"0";"0";"0";"0";"1";"1";"0";"0";"0";"0";"0";"0";"0";"0";"1";"0";"0";"0";"0";"0";"0";"0";"0";"0";"0";"0";"1";"1";"0";"1";"0";"0";"0";"1";"0";"0";"1";"0";"0";"0"
"46617758";"ISLAND HOMESTAY TIỀN GIANG (ISLAND HOMESTAY TIEN GIANG)";"18 Lê Chân, Mỹ Tho, Mỹ Tho (Tiền Giang), Việt Nam";"Phòng Giường Đôi Có Ban Công (Double Room with Balcony)";"2 người lớn";"612.500";"0";"0";"0";"0";"0";"0";"0";"0";"0";"0";"0";"1";"0";"0";"0";"0";"0";"1";"0";"0";"0";"0";"0";"0";"0";"0";"0";"0";"0";"0";"0";"0";"0";"0";"0";"0";"0";"0";"0";"0";"0";"0";"0";"0";"0";"0";"0";"0";"1";"0";"0";"0";"0";"0";"0";"0";"0";"0";"0";"0";"1";"0";"0";"0";"0";"0";"1";"1";"0";"0";"0";"0";"0";"0";"0";"0";"1";"0";"0";"0";"0";"0";"0";"0";"0";"0";"0";"0";"1";"1";"0";"1";"0";"0";"0";"1";"0";"0";"1";"0";"0";"0"
"73610815";"Nhà riêng 120 m² 3 phòng ngủ, 3 phòng tắm riêng ở Mỹ Tho (The Little House Lê Văn Phẩm)";"Mỹ Tho, Mỹ Tho (Tiền Giang), Việt Nam";"Nhà riêng (home)";"6 người lớn & 1 trẻ em (0-7 tuổi)";"1.607.086";"0";"0";"1";"0";"0";"0";"0";"0";"0";"0";"0";"0";"0";"0";"0";"1";"0";"0";"0";"0";"0";"0";"0";"0";"0";"0";"0";"0";"0";"0";"0";"0";"0";"0";"0";"0";"0";"1";"1";"0";"0";"0";"0";"0";"0";"0";"0";"0";"0";"0";"0";"0";"1";"0";"0";"0";"0";"0";"0";"0";"0";"0";"0";"0";"0";"0";"1";"0";"0";"0";"0";"0";"0";"0";"0";"0";"0";"0";"0";"0";"0";"0";"0";"0";"1";"0";"0";"0";"1";"0";"1";"0";"0";"0";"1";"0";"0";"0";"0";"0";"0";"0"
"393956";"Khách sạn Trung Lương 2 (Trung Luong Hotel 2)";"Quốc lộ 50,, Mỹ Tho, Mỹ Tho (Tiền Giang), Việt Nam";"Phòng Đôi (Double Room)";"2 người lớn & 1 trẻ em (0-6 tuổi)";"229.599";"0";"0";"0";"1";"0";"0";"0";"0";"0";"0";"0";"0";"0";"0";"0";"0";"0";"0";"0";"0";"0";"0";"0";"0";"0";"0";"0";"0";"0";"1";"0";"0";"0";"0";"0";"0";"0";"0";"0";"0";"0";"0";"0";"0";"0";"0";"0";"0";"0";"0";"0";"0";"0";"0";"0";"0";"0";"0";"0";"0";"0";"0";"0";"1";"0";"1";"1";"1";"0";"1";"0";"1";"0";"0";"0";"0";"0";"0";"0";"0";"1";"0";"0";"0";"0";"0";"0";"0";"1";"0";"1";"1";"0";"0";"0";"0";"0";"0";"0";"0";"1";"0"
"393956";"Khách sạn Trung Lương 2 (Trung Luong Hotel 2)";"Quốc lộ 50,, Mỹ Tho, Mỹ Tho (Tiền Giang), Việt Nam";"Phòng Đôi (Double Room)";"2 người lớn";"286.478";"0";"0";"0";"1";"0";"0";"0";"0";"0";"0";"0";"0";"0";"0";"0";"0";"0";"0";"0";"0";"0";"0";"0";"0";"0";"0";"0";"0";"0";"1";"0";"0";"0";"0";"0";"0";"0";"0";"0";"0";"0";"0";"0";"0";"0";"0";"0";"0";"0";"0";"0";"0";"0";"0";"0";"0";"0";"0";"0";"0";"0";"0";"0";"1";"0";"1";"1";"1";"0";"1";"0";"1";"0";"0";"0";"0";"0";"0";"0";"0";"1";"0";"0";"0";"0";"0";"0";"0";"1";"0";"1";"1";"0";"0";"0";"0";"0";"0";"0";"0";"1";"0"
"393956";"Khách sạn Trung Lương 2 (Trung Luong Hotel 2)";"Quốc lộ 50,, Mỹ Tho, Mỹ Tho (Tiền Giang), Việt Nam";"Phòng Cao Cấp Cho Hai Người (Superior Double Room)";"2 người lớn & 1 trẻ em (0-6 tuổi)";"291.861";"0";"0";"0";"1";"0";"0";"0";"0";"0";"0";"0";"0";"0";"0";"0";"0";"0";"0";"0";"0";"0";"0";"0";"0";"0";"0";"0";"0";"0";"0";"0";"0";"0";"1";"0";"0";"0";"0";"0";"0";"0";"0";"0";"0";"0";"0";"0";"0";"0";"0";"0";"0";"0";"0";"0";"0";"0";"0";"0";"0";"0";"0";"0";"1";"0";"1";"0";"0";"0";"0";"0";"0";"0";"0";"0";"0";"0";"0";"0";"0";"1";"0";"0";"0";"0";"0";"0";"0";"0";"0";"0";"0";"0";"0";"0";"0";"0";"0";"0";"0";"0";"0"
"393956";"Khách sạn Trung Lương 2 (Trung Luong Hotel 2)";"Quốc lộ 50,, Mỹ Tho, Mỹ Tho (Tiền Giang), Việt Nam";"Phòng Cao Cấp Cho Hai Người (Superior Double Room)";"2 người lớn";"358.098";"0";"0";"0";"1";"0";"0";"0";"0";"0";"0";"0";"0";"0";"0";"0";"0";"0";"0";"0";"0";"0";"0";"0";"0";"0";"0";"0";"0";"0";"0";"0";"0";"0";"1";"0";"0";"0";"0";"0";"0";"0";"0";"0";"0";"0";"0";"0";"0";"0";"0";"0";"0";"0";"0";"0";"0";"0";"0";"0";"0";"0";"0";"0";"1";"0";"1";"0";"0";"0";"0";"0";"0";"0";"0";"0";"0";"0";"0";"0";"0";"1";"0";"0";"0";"0";"0";"0";"0";"0";"0";"0";"0";"0";"0";"0";"0";"0";"0";"0";"0";"0";"0"
"810267";"Khách sạn Minh Tài (Minh Tai Hotel)";"01 Đường Nguyễn Huệ, Mỹ Tho, Mỹ Tho (Tiền Giang), Việt Nam";"Phòng Đôi (Double Room)";"2 người lớn";"264.248";"0";"0";"0";"1";"0";"0";"0";"0";"0";"0";"0";"0";"0";"0";"0";"0";"0";"0";"0";"0";"1";"0";"0";"0";"0";"0";"0";"0";"0";"0";"0";"0";"0";"0";"0";"0";"0";"0";"0";"0";"0";"0";"0";"0";"0";"0";"0";"0";"1";"1";"0";"0";"0";"0";"0";"0";"0";"0";"0";"0";"0";"0";"0";"0";"0";"0";"0";"0";"0";"0";"0";"1";"0";"0";"0";"0";"1";"0";"0";"0";"0";"0";"0";"0";"0";"0";"1";"1";"1";"1";"1";"1";"0";"0";"1";"0";"0";"0";"0";"0";"0";"0"
"810267";"Khách sạn Minh Tài (Minh Tai Hotel)";"01 Đường Nguyễn Huệ, Mỹ Tho, Mỹ Tho (Tiền Giang), Việt Nam";"Phòng Đôi (Double Room)";"2 người lớn";"264.550";"0";"0";"0";"1";"0";"0";"0";"0";"0";"0";"0";"0";"0";"0";"0";"0";"0";"0";"0";"0";"1";"0";"0";"0";"0";"0";"0";"0";"0";"0";"0";"0";"0";"0";"0";"0";"0";"0";"0";"0";"0";"0";"0";"0";"0";"0";"0";"0";"1";"1";"0";"0";"0";"0";"0";"0";"0";"0";"0";"0";"0";"0";"0";"0";"0";"0";"0";"0";"0";"0";"0";"1";"0";"0";"0";"0";"1";"0";"0";"0";"0";"0";"0";"0";"0";"0";"1";"1";"1";"1";"1";"1";"0";"0";"1";"0";"0";"0";"0";"0";"0";"0"
"810267";"Khách sạn Minh Tài (Minh Tai Hotel)";"01 Đường Nguyễn Huệ, Mỹ Tho, Mỹ Tho (Tiền Giang), Việt Nam";"Phòng Đôi (Double Room)";"2 người lớn & 2 trẻ em (0-5 tuổi)";"438.753";"0";"0";"0";"1";"0";"0";"0";"0";"0";"0";"0";"0";"0";"0";"0";"0";"0";"0";"0";"0";"1";"0";"0";"0";"0";"0";"0";"0";"0";"0";"0";"0";"0";"0";"0";"0";"0";"0";"0";"0";"0";"0";"0";"0";"0";"0";"0";"0";"1";"1";"0";"0";"0";"0";"0";"0";"0";"0";"0";"0";"0";"0";"0";"0";"0";"0";"0";"0";"0";"0";"0";"1";"0";"0";"0";"0";"1";"0";"0";"0";"0";"0";"0";"0";"0";"0";"1";"1";"1";"1";"1";"1";"0";"0";"1";"0";"0";"0";"0";"0";"0";"0"
"810267";"Khách sạn Minh Tài (Minh Tai Hotel)";"01 Đường Nguyễn Huệ, Mỹ Tho, Mỹ Tho (Tiền Giang), Việt Nam";"Phòng Hai Giường Đơn (Twin Room)";"2 người lớn";"308.642";"0";"0";"0";"0";"0";"0";"0";"0";"0";"0";"0";"0";"0";"0";"0";"0";"0";"0";"0";"0";"0";"0";"0";"0";"0";"1";"0";"0";"0";"1";"0";"0";"0";"0";"0";"0";"0";"0";"0";"0";"0";"0";"0";"0";"0";"0";"0";"0";"1";"0";"0";"1";"0";"0";"0";"0";"0";"0";"0";"0";"0";"0";"0";"0";"0";"0";"0";"0";"0";"0";"0";"1";"0";"0";"0";"0";"1";"0";"0";"0";"0";"0";"0";"0";"0";"0";"1";"1";"1";"1";"1";"1";"0";"0";"1";"0";"0";"0";"0";"0";"0";"0"
"810267";"Khách sạn Minh Tài (Minh Tai Hotel)";"01 Đường Nguyễn Huệ, Mỹ Tho, Mỹ Tho (Tiền Giang), Việt Nam";"Phòng Hai Giường Đơn (Twin Room)";"2 người lớn & 2 trẻ em (0-5 tuổi)";"534.834";"0";"0";"0";"0";"0";"0";"0";"0";"0";"0";"0";"0";"0";"0";"0";"0";"0";"0";"0";"0";"0";"0";"0";"0";"0";"1";"0";"0";"0";"1";"0";"0";"0";"0";"0";"0";"0";"0";"0";"0";"0";"0";"0";"0";"0";"0";"0";"0";"1";"0";"0";"1";"0";"0";"0";"0";"0";"0";"0";"0";"0";"0";"0";"0";"0";"0";"0";"0";"0";"0";"0";"1";"0";"0";"0";"0";"1";"0";"0";"0";"0";"0";"0";"0";"0";"0";"1";"1";"1";"1";"1";"1";"0";"0";"1";"0";"0";"0";"0";"0";"0";"0"
"2736984";"Happy Farm Tien Giang Homestay";"35 Bo Xe Hamlet, Thanh Phu Commune, Chau Thanh District, Mỹ Tho, Mỹ Tho (Tiền Giang), Việt Nam";"Phòng Deluxe Giường Đôi/2 Giường Đơn Nhìn Ra Vườn (Deluxe Double or Twin Room with Garden View)";"2 người lớn";"601.852";"0";"0";"0";"0";"0";"0";"0";"0";"0";"1";"0";"0";"0";"0";"0";"0";"0";"0";"1";"0";"0";"0";"0";"0";"0";"0";"0";"0";"0";"0";"0";"0";"0";"0";"0";"0";"0";"0";"0";"0";"0";"0";"0";"0";"0";"0";"0";"0";"1";"0";"0";"0";"0";"0";"0";"0";"0";"0";"0";"0";"0";"0";"0";"1";"0";"0";"0";"1";"0";"0";"0";"0";"0";"0";"0";"0";"1";"0";"0";"0";"0";"0";"0";"0";"0";"0";"0";"0";"0";"1";"0";"1";"0";"1";"1";"0";"0";"1";"1";"0";"0";"1"
"2736984";"Happy Farm Tien Giang Homestay";"35 Bo Xe Hamlet, Thanh Phu Commune, Chau Thanh District, Mỹ Tho, Mỹ Tho (Tiền Giang), Việt Nam";"Phòng Deluxe Giường Đôi/2 Giường Đơn Nhìn Ra Vườn (Deluxe Double or Twin Room with Garden View)";"1 người lớn Vượt quá sức chứa phòng";"541.667";"0";"0";"0";"0";"0";"0";"0";"0";"0";"1";"0";"0";"0";"0";"0";"0";"0";"0";"1";"0";"0";"0";"0";"0";"0";"0";"0";"0";"0";"0";"0";"0";"0";"0";"0";"0";"0";"0";"0";"0";"0";"0";"0";"0";"0";"0";"0";"0";"1";"0";"0";"0";"0";"0";"0";"0";"0";"0";"0";"0";"0";"0";"0";"1";"0";"0";"0";"1";"0";"0";"0";"0";"0";"0";"0";"0";"1";"0";"0";"0";"0";"0";"0";"0";"0";"0";"0";"0";"0";"1";"0";"1";"0";"1";"1";"0";"0";"1";"1";"0";"0";"1"
"2736984";"Happy Farm Tien Giang Homestay";"35 Bo Xe Hamlet, Thanh Phu Commune, Chau Thanh District, Mỹ Tho, Mỹ Tho (Tiền Giang), Việt Nam";"Cottage Nhìn Ra Vườn (Cottage with Garden View)";"2 người lớn";"601.852";"0";"0";"0";"0";"0";"1";"0";"0";"0";"0";"0";"0";"0";"0";"0";"0";"0";"0";"0";"0";"0";"0";"0";"0";"0";"0";"0";"0";"0";"0";"0";"0";"0";"1";"0";"0";"0";"0";"0";"0";"0";"0";"0";"0";"0";"0";"0";"0";"0";"0";"0";"0";"0";"0";"0";"0";"0";"0";"0";"0";"0";"0";"0";"1";"0";"0";"0";"1";"0";"0";"0";"0";"0";"0";"0";"0";"1";"0";"0";"0";"0";"0";"0";"0";"0";"0";"0";"0";"0";"1";"0";"1";"0";"1";"1";"0";"0";"1";"1";"0";"0";"1"
"2736984";"Happy Farm Tien Giang Homestay";"35 Bo Xe Hamlet, Thanh Phu Commune, Chau Thanh District, Mỹ Tho, Mỹ Tho (Tiền Giang), Việt Nam";"Cottage Nhìn Ra Vườn (Cottage with Garden View)";"1 người lớn & 1 trẻ em (0-6 tuổi) Vượt quá sức chứa phòng";"541.667";"0";"0";"0";"0";"0";"1";"0";"0";"0";"0";"0";"0";"0";"0";"0";"0";"0";"0";"0";"0";"0";"0";"0";"0";"0";"0";"0";"0";"0";"0";"0";"0";"0";"1";"0";"0";"0";"0";"0";"0";"0";"0";"0";"0";"0";"0";"0";"0";"0";"0";"0";"0";"0";"0";"0";"0";"0";"0";"0";"0";"0";"0";"0";"1";"0";"0";"0";"1";"0";"0";"0";"0";"0";"0";"0";"0";"1";"0";"0";"0";"0";"0";"0";"0";"0";"0";"0";"0";"0";"1";"0";"1";"0";"1";"1";"0";"0";"1";"1";"0";"0";"1"
"47564699";"Nhà riêng 100 m² 3 phòng ngủ, 3 phòng tắm riêng ở Mỹ Tho (TLH/ Nhà nguyên căn 3PN đầy đủ tiện nghi)";"Mỹ Tho, Mỹ Tho (Tiền Giang), Việt Nam";"Nhà riêng (home)";"6 người lớn & 1 trẻ em (0-7 tuổi)";"1.171.881";"0";"1";"0";"0";"0";"0";"0";"0";"0";"0";"0";"0";"0";"1";"0";"0";"0";"0";"0";"0";"0";"0";"0";"0";"0";"0";"0";"0";"0";"0";"0";"0";"0";"0";"0";"0";"0";"1";"1";"0";"0";"0";"0";"0";"0";"0";"0";"0";"0";"0";"0";"0";"0";"0";"0";"0";"0";"0";"0";"0";"0";"0";"0";"0";"0";"0";"1";"0";"0";"0";"0";"0";"0";"0";"0";"0";"0";"0";"0";"0";"0";"0";"0";"0";"1";"0";"0";"0";"1";"0";"1";"0";"0";"0";"1";"0";"0";"0";"0";"0";"0";"0"
"80540140";"Nhà riêng m² 1 phòng ngủ, 1 phòng tắm riêng ở Mỹ Tho (CELINE's LOFT)";"Mỹ Tho, Mỹ Tho (Tiền Giang), Việt Nam";"Nhà riêng (home)";"2 người lớn & 1 trẻ em (0-7 tuổi)";"522.733";"0";"0";"0";"0";"0";"1";"0";"0";"0";"0";"0";"0";"1";"0";"0";"0";"0";"0";"0";"0";"0";"0";"0";"0";"0";"0";"0";"0";"0";"0";"0";"0";"0";"0";"0";"0";"0";"0";"0";"1";"0";"0";"0";"0";"0";"0";"0";"0";"0";"0";"0";"0";"0";"0";"0";"0";"0";"0";"0";"0";"0";"0";"0";"0";"0";"0";"0";"0";"0";"0";"0";"0";"1";"0";"0";"0";"1";"0";"0";"0";"0";"0";"0";"0";"0";"0";"0";"0";"0";"0";"1";"0";"0";"0";"1";"0";"0";"0";"0";"0";"0";"0"
"59351250";"M-Homey! Mini Resort";"Mỹ Tho, Mỹ Tho (Tiền Giang), Việt Nam";"Biệt Thự 3 Phòng Ngủ (Three-Bedroom Villa)";"8 người lớn & 6 trẻ em (0-12 tuổi)";"2.013.889";"0";"0";"0";"0";"0";"0";"0";"0";"1";"0";"0";"0";"0";"0";"0";"0";"0";"0";"0";"0";"0";"0";"0";"0";"0";"0";"0";"0";"0";"0";"0";"0";"0";"0";"0";"1";"0";"1";"0";"0";"0";"0";"1";"0";"0";"0";"0";"0";"0";"0";"1";"0";"0";"0";"0";"0";"0";"0";"0";"0";"1";"0";"0";"0";"0";"0";"1";"0";"1";"1";"1";"0";"0";"0";"0";"0";"0";"0";"0";"0";"0";"0";"0";"0";"0";"1";"0";"0";"0";"0";"0";"0";"0";"0";"0";"0";"1";"0";"0";"0";"0";"1"
"66747312";"68b hùng Vương (68b hung Vuong)";"Mỹ Tho, Mỹ Tho (Tiền Giang), Việt Nam";"Căn Hộ 2 Phòng Ngủ (Two-Bedroom Apartment)";"3 người lớn";"272.978";"0";"0";"0";"0";"1";"0";"0";"0";"0";"0";"0";"0";"1";"0";"0";"0";"0";"0";"0";"0";"0";"0";"0";"0";"0";"0";"0";"1";"0";"0";"0";"0";"0";"0";"0";"0";"0";"0";"0";"0";"0";"0";"0";"0";"0";"1";"0";"0";"1";"0";"0";"0";"0";"0";"0";"0";"0";"0";"0";"0";"0";"0";"0";"0";"0";"0";"0";"0";"0";"0";"0";"0";"0";"0";"0";"0";"0";"0";"0";"0";"0";"1";"0";"0";"0";"0";"0";"0";"0";"0";"0";"0";"0";"0";"1";"0";"0";"0";"0";"0";"0";"0"
"15919314";"Bungalow 120 m² 4 phòng ngủ, 4 phòng tắm riêng ở Mỹ Tho (VIP ROOM)";"Mỹ Tho, Mỹ Tho (Tiền Giang), Việt Nam";"Nhà riêng (home)";"6 người lớn & 1 trẻ em (0-12 tuổi)";"964.491";"0";"0";"0";"0";"0";"0";"0";"0";"0";"0";"1";"0";"1";"0";"0";"1";"0";"0";"0";"0";"0";"0";"0";"0";"0";"0";"0";"0";"0";"0";"0";"0";"0";"0";"0";"0";"0";"0";"0";"0";"0";"0";"0";"0";"0";"0";"0";"0";"0";"0";"0";"0";"0";"1";"0";"0";"0";"0";"0";"0";"0";"0";"0";"0";"0";"0";"0";"0";"0";"0";"0";"0";"1";"0";"0";"0";"0";"0";"0";"0";"0";"0";"0";"0";"1";"0";"0";"0";"0";"0";"1";"0";"0";"0";"1";"0";"0";"0";"0";"0";"0";"0"
"80540139";"Nhà riêng m² 1 phòng ngủ, 1 phòng tắm riêng ở Mỹ Tho (Chloe's Room)";"Mỹ Tho, Mỹ Tho (Tiền Giang), Việt Nam";"Nhà riêng (home)";"2 người lớn & 1 trẻ em (0-7 tuổi)";"720.074";"0";"0";"0";"0";"0";"1";"0";"0";"0";"0";"0";"0";"1";"0";"0";"0";"0";"0";"0";"0";"0";"0";"0";"0";"0";"0";"0";"0";"0";"0";"0";"0";"0";"0";"0";"0";"0";"0";"0";"0";"0";"0";"0";"0";"1";"0";"0";"0";"0";"0";"0";"0";"0";"0";"0";"0";"0";"0";"0";"0";"0";"0";"0";"0";"0";"0";"0";"0";"0";"0";"0";"0";"1";"0";"0";"0";"1";"0";"0";"0";"0";"0";"0";"0";"0";"0";"0";"0";"0";"0";"1";"0";"0";"0";"1";"0";"0";"0";"0";"0";"0";"0"
"28232285";"Island Homestay";"18 le chan, Mỹ Tho, Mỹ Tho (Tiền Giang), Việt Nam";"Standard Double Room, 1 Bedroom, River View (1 Double Bed and 1 Twin Bed)";"2 người lớn";"559.636";"0";"0";"0";"0";"0";"0";"0";"0";"0";"0";"0";"0";"0";"0";"0";"0";"0";"0";"0";"0";"0";"0";"0";"0";"0";"0";"0";"0";"0";"0";"0";"0";"0";"0";"0";"0";"0";"0";"0";"0";"0";"0";"0";"0";"0";"0";"0";"0";"0";"0";"0";"0";"0";"0";"0";"0";"0";"0";"0";"0";"0";"0";"0";"0";"0";"0";"0";"0";"0";"0";"0";"0";"0";"0";"0";"0";"1";"0";"0";"0";"0";"0";"0";"0";"0";"0";"0";"0";"0";"0";"0";"0";"0";"0";"0";"0";"0";"0";"0";"0";"0";"0"
"287616";"Khách Sạn Chương Dương (Chuong Duong Hotel)";"Số 10, Đường 30 Tháng 4, Mỹ Tho, Mỹ Tho (Tiền Giang), Việt Nam";"Phòng Đôi Cao Cấp (Superior Double Room)";"2 người lớn";"687.827";"0";"0";"0";"1";"0";"0";"0";"0";"0";"0";"0";"0";"0";"0";"0";"0";"0";"0";"0";"0";"0";"0";"0";"0";"0";"0";"0";"0";"0";"0";"0";"1";"0";"0";"0";"0";"0";"0";"0";"0";"0";"0";"0";"0";"0";"0";"0";"0";"0";"0";"0";"0";"0";"0";"0";"0";"0";"0";"0";"0";"0";"0";"0";"0";"0";"0";"0";"0";"0";"0";"0";"0";"0";"0";"0";"0";"1";"0";"0";"0";"0";"0";"0";"0";"0";"0";"0";"0";"0";"0";"0";"0";"0";"0";"0";"0";"0";"0";"0";"0";"0";"0"
"287616";"Khách Sạn Chương Dương (Chuong Duong Hotel)";"Số 10, Đường 30 Tháng 4, Mỹ Tho, Mỹ Tho (Tiền Giang), Việt Nam";"Phòng Superior 2 giường đơn (Superior Twin Room)";"2 người lớn";"687.827";"0";"0";"0";"0";"0";"0";"0";"0";"0";"0";"0";"0";"0";"0";"0";"0";"0";"0";"0";"0";"0";"0";"0";"0";"0";"1";"0";"0";"0";"0";"0";"1";"0";"0";"0";"0";"0";"0";"0";"0";"0";"0";"0";"0";"0";"0";"0";"0";"0";"0";"0";"0";"0";"0";"0";"0";"0";"0";"0";"0";"0";"0";"0";"0";"0";"0";"0";"0";"0";"0";"0";"0";"0";"0";"0";"0";"1";"0";"0";"0";"0";"0";"0";"0";"0";"0";"0";"0";"0";"0";"0";"0";"0";"0";"0";"0";"0";"0";"0";"0";"0";"0"
"60766710";"Nhà trệt 31 m² 1 phòng ngủ, 1 phòng tắm riêng ở Tân Thạch (S'Bungalow Bến Tre)";"Tân Thạch, Bến Tre, Việt Nam";"Nhà trệt (Bungalow)";"2 người lớn & 1 trẻ em (0-7 tuổi)";"1.303.717";"1";"0";"0";"0";"0";"0";"0";"0";"0";"0";"0";"0";"1";"0";"0";"0";"0";"0";"0";"0";"0";"0";"0";"0";"0";"0";"0";"0";"0";"0";"0";"0";"0";"0";"0";"0";"0";"0";"0";"0";"1";"0";"0";"0";"0";"0";"0";"0";"0";"0";"0";"0";"0";"0";"0";"0";"0";"0";"0";"0";"0";"0";"0";"0";"0";"0";"0";"0";"0";"0";"0";"0";"1";"0";"0";"0";"1";"0";"0";"0";"0";"0";"0";"0";"0";"0";"0";"0";"0";"0";"1";"0";"0";"0";"1";"0";"0";"0";"0";"0";"0";"0"
