hotel_id;hotel_name;hotel_address;room_type_name;option_name;option_price;1 giường lớn;1 giường lớn & 1 giường đôi;1 giường lớn & 1 giường đôi & 1 giường đôi & 1 giường sofa hoặc 2 nệm futon;1 giường lớn & 1 giường đôi lớn;1 giường lớn & 2 giường đơn;1 giường lớn hoặc 2 giường đơn;1 giường lớn và 1 giường đơn;1 giường lớn và 2 giường đơn;1 giường siêu lớn & 1 giường sofa;1 giường siêu lớn & 1 giường đôi lớn & 1 giường sofa;1 giường siêu lớn hoặc 1 nệm futon & 1 giường sofa;1 giường sofa;1 giường sofa & 1 giường đôi lớn & 1 giường đôi & 1 giường đôi lớn và 1 nệm futon;1 giường đôi;1 giường đôi & 1 giường sofa;1 giường đôi & 1 giường sofa & 1 giường đôi lớn;1 giường đôi & 1 giường đôi & 1 giường sofa;1 giường đôi & 1 giường đôi & 1 giường đôi & 1 giường sofa;1 giường đôi hoặc 1 giường đôi & 1 giường sofa;1 giường đôi lớn;1 giường đôi lớn & 1 giường sofa;1 giường đôi lớn & 1 giường đôi lớn & 1 giường đôi lớn & 1 giường đơn;1 giường đôi lớn & 1 giường đôi nhỏ & 1 giường đơn;1 giường đôi lớn và 1 giường lớn;1 giường đôi lớn và 1 giường đôi nhỏ;1 giường đôi lớn và 1 giường đơn;2 giường lớn;2 giường đôi;2 giường đôi lớn;2 giường đơn;2 giường đơn và 1 giường đôi;2 phòng ngủ;2 phòng tắm;3 giường đơn;3 phòng ngủ;4 giường đôi lớn;5 phòng tắm;Ban công/sân hiên;Bể bơi riêng;Bồn tắm;Bồn tắm tạo sóng;Bồn tắm/vòi sen riêng;Chăn điện;Cà phê hòa tan miễn phí;Cửa sổ;Cửa sổ có thể mở ra;Cửa sổ mở;Diện tích phòng: 102 m²;Diện tích phòng: 116 m²;Diện tích phòng: 120 m²;Diện tích phòng: 122 m²;Diện tích phòng: 20 m²;Diện tích phòng: 22 m²;Diện tích phòng: 225 m²;Diện tích phòng: 24 m²;Diện tích phòng: 25 m²;Diện tích phòng: 277 m²;Diện tích phòng: 28 m²;Diện tích phòng: 30 m²;Diện tích phòng: 33 m²;Diện tích phòng: 35 m²;Diện tích phòng: 38 m²;Diện tích phòng: 40 m²;Diện tích phòng: 45 m²;Diện tích phòng: 46 m²;Diện tích phòng: 47 m²;Diện tích phòng: 48 m²;Diện tích phòng: 50 m²;Diện tích phòng: 52 m²;Diện tích phòng: 55 m²;Diện tích phòng: 56 m²;Diện tích phòng: 60 m²;Diện tích phòng: 62 m²;Diện tích phòng: 66 m²;Diện tích phòng: 68 m²;Diện tích phòng: 70 m²;Diện tích phòng: 72 m²;Diện tích phòng: 76 m²;Diện tích phòng: 80 m²;Diện tích phòng: 85 m²;Giường cực dài;Hành lang ngoài;Hướng Biển;Hướng Bãi biển;Hướng Núi;Hướng Sân trong;Hướng Thiên nhiên;Hướng Thành phố;Hướng Vườn;Hướng biển (hướng một phần);Hướng Đại dương;Không hút thuốc;Lối vào bãi biển riêng;Máy pha trà/cà phê;Máy sấy tóc;Nước đóng chai miễn phí;Phòng xông khô;Quyền sử dụng spa miễn phí;Rèm che ánh sáng;Rượu;Truy cập Internet - không dây;Trà miễn phí;Trái cây/đồ ăn vặt;Tủ lạnh;Tủ lạnh nhỏ trong phòng;Tủ quần áo;Vòi sen;phòng tắm riêng;tầng cao;tầng thượng;tầng thấp;tầng trệt;Điều hòa;Điều hòa cá nhân;Được vào phòng chờ Thương Gia;Đồ dùng cho giấc ngủ thoải mái;Đồ gỗ ngoài trời;Ấm nước;Ấm nước điện
36643921;Căn hộ The Sóng Vũng Tàu - Green House (The Sóng Apartment Vũng Tàu - Green House);No. 28, Thi Sach Street, The Song, The Sóng, Thắng Tam, Vũng Tàu, Việt Nam, 78000;Căn hộ cho 2 người (Apartment for 2 People);Thông tin sức chứa phòng: 2 người lớn.;"279.052
₫";0;0;0;0;0;0;0;0;0;0;0;0;0;0;1;0;0;0;0;0;0;0;0;0;0;0;0;0;0;0;0;0;0;0;0;0;0;1;0;0;0;0;0;0;0;0;0;0;0;0;0;0;0;0;0;0;0;0;0;0;0;0;0;0;0;0;1;0;0;0;0;0;0;0;0;0;0;0;0;0;0;1;0;0;0;0;0;0;0;0;0;1;0;0;0;0;0;0;0;0;0;0;0;1;0;1;0;0;0;0;1;0;0;1;0;0;0;0;0
36643921;Căn hộ The Sóng Vũng Tàu - Green House (The Sóng Apartment Vũng Tàu - Green House);No. 28, Thi Sach Street, The Song, The Sóng, Thắng Tam, Vũng Tàu, Việt Nam, 78000;Căn hộ cho 2 người (Apartment for 2 People);Thông tin sức chứa phòng: 2 người lớn.;"304.762
₫";0;0;0;0;0;0;0;0;0;0;0;0;0;0;1;0;0;0;0;0;0;0;0;0;0;0;0;0;0;0;0;0;0;0;0;0;0;1;0;0;0;0;0;0;0;0;0;0;0;0;0;0;0;0;0;0;0;0;0;0;0;0;0;0;0;0;1;0;0;0;0;0;0;0;0;0;0;0;0;0;0;1;0;0;0;0;0;0;0;0;0;1;0;0;0;0;0;0;0;0;0;0;0;1;0;1;0;0;0;0;1;0;0;1;0;0;0;0;0
36643921;Căn hộ The Sóng Vũng Tàu - Green House (The Sóng Apartment Vũng Tàu - Green House);No. 28, Thi Sach Street, The Song, The Sóng, Thắng Tam, Vũng Tàu, Việt Nam, 78000;Căn hộ 1 phòng ngủ có ban công (1-Bedroom Apartment with Terrace);Thông tin sức chứa phòng: 3 người lớn.;"314.196
₫";0;0;0;0;0;0;0;0;0;0;0;0;0;0;1;0;0;0;0;0;0;0;0;0;0;0;0;0;0;0;0;0;0;0;0;0;0;1;0;0;0;0;0;0;0;0;0;0;0;0;0;0;0;0;0;0;0;0;0;0;0;0;0;0;0;0;1;0;0;0;0;0;0;0;0;0;0;0;0;0;0;1;0;0;0;0;0;0;0;0;0;1;0;0;0;0;0;0;1;0;0;0;0;0;0;1;0;0;0;0;1;0;0;1;0;0;0;0;0
36643921;Căn hộ The Sóng Vũng Tàu - Green House (The Sóng Apartment Vũng Tàu - Green House);No. 28, Thi Sach Street, The Song, The Sóng, Thắng Tam, Vũng Tàu, Việt Nam, 78000;Căn hộ 1 phòng ngủ có ban công (1-Bedroom Apartment with Terrace);Thông tin sức chứa phòng: 3 người lớn.;"325.926
₫";0;0;0;0;0;0;0;0;0;0;0;0;0;0;1;0;0;0;0;0;0;0;0;0;0;0;0;0;0;0;0;0;0;0;0;0;0;1;0;0;0;0;0;0;0;0;0;0;0;0;0;0;0;0;0;0;0;0;0;0;0;0;0;0;0;0;1;0;0;0;0;0;0;0;0;0;0;0;0;0;0;1;0;0;0;0;0;0;0;0;0;1;0;0;0;0;0;0;1;0;0;0;0;0;0;1;0;0;0;0;1;0;0;1;0;0;0;0;0
36643921;Căn hộ The Sóng Vũng Tàu - Green House (The Sóng Apartment Vũng Tàu - Green House);No. 28, Thi Sach Street, The Song, The Sóng, Thắng Tam, Vũng Tàu, Việt Nam, 78000;Căn hộ 2 phòng ngủ (2-Bedroom Apartment);Thông tin sức chứa phòng: 4 người lớn.;"340.039
₫";0;0;0;0;0;0;0;0;0;0;0;0;0;0;0;0;1;0;0;0;0;0;0;0;0;0;0;0;0;0;0;1;0;0;0;0;0;1;1;0;0;0;0;0;0;0;0;0;0;0;0;0;0;0;0;0;0;0;0;0;0;0;0;0;0;0;0;1;0;0;0;0;0;0;0;0;0;0;0;0;0;1;0;0;0;0;0;0;0;0;0;0;1;0;0;0;0;0;0;0;0;0;0;0;0;1;0;0;0;0;0;1;0;0;0;0;0;0;0
36643921;Căn hộ The Sóng Vũng Tàu - Green House (The Sóng Apartment Vũng Tàu - Green House);No. 28, Thi Sach Street, The Song, The Sóng, Thắng Tam, Vũng Tàu, Việt Nam, 78000;Căn hộ 2 phòng ngủ (2-Bedroom Apartment);Thông tin sức chứa phòng: 4 người lớn.;"352.734
₫";0;0;0;0;0;0;0;0;0;0;0;0;0;0;0;0;1;0;0;0;0;0;0;0;0;0;0;0;0;0;0;1;0;0;0;0;0;1;1;0;0;0;0;0;0;0;0;0;0;0;0;0;0;0;0;0;0;0;0;0;0;0;0;0;0;0;0;1;0;0;0;0;0;0;0;0;0;0;0;0;0;1;0;0;0;0;0;0;0;0;0;0;1;0;0;0;0;0;0;0;0;0;0;0;0;1;0;0;0;0;0;1;0;0;0;0;0;0;0
36643921;Căn hộ The Sóng Vũng Tàu - Green House (The Sóng Apartment Vũng Tàu - Green House);No. 28, Thi Sach Street, The Song, The Sóng, Thắng Tam, Vũng Tàu, Việt Nam, 78000;Căn hộ 2 phòng ngủ có ban công (2 Bedroom Apartment, Balcony);Thông tin sức chứa phòng: 5 người lớn.;"469.655
₫";0;0;0;0;0;0;0;0;0;0;0;0;0;0;0;0;1;0;0;0;0;0;0;0;0;0;0;0;0;0;0;1;0;0;0;0;0;1;1;0;0;0;0;0;0;0;0;0;0;0;0;0;0;0;0;0;0;0;0;0;0;0;0;0;0;0;0;0;1;0;0;0;0;0;0;0;0;0;0;0;0;1;0;0;0;0;0;0;0;0;0;0;0;0;0;0;0;0;0;0;0;0;0;0;0;1;0;0;0;0;0;1;0;1;0;0;0;0;0
36643921;Căn hộ The Sóng Vũng Tàu - Green House (The Sóng Apartment Vũng Tàu - Green House);No. 28, Thi Sach Street, The Song, The Sóng, Thắng Tam, Vũng Tàu, Việt Nam, 78000;Căn hộ 2 phòng ngủ có ban công (2 Bedroom Apartment, Balcony);Thông tin sức chứa phòng: 5 người lớn.;"633.568
₫";0;0;0;0;0;0;0;0;0;0;0;0;0;0;0;0;1;0;0;0;0;0;0;0;0;0;0;0;0;0;0;1;0;0;0;0;0;1;1;0;0;0;0;0;0;0;0;0;0;0;0;0;0;0;0;0;0;0;0;0;0;0;0;0;0;0;0;0;1;0;0;0;0;0;0;0;0;0;0;0;0;1;0;0;0;0;0;0;0;0;0;0;0;0;0;0;0;0;0;0;0;0;0;0;0;1;0;0;0;0;0;1;0;1;0;0;0;0;0
36643921;Căn hộ The Sóng Vũng Tàu - Green House (The Sóng Apartment Vũng Tàu - Green House);No. 28, Thi Sach Street, The Song, The Sóng, Thắng Tam, Vũng Tàu, Việt Nam, 78000;Căn hộ hướng biển (Sea View Apartment);Thông tin sức chứa phòng: 2 người lớn.;"626.351
₫";0;0;0;0;0;0;0;0;0;0;0;0;0;0;0;0;0;1;0;0;0;0;0;0;0;0;0;0;0;0;0;0;1;0;1;0;0;1;1;0;0;0;0;0;0;0;0;0;0;0;0;0;0;0;0;0;0;0;0;0;0;0;0;0;0;0;0;0;0;0;0;0;0;0;0;0;1;0;0;0;0;1;0;1;0;0;0;0;0;0;0;1;0;0;0;0;0;0;0;0;0;0;0;0;0;0;0;0;0;0;0;0;0;0;0;0;0;0;0
36643921;Căn hộ The Sóng Vũng Tàu - Green House (The Sóng Apartment Vũng Tàu - Green House);No. 28, Thi Sach Street, The Song, The Sóng, Thắng Tam, Vũng Tàu, Việt Nam, 78000;Căn hộ hướng biển (Sea View Apartment);Thông tin sức chứa phòng: 2 người lớn.;"651.852
₫";0;0;0;0;0;0;0;0;0;0;0;0;0;0;0;0;0;1;0;0;0;0;0;0;0;0;0;0;0;0;0;0;1;0;1;0;0;1;1;0;0;0;0;0;0;0;0;0;0;0;0;0;0;0;0;0;0;0;0;0;0;0;0;0;0;0;0;0;0;0;0;0;0;0;0;0;1;0;0;0;0;1;0;1;0;0;0;0;0;0;0;1;0;0;0;0;0;0;0;0;0;0;0;0;0;0;0;0;0;0;0;0;0;0;0;0;0;0;0
44184739;Căn hộ The Sóng - Mai Villa Vũng Tàu (The Song Apartment - Can Ho The Song - Mai Villa Vung Tau);28 Thi Sach Street, Ward 8, Vung Tau City, Ba Ria - Vung Tau, Thắng Tam, Vũng Tàu, Việt Nam;Căn 1 phòng ngủ có ban công (1-Bedroom Residence with Balcony);Thông tin sức chứa phòng: 2 người lớn và 1 trẻ em.;"353.256
₫";0;0;0;0;0;0;0;0;0;0;0;0;0;0;1;0;0;0;0;0;0;0;0;0;0;0;0;0;0;0;0;0;0;0;0;0;0;1;0;0;0;0;0;0;1;0;0;0;0;0;0;0;0;0;0;0;0;0;0;0;0;0;0;0;0;0;1;0;0;0;0;0;0;0;0;0;0;0;0;0;0;0;0;0;0;1;0;0;0;0;0;0;0;0;0;0;0;0;1;0;0;0;0;0;1;1;0;1;0;0;0;0;0;0;0;0;0;0;0
44184739;Căn hộ The Sóng - Mai Villa Vũng Tàu (The Song Apartment - Can Ho The Song - Mai Villa Vung Tau);28 Thi Sach Street, Ward 8, Vung Tau City, Ba Ria - Vung Tau, Thắng Tam, Vũng Tàu, Việt Nam;Căn 1 phòng ngủ có ban công (1-Bedroom Residence with Balcony);Thông tin sức chứa phòng: 2 người lớn và 1 trẻ em.;"1.574.074
₫";0;0;0;0;0;0;0;0;0;0;0;0;0;0;1;0;0;0;0;0;0;0;0;0;0;0;0;0;0;0;0;0;0;0;0;0;0;1;0;0;0;0;0;0;1;0;0;0;0;0;0;0;0;0;0;0;0;0;0;0;0;0;0;0;0;0;1;0;0;0;0;0;0;0;0;0;0;0;0;0;0;0;0;0;0;1;0;0;0;0;0;0;0;0;0;0;0;0;1;0;0;0;0;0;1;1;0;1;0;0;0;0;0;0;0;0;0;0;0
44184739;Căn hộ The Sóng - Mai Villa Vũng Tàu (The Song Apartment - Can Ho The Song - Mai Villa Vung Tau);28 Thi Sach Street, Ward 8, Vung Tau City, Ba Ria - Vung Tau, Thắng Tam, Vũng Tàu, Việt Nam;Căn Hộ - 2 Giường Đôi (Apartment - 2 Double Beds);Thông tin sức chứa phòng: 4 người lớn.;"425.049
₫";0;0;0;0;0;0;0;0;0;0;0;0;0;0;0;0;1;0;0;0;0;0;0;0;0;0;0;0;0;0;0;1;0;0;0;0;0;1;0;0;0;0;0;0;0;0;0;0;0;0;0;0;0;0;0;0;0;0;0;0;0;0;0;0;0;0;0;1;0;0;0;0;0;0;0;0;0;0;0;0;0;1;0;0;0;1;0;0;0;0;0;0;0;0;0;0;0;0;0;0;0;0;0;0;0;1;0;1;0;0;0;0;1;0;0;0;0;0;0
44184739;Căn hộ The Sóng - Mai Villa Vũng Tàu (The Song Apartment - Can Ho The Song - Mai Villa Vung Tau);28 Thi Sach Street, Ward 8, Vung Tau City, Ba Ria - Vung Tau, Thắng Tam, Vũng Tàu, Việt Nam;Căn Hộ - 2 Giường Đôi (Apartment - 2 Double Beds);Thông tin sức chứa phòng: 4 người lớn.;"2.337.500
₫";0;0;0;0;0;0;0;0;0;0;0;0;0;0;0;0;1;0;0;0;0;0;0;0;0;0;0;0;0;0;0;1;0;0;0;0;0;1;0;0;0;0;0;0;0;0;0;0;0;0;0;0;0;0;0;0;0;0;0;0;0;0;0;0;0;0;0;1;0;0;0;0;0;0;0;0;0;0;0;0;0;1;0;0;0;1;0;0;0;0;0;0;0;0;0;0;0;0;0;0;0;0;0;0;0;1;0;1;0;0;0;0;1;0;0;0;0;0;0
44184739;Căn hộ The Sóng - Mai Villa Vũng Tàu (The Song Apartment - Can Ho The Song - Mai Villa Vung Tau);28 Thi Sach Street, Ward 8, Vung Tau City, Ba Ria - Vung Tau, Thắng Tam, Vũng Tàu, Việt Nam;Căn Hộ 1 Phòng Ngủ Có Ban Công và Cảnh (1 Bedroom Apartment with Balcony and Views);Thông tin sức chứa phòng: 2 người lớn và 1 trẻ em.;"518.590
₫";0;0;0;0;0;0;0;0;0;0;0;0;0;0;1;0;0;0;0;0;0;0;0;0;0;0;0;0;0;0;0;0;0;0;0;0;0;0;0;0;0;0;0;0;0;0;0;0;0;0;0;0;0;0;0;0;0;0;0;0;0;0;0;0;0;0;1;0;0;0;0;0;0;0;0;0;0;0;0;0;0;0;0;0;0;0;0;1;0;0;0;0;0;0;0;0;0;0;0;0;0;0;0;0;0;0;0;0;0;0;0;0;0;0;0;0;0;0;0
44184739;Căn hộ The Sóng - Mai Villa Vũng Tàu (The Song Apartment - Can Ho The Song - Mai Villa Vung Tau);28 Thi Sach Street, Ward 8, Vung Tau City, Ba Ria - Vung Tau, Thắng Tam, Vũng Tàu, Việt Nam;Căn Hộ 2 Phòng Ngủ Hướng Thành Phố (Two-Bedroom Apartment with City View);Thông tin sức chứa phòng: 4 người lớn.;"540.636
₫";0;0;0;0;0;0;0;0;0;0;0;0;0;0;0;0;0;0;1;0;0;0;0;0;0;0;0;0;0;0;0;0;0;0;0;0;0;1;0;0;0;0;0;0;0;0;0;0;0;0;0;0;0;0;0;0;0;0;0;0;0;0;0;0;0;0;0;0;1;0;0;0;0;0;0;0;0;0;0;0;0;0;0;0;0;0;0;1;0;0;0;0;0;0;0;0;0;0;1;0;0;0;0;0;1;1;0;0;0;0;0;0;1;0;0;0;0;1;0
44184739;Căn hộ The Sóng - Mai Villa Vũng Tàu (The Song Apartment - Can Ho The Song - Mai Villa Vung Tau);28 Thi Sach Street, Ward 8, Vung Tau City, Ba Ria - Vung Tau, Thắng Tam, Vũng Tàu, Việt Nam;3 Giường - Căn Hộ Dịch Vụ (3 Beds - Service Apartment);Thông tin sức chứa phòng: 5 người lớn.;"868.086
₫";0;0;0;0;0;0;0;0;0;0;0;0;0;0;0;0;0;1;0;0;0;0;0;0;0;0;0;0;0;0;0;0;1;0;1;0;0;1;0;0;0;0;0;0;1;0;0;0;0;0;0;0;0;0;0;0;0;0;0;0;0;0;0;0;0;0;0;0;0;0;0;0;0;0;0;0;1;0;0;0;0;1;1;0;0;0;0;0;0;0;0;0;0;0;0;0;0;0;0;0;0;0;0;0;0;0;0;1;1;0;0;0;0;0;0;0;0;0;0
44184739;Căn hộ The Sóng - Mai Villa Vũng Tàu (The Song Apartment - Can Ho The Song - Mai Villa Vung Tau);28 Thi Sach Street, Ward 8, Vung Tau City, Ba Ria - Vung Tau, Thắng Tam, Vũng Tàu, Việt Nam;3 Giường - Căn Hộ Dịch Vụ (3 Beds - Service Apartment);Thông tin sức chứa phòng: 5 người lớn.;"3.148.148
₫";0;0;0;0;0;0;0;0;0;0;0;0;0;0;0;0;0;1;0;0;0;0;0;0;0;0;0;0;0;0;0;0;1;0;1;0;0;1;0;0;0;0;0;0;1;0;0;0;0;0;0;0;0;0;0;0;0;0;0;0;0;0;0;0;0;0;0;0;0;0;0;0;0;0;0;0;1;0;0;0;0;1;1;0;0;0;0;0;0;0;0;0;0;0;0;0;0;0;0;0;0;0;0;0;0;0;0;1;1;0;0;0;0;0;0;0;0;0;0
44184739;Căn hộ The Sóng - Mai Villa Vũng Tàu (The Song Apartment - Can Ho The Song - Mai Villa Vung Tau);28 Thi Sach Street, Ward 8, Vung Tau City, Ba Ria - Vung Tau, Thắng Tam, Vũng Tàu, Việt Nam;Căn Hộ Hướng Biển 3 Phòng Ngủ Có Ban Công (3-Bedroom Sea View Apartment with Balcony);Thông tin sức chứa phòng: 6 người lớn.;"1.086.001
₫";0;0;1;0;0;0;0;0;0;0;0;0;0;0;0;0;0;0;0;0;0;0;0;0;0;0;0;0;0;0;0;0;1;0;1;0;0;1;0;1;0;0;0;0;0;0;0;0;0;0;1;0;0;0;0;0;0;0;0;0;0;0;0;0;0;0;0;0;0;0;0;0;0;0;0;0;0;0;0;0;0;1;0;0;0;0;0;0;0;0;1;0;0;0;0;0;0;0;0;0;0;0;0;0;0;0;0;1;0;0;0;0;0;0;0;0;0;0;0
44184739;Căn hộ The Sóng - Mai Villa Vũng Tàu (The Song Apartment - Can Ho The Song - Mai Villa Vung Tau);28 Thi Sach Street, Ward 8, Vung Tau City, Ba Ria - Vung Tau, Thắng Tam, Vũng Tàu, Việt Nam;Căn Hộ Hướng Biển 3 Phòng Ngủ Có Ban Công (3-Bedroom Sea View Apartment with Balcony);Thông tin sức chứa phòng: 7 người lớn.;"4.722.222
₫";0;0;1;0;0;0;0;0;0;0;0;0;0;0;0;0;0;0;0;0;0;0;0;0;0;0;0;0;0;0;0;0;1;0;1;0;0;1;0;1;0;0;0;0;0;0;0;0;0;0;1;0;0;0;0;0;0;0;0;0;0;0;0;0;0;0;0;0;0;0;0;0;0;0;0;0;0;0;0;0;0;1;0;0;0;0;0;0;0;0;1;0;0;0;0;0;0;0;0;0;0;0;0;0;0;0;0;1;0;0;0;0;0;0;0;0;0;0;0
5436583;;;Superior Queen Partial Sea View;Thông tin sức chứa phòng: 2 người lớn.;"1.581.749
₫";0;0;0;0;0;0;0;0;0;0;0;0;0;0;0;0;0;0;0;1;0;0;0;0;0;0;0;0;0;0;0;0;0;0;0;0;0;0;0;0;0;0;0;1;0;0;0;0;0;0;0;0;0;0;1;0;0;0;0;0;0;0;0;0;0;0;0;0;0;0;0;0;0;0;0;0;0;0;0;0;0;0;0;0;0;0;0;0;0;0;1;1;0;0;0;0;0;0;1;0;0;0;0;0;0;1;0;1;0;0;0;0;1;0;0;0;0;0;0
5436583;;;Superior Queen Partial Sea View;Thông tin sức chứa phòng: 2 người lớn.;"2.019.048
₫";0;0;0;0;0;0;0;0;0;0;0;0;0;0;0;0;0;0;0;1;0;0;0;0;0;0;0;0;0;0;0;0;0;0;0;0;0;0;0;0;0;0;0;1;0;0;0;0;0;0;0;0;0;0;1;0;0;0;0;0;0;0;0;0;0;0;0;0;0;0;0;0;0;0;0;0;0;0;0;0;0;0;0;0;0;0;0;0;0;0;1;1;0;0;0;0;0;0;1;0;0;0;0;0;0;1;0;1;0;0;0;0;1;0;0;0;0;0;0
5436583;;;Deluxe giường King Hướng phố (Deluxe King City View);Thông tin sức chứa phòng: 2 người lớn và 1 trẻ em.;"1.733.078
₫";1;0;0;0;0;0;0;0;0;0;0;0;0;0;0;0;0;0;0;0;0;0;0;0;0;0;0;0;0;0;0;0;0;0;0;0;0;0;0;0;0;0;0;0;1;0;0;0;0;0;0;0;0;0;0;0;0;0;1;0;0;0;0;0;0;0;0;0;0;0;0;0;0;0;0;0;0;0;0;0;0;0;0;0;0;0;0;1;0;0;0;1;0;0;0;0;0;0;1;0;0;0;0;0;0;1;0;1;0;0;0;0;1;0;0;0;0;0;0
5436583;;;Deluxe giường King Hướng phố (Deluxe King City View);Thông tin sức chứa phòng: 2 người lớn và 1 trẻ em.;"2.187.302
₫";1;0;0;0;0;0;0;0;0;0;0;0;0;0;0;0;0;0;0;0;0;0;0;0;0;0;0;0;0;0;0;0;0;0;0;0;0;0;0;0;0;0;0;0;1;0;0;0;0;0;0;0;0;0;0;0;0;0;1;0;0;0;0;0;0;0;0;0;0;0;0;0;0;0;0;0;0;0;0;0;0;0;0;0;0;0;0;1;0;0;0;1;0;0;0;0;0;0;1;0;0;0;0;0;0;1;0;1;0;0;0;0;1;0;0;0;0;0;0
5436583;;;Deluxe 2 giường Hướng phố (Deluxe Twin City View);Thông tin sức chứa phòng: 2 người lớn và 1 trẻ em.;"1.733.078
₫";0;0;0;0;0;0;0;0;0;0;0;0;0;0;0;0;0;0;0;0;0;0;0;0;0;0;0;0;0;1;0;0;0;0;0;0;0;0;0;0;0;0;0;0;1;0;0;0;0;0;0;0;0;0;0;0;0;0;1;0;0;0;0;0;0;0;0;0;0;0;0;0;0;0;0;0;0;0;0;0;0;0;0;0;0;0;0;1;0;0;0;1;0;0;0;0;0;0;1;0;0;0;0;0;0;1;0;1;0;0;0;0;1;0;0;0;0;0;0
5436583;;;Deluxe 2 giường Hướng phố (Deluxe Twin City View);Thông tin sức chứa phòng: 2 người lớn và 1 trẻ em.;"2.187.302
₫";0;0;0;0;0;0;0;0;0;0;0;0;0;0;0;0;0;0;0;0;0;0;0;0;0;0;0;0;0;1;0;0;0;0;0;0;0;0;0;0;0;0;0;0;1;0;0;0;0;0;0;0;0;0;0;0;0;0;1;0;0;0;0;0;0;0;0;0;0;0;0;0;0;0;0;0;0;0;0;0;0;0;0;0;0;0;0;1;0;0;0;1;0;0;0;0;0;0;1;0;0;0;0;0;0;1;0;1;0;0;0;0;1;0;0;0;0;0;0
5436583;;;Phòng Grand Loại Sang Hướng Biển Có Ban Công (Grand Deluxe Ocean View Room with Balcony);Thông tin sức chứa phòng: 2 người lớn và 1 trẻ em.;"2.233.004
₫";1;0;0;0;0;0;0;0;0;0;0;0;0;0;0;0;0;0;0;0;0;0;0;0;0;0;0;0;0;0;0;0;0;0;0;0;0;1;0;0;0;0;0;0;0;0;0;0;0;0;0;0;0;0;0;0;0;0;0;0;1;0;0;0;0;0;0;0;0;0;0;0;0;0;0;0;0;0;0;0;0;0;0;0;0;0;0;0;0;0;1;1;0;0;0;0;0;0;1;0;0;0;0;0;0;1;0;1;0;0;0;0;1;0;0;0;0;0;0
5436583;;;Phòng Grand Loại Sang Hướng Biển Có Ban Công (Grand Deluxe Ocean View Room with Balcony);Thông tin sức chứa phòng: 2 người lớn và 1 trẻ em.;"2.818.254
₫";1;0;0;0;0;0;0;0;0;0;0;0;0;0;0;0;0;0;0;0;0;0;0;0;0;0;0;0;0;0;0;0;0;0;0;0;0;1;0;0;0;0;0;0;0;0;0;0;0;0;0;0;0;0;0;0;0;0;0;0;1;0;0;0;0;0;0;0;0;0;0;0;0;0;0;0;0;0;0;0;0;0;0;0;0;0;0;0;0;0;1;1;0;0;0;0;0;0;1;0;0;0;0;0;0;1;0;1;0;0;0;0;1;0;0;0;0;0;0
5436583;;;Suite Lớn Hướng Đại Dương Có Ban Công (Executive Suite with Balcony and Ocean View);Thông tin sức chứa phòng: 2 người lớn và 1 trẻ em.;"2.918.475
₫";1;0;0;0;0;0;0;0;0;0;0;0;0;0;0;0;0;0;0;0;0;0;0;0;0;0;0;0;0;0;0;0;0;0;0;0;0;1;0;0;0;1;0;0;0;0;0;0;0;0;0;0;0;0;0;0;0;0;0;0;0;0;0;0;0;0;0;0;0;0;0;0;0;0;1;0;0;0;0;0;0;0;0;0;0;0;0;0;0;0;1;1;0;0;0;0;0;0;1;0;0;0;1;0;0;0;0;1;1;0;0;0;0;0;0;0;0;0;0
5436583;;;Suite Lớn Hướng Đại Dương Có Ban Công (Executive Suite with Balcony and Ocean View);Thông tin sức chứa phòng: 2 người lớn và 1 trẻ em.;"3.701.587
₫";1;0;0;0;0;0;0;0;0;0;0;0;0;0;0;0;0;0;0;0;0;0;0;0;0;0;0;0;0;0;0;0;0;0;0;0;0;1;0;0;0;1;0;0;0;0;0;0;0;0;0;0;0;0;0;0;0;0;0;0;0;0;0;0;0;0;0;0;0;0;0;0;0;0;1;0;0;0;0;0;0;0;0;0;0;0;0;0;0;0;1;1;0;0;0;0;0;0;1;0;0;0;1;0;0;0;0;1;1;0;0;0;0;0;0;0;0;0;0
5436583;;;Phòng Grand Deluxe giường đôi hoặc 2 giường (Double Or Twin Grand Deluxe);Thông tin sức chứa phòng: 2 người lớn.;"3.105.669
₫";0;0;0;0;0;0;0;0;0;0;0;0;0;0;0;0;0;0;0;0;0;0;0;0;0;0;0;0;0;0;0;0;0;0;0;0;0;0;0;0;0;0;0;0;0;0;0;0;0;0;0;0;0;0;0;0;0;0;0;0;0;0;0;0;0;0;0;0;0;0;0;0;0;0;0;0;0;0;0;0;0;0;0;0;0;0;0;0;0;0;0;0;0;0;0;0;0;0;0;0;0;0;0;0;0;0;0;0;0;0;0;0;0;0;0;0;0;0;0
5436583;;;Suite Vương Giả Hướng Đại Dương (Regal Suite Ocean View );Thông tin sức chứa phòng: 4 người lớn và 1 trẻ em.;"6.554.674
₫";0;0;0;0;0;0;0;0;0;0;0;0;0;0;0;0;0;0;0;0;0;0;0;0;0;0;1;0;0;0;0;0;1;0;0;0;0;0;0;0;0;1;0;0;1;0;0;0;1;0;0;0;0;0;0;0;0;0;0;0;0;0;0;0;0;0;0;0;0;0;0;0;0;0;0;0;0;0;0;0;0;0;0;0;0;0;0;0;0;0;1;1;0;0;0;0;0;0;1;0;0;0;1;0;0;0;0;0;0;1;0;0;0;0;0;0;0;0;0
5436583;;;Suite Vương Giả Hướng Đại Dương (Regal Suite Ocean View );Thông tin sức chứa phòng: 2 người lớn.;"7.172.277
₫";0;0;0;0;0;0;0;0;0;0;0;0;0;0;0;0;0;0;0;0;0;0;0;0;0;0;1;0;0;0;0;0;1;0;0;0;0;0;0;0;0;1;0;0;1;0;0;0;1;0;0;0;0;0;0;0;0;0;0;0;0;0;0;0;0;0;0;0;0;0;0;0;0;0;0;0;0;0;0;0;0;0;0;0;0;0;0;0;0;0;1;1;0;0;0;0;0;0;1;0;0;0;1;0;0;0;0;0;0;1;0;0;0;0;0;0;0;0;0
5436583;;;Suite Hướng Đại Dương (Suite Ocean View);Thông tin sức chứa phòng: 2 người lớn.;"7.823.987
₫";1;0;0;0;0;0;0;0;0;0;0;0;0;0;0;0;0;0;0;0;0;0;0;0;0;0;0;0;0;0;0;0;0;0;0;0;0;0;0;0;0;0;0;0;0;0;0;0;0;0;0;0;0;0;0;0;0;0;0;0;0;0;0;0;0;0;0;0;0;0;0;0;0;0;0;0;0;0;0;0;0;0;0;0;0;0;0;0;0;0;1;1;0;0;0;0;0;0;0;0;0;0;0;0;0;0;0;0;0;0;0;0;1;0;0;0;0;0;0
5436583;;;Phòng Đôi Premium Superior (Premium Superior Double Room);Thông tin sức chứa phòng: 2 người lớn.;"37.857.143
₫";0;0;0;0;0;0;0;0;0;0;0;0;0;0;0;0;0;0;0;1;0;0;0;0;0;0;0;0;0;0;0;0;0;0;0;0;0;0;0;0;0;0;0;1;0;0;0;0;0;0;0;0;0;0;1;0;0;0;0;0;0;0;0;0;0;0;0;0;0;0;0;0;0;0;0;0;0;0;0;0;0;0;0;0;0;0;0;1;0;0;0;1;0;0;0;0;0;0;1;0;0;0;0;0;0;1;0;1;0;0;0;0;1;0;0;0;0;0;0
7394456;;;Hai Giường Đơn Loại Sang Hướng Biển Bên Hông (Deluxe Twin with Partial Sea View);Thông tin sức chứa phòng: 2 người lớn.;"432.646
₫";0;0;0;0;0;0;0;0;0;0;0;0;0;0;0;0;0;0;0;0;0;0;0;0;0;0;0;0;0;1;0;0;0;0;0;0;0;0;0;0;0;1;0;0;1;0;0;0;0;0;0;1;0;0;0;0;0;0;0;0;0;0;0;0;0;0;0;0;0;0;0;0;0;0;0;0;0;0;0;0;0;0;0;0;0;0;0;0;0;0;1;1;0;0;0;0;0;0;1;1;0;0;0;0;0;0;0;1;0;0;0;1;0;0;0;0;0;0;0
7394456;;;Hai Giường Đơn Loại Sang Hướng Biển Bên Hông (Deluxe Twin with Partial Sea View);Thông tin sức chứa phòng: 2 người lớn.;"463.613
₫";0;0;0;0;0;0;0;0;0;0;0;0;0;0;0;0;0;0;0;0;0;0;0;0;0;0;0;0;0;1;0;0;0;0;0;0;0;0;0;0;0;1;0;0;1;0;0;0;0;0;0;1;0;0;0;0;0;0;0;0;0;0;0;0;0;0;0;0;0;0;0;0;0;0;0;0;0;0;0;0;0;0;0;0;0;0;0;0;0;0;1;1;0;0;0;0;0;0;1;1;0;0;0;0;0;0;0;1;0;0;0;1;0;0;0;0;0;0;0
7394456;;;Hai Giường Đơn Loại Sang Hướng Biển Bên Hông (Deluxe Twin with Partial Sea View);Thông tin sức chứa phòng: 2 người lớn.;"512.169
₫";0;0;0;0;0;0;0;0;0;0;0;0;0;0;0;0;0;0;0;0;0;0;0;0;0;0;0;0;0;1;0;0;0;0;0;0;0;0;0;0;0;1;0;0;1;0;0;0;0;0;0;1;0;0;0;0;0;0;0;0;0;0;0;0;0;0;0;0;0;0;0;0;0;0;0;0;0;0;0;0;0;0;0;0;0;0;0;0;0;0;1;1;0;0;0;0;0;0;1;1;0;0;0;0;0;0;0;1;0;0;0;1;0;0;0;0;0;0;0
7394456;;;Hai Giường Đơn Loại Sang Hướng Biển Bên Hông (Deluxe Twin with Partial Sea View);Thông tin sức chứa phòng: 2 người lớn.;"582.011
₫";0;0;0;0;0;0;0;0;0;0;0;0;0;0;0;0;0;0;0;0;0;0;0;0;0;0;0;0;0;1;0;0;0;0;0;0;0;0;0;0;0;1;0;0;1;0;0;0;0;0;0;1;0;0;0;0;0;0;0;0;0;0;0;0;0;0;0;0;0;0;0;0;0;0;0;0;0;0;0;0;0;0;0;0;0;0;0;0;0;0;1;1;0;0;0;0;0;0;1;1;0;0;0;0;0;0;0;1;0;0;0;1;0;0;0;0;0;0;0
7394456;;;Phòng Deluxe Hướng biển (Sea View Deluxe Room);Thông tin sức chứa phòng: 2 người lớn và 2 trẻ em.;"490.555
₫";0;0;0;0;0;0;0;0;0;0;0;0;0;0;0;0;0;0;0;1;0;0;0;0;0;0;0;0;0;0;0;0;0;0;0;0;0;0;0;0;0;1;0;0;0;0;1;0;0;0;0;0;1;0;0;0;0;0;0;0;0;0;0;0;0;0;0;0;0;0;0;0;0;0;0;0;0;0;0;0;0;0;0;0;0;0;0;0;0;1;0;1;0;0;0;0;0;0;1;1;0;0;0;0;0;0;0;1;0;0;0;1;0;0;0;0;0;0;0
7394456;;;Phòng Deluxe Hướng biển (Sea View Deluxe Room);Thông tin sức chứa phòng: 2 người lớn.;"523.487
₫";0;0;0;0;0;0;0;0;0;0;0;0;0;0;0;0;0;0;0;1;0;0;0;0;0;0;0;0;0;0;0;0;0;0;0;0;0;0;0;0;0;1;0;0;0;0;1;0;0;0;0;0;1;0;0;0;0;0;0;0;0;0;0;0;0;0;0;0;0;0;0;0;0;0;0;0;0;0;0;0;0;0;0;0;0;0;0;0;0;1;0;1;0;0;0;0;0;0;1;1;0;0;0;0;0;0;0;1;0;0;0;1;0;0;0;0;0;0;0
7394456;;;Phòng Deluxe Hướng biển (Sea View Deluxe Room);Thông tin sức chứa phòng: 2 người lớn và 2 trẻ em.;"534.620
₫";0;0;0;0;0;0;0;0;0;0;0;0;0;0;0;0;0;0;0;1;0;0;0;0;0;0;0;0;0;0;0;0;0;0;0;0;0;0;0;0;0;1;0;0;0;0;1;0;0;0;0;0;1;0;0;0;0;0;0;0;0;0;0;0;0;0;0;0;0;0;0;0;0;0;0;0;0;0;0;0;0;0;0;0;0;0;0;0;0;1;0;1;0;0;0;0;0;0;1;1;0;0;0;0;0;0;0;1;0;0;0;1;0;0;0;0;0;0;0
7394456;;;Phòng Deluxe Hướng biển (Sea View Deluxe Room);Thông tin sức chứa phòng: 2 người lớn và 2 trẻ em.;"580.459
₫";0;0;0;0;0;0;0;0;0;0;0;0;0;0;0;0;0;0;0;1;0;0;0;0;0;0;0;0;0;0;0;0;0;0;0;0;0;0;0;0;0;1;0;0;0;0;1;0;0;0;0;0;1;0;0;0;0;0;0;0;0;0;0;0;0;0;0;0;0;0;0;0;0;0;0;0;0;0;0;0;0;0;0;0;0;0;0;0;0;1;0;1;0;0;0;0;0;0;1;1;0;0;0;0;0;0;0;1;0;0;0;1;0;0;0;0;0;0;0
7394456;;;Phòng Deluxe Hướng biển (Sea View Deluxe Room);Thông tin sức chứa phòng: 2 người lớn và 2 trẻ em.;"659.612
₫";0;0;0;0;0;0;0;0;0;0;0;0;0;0;0;0;0;0;0;1;0;0;0;0;0;0;0;0;0;0;0;0;0;0;0;0;0;0;0;0;0;1;0;0;0;0;1;0;0;0;0;0;1;0;0;0;0;0;0;0;0;0;0;0;0;0;0;0;0;0;0;0;0;0;0;0;0;0;0;0;0;0;0;0;0;0;0;0;0;1;0;1;0;0;0;0;0;0;1;1;0;0;0;0;0;0;0;1;0;0;0;1;0;0;0;0;0;0;0
7394456;;;Phòng Cao Cấp Hướng Biển Bên Hông (Superior Partial Sea View Room);Thông tin sức chứa phòng: 2 người lớn và 1 trẻ em.;"512.169
₫";0;0;0;0;0;0;0;0;0;0;0;0;0;0;0;0;0;0;0;1;0;0;0;0;0;0;0;0;0;0;0;0;0;0;0;0;0;0;0;0;0;1;0;0;1;0;0;0;0;0;0;1;0;0;0;0;0;0;0;0;0;0;0;0;0;0;0;0;0;0;0;0;0;0;0;0;0;0;0;0;0;1;0;0;0;0;0;1;0;0;0;1;0;0;0;0;0;0;1;1;0;0;0;0;0;0;0;0;1;0;0;0;0;0;0;0;0;0;0
7394456;;;Phòng Cao Cấp Hướng Biển Bên Hông (Superior Partial Sea View Room);Thông tin sức chứa phòng: 2 người lớn và 1 trẻ em.;"582.011
₫";0;0;0;0;0;0;0;0;0;0;0;0;0;0;0;0;0;0;0;1;0;0;0;0;0;0;0;0;0;0;0;0;0;0;0;0;0;0;0;0;0;1;0;0;1;0;0;0;0;0;0;1;0;0;0;0;0;0;0;0;0;0;0;0;0;0;0;0;0;0;0;0;0;0;0;0;0;0;0;0;0;1;0;0;0;0;0;1;0;0;0;1;0;0;0;0;0;0;1;1;0;0;0;0;0;0;0;0;1;0;0;0;0;0;0;0;0;0;0
7394456;;;Phòng Ba Người Loại Sang Hướng Biển (Deluxe Triple Room with Seaview);Thông tin sức chứa phòng: 3 người lớn và 1 trẻ em.;"759.514
₫";0;0;0;0;0;0;0;0;0;0;0;0;0;0;0;0;0;0;0;0;0;0;0;0;0;0;0;0;0;0;0;0;0;1;0;0;0;0;0;0;0;1;0;0;1;0;0;0;0;0;0;0;0;0;0;0;0;0;0;0;1;0;0;0;0;0;0;0;0;0;0;0;0;0;0;0;0;0;0;0;1;0;1;0;0;0;0;0;0;0;0;1;0;0;0;0;0;0;1;1;0;0;0;0;0;0;0;0;0;0;0;1;0;0;0;0;0;0;0
7394456;;;Phòng Ba Người Loại Sang Hướng Biển (Deluxe Triple Room with Seaview);Thông tin sức chứa phòng: 3 người lớn và 1 trẻ em.;"789.352
₫";0;0;0;0;0;0;0;0;0;0;0;0;0;0;0;0;0;0;0;0;0;0;0;0;0;0;0;0;0;0;0;0;0;1;0;0;0;0;0;0;0;1;0;0;1;0;0;0;0;0;0;0;0;0;0;0;0;0;0;0;1;0;0;0;0;0;0;0;0;0;0;0;0;0;0;0;0;0;0;0;1;0;1;0;0;0;0;0;0;0;0;1;0;0;0;0;0;0;1;1;0;0;0;0;0;0;0;0;0;0;0;1;0;0;0;0;0;0;0
7394456;;;Phòng Gia Đình Loại Sang (Deluxe Family Room);Thông tin sức chứa phòng: 4 người lớn.;"868.192
₫";0;0;0;0;0;1;0;0;0;0;0;0;0;0;0;0;0;0;0;0;0;0;0;0;0;0;0;0;0;0;0;0;0;0;0;0;0;0;0;0;0;1;0;0;0;0;0;0;0;0;0;0;0;0;0;0;0;0;0;0;0;0;1;0;0;0;0;0;0;0;0;0;0;0;0;0;0;0;0;0;0;1;0;0;0;0;0;0;1;0;0;1;0;0;0;0;0;0;1;1;0;0;0;0;0;0;0;1;1;0;0;0;0;0;0;0;0;0;0
7394456;;;Phòng Gia Đình Loại Sang (Deluxe Family Room);Thông tin sức chứa phòng: 4 người lớn.;"921.905
₫";0;0;0;0;0;1;0;0;0;0;0;0;0;0;0;0;0;0;0;0;0;0;0;0;0;0;0;0;0;0;0;0;0;0;0;0;0;0;0;0;0;1;0;0;0;0;0;0;0;0;0;0;0;0;0;0;0;0;0;0;0;0;1;0;0;0;0;0;0;0;0;0;0;0;0;0;0;0;0;0;0;1;0;0;0;0;0;0;1;0;0;1;0;0;0;0;0;0;1;1;0;0;0;0;0;0;0;1;1;0;0;0;0;0;0;0;0;0;0
7394456;;;Phòng Gia Đình Loại Sang (Deluxe Family Room);Thông tin sức chứa phòng: 4 người lớn.;"936.888
₫";0;0;0;0;0;1;0;0;0;0;0;0;0;0;0;0;0;0;0;0;0;0;0;0;0;0;0;0;0;0;0;0;0;0;0;0;0;0;0;0;0;1;0;0;0;0;0;0;0;0;0;0;0;0;0;0;0;0;0;0;0;0;1;0;0;0;0;0;0;0;0;0;0;0;0;0;0;0;0;0;0;1;0;0;0;0;0;0;1;0;0;1;0;0;0;0;0;0;1;1;0;0;0;0;0;0;0;1;1;0;0;0;0;0;0;0;0;0;0
7394456;;;Phòng Gia Đình Loại Sang (Deluxe Family Room);Thông tin sức chứa phòng: 4 người lớn.;"1.047.619
₫";0;0;0;0;0;1;0;0;0;0;0;0;0;0;0;0;0;0;0;0;0;0;0;0;0;0;0;0;0;0;0;0;0;0;0;0;0;0;0;0;0;1;0;0;0;0;0;0;0;0;0;0;0;0;0;0;0;0;0;0;0;0;1;0;0;0;0;0;0;0;0;0;0;0;0;0;0;0;0;0;0;1;0;0;0;0;0;0;1;0;0;1;0;0;0;0;0;0;1;1;0;0;0;0;0;0;0;1;1;0;0;0;0;0;0;0;0;0;0
35750600;;28 Đường Thi Sách, Thắng Tam, Vũng Tàu, Việt Nam, 78000;Căn Hộ 1 Một Phòng Ngủ Có Ban Công (1-Bedroom Apartment 1 with Balcony);Thông tin sức chứa phòng: 3 người lớn.;"264.526
₫";0;0;0;0;0;0;0;0;0;0;1;0;0;0;0;0;0;0;0;0;0;0;0;0;0;0;0;0;0;0;0;0;0;0;0;0;0;1;1;0;1;0;1;0;0;0;1;0;0;0;0;0;0;0;0;0;0;0;0;0;0;0;0;0;0;1;0;0;0;0;0;0;0;0;0;0;0;0;0;0;0;0;0;0;0;0;1;0;0;0;0;0;0;0;0;0;1;0;0;0;0;0;0;0;0;0;0;0;0;0;0;0;0;0;1;0;0;0;0
35750600;;28 Đường Thi Sách, Thắng Tam, Vũng Tàu, Việt Nam, 78000;Căn Hộ 1 Một Phòng Ngủ Có Ban Công (1-Bedroom Apartment 1 with Balcony);Thông tin sức chứa phòng: 2 người lớn.;"416.667
₫";0;0;0;0;0;0;0;0;0;0;1;0;0;0;0;0;0;0;0;0;0;0;0;0;0;0;0;0;0;0;0;0;0;0;0;0;0;1;1;0;1;0;1;0;0;0;1;0;0;0;0;0;0;0;0;0;0;0;0;0;0;0;0;0;0;1;0;0;0;0;0;0;0;0;0;0;0;0;0;0;0;0;0;0;0;0;1;0;0;0;0;0;0;0;0;0;1;0;0;0;0;0;0;0;0;0;0;0;0;0;0;0;0;0;1;0;0;0;0
35750600;;28 Đường Thi Sách, Thắng Tam, Vũng Tàu, Việt Nam, 78000;Căn Hộ Hướng Biển 1 Phòng Ngủ (One-Bedroom Ocean View Apartment);Thông tin sức chứa phòng: 3 người lớn.;"317.518
₫";0;0;0;0;0;0;0;0;1;0;0;0;0;0;0;0;0;0;0;0;0;0;0;0;0;0;0;0;0;0;0;0;0;0;0;0;0;1;1;0;0;0;0;0;0;1;0;0;0;0;0;0;0;0;0;0;0;0;0;0;0;0;0;0;0;1;0;0;0;0;0;0;0;0;0;0;0;0;0;0;0;0;1;0;0;0;0;0;0;0;0;0;0;0;0;0;1;0;1;0;0;0;0;0;1;0;0;0;0;1;0;0;0;0;0;0;0;0;0
35750600;;28 Đường Thi Sách, Thắng Tam, Vũng Tàu, Việt Nam, 78000;Căn Hộ Sang Trọng 2 Phòng Ngủ (2-Bedroom Luxury Apartment);Thông tin sức chứa phòng: 4 người lớn.;"317.518
₫";0;0;0;0;0;0;0;0;0;1;0;0;0;0;0;0;0;0;0;0;0;0;0;0;0;0;0;0;0;0;0;1;0;0;0;0;0;1;1;0;0;0;0;0;0;1;0;0;0;0;0;0;0;0;0;0;0;0;0;0;0;0;0;0;0;0;0;0;0;1;0;0;0;0;0;0;0;0;0;0;0;0;0;0;0;0;1;0;0;0;0;0;0;0;0;0;1;0;1;0;0;0;0;0;0;0;0;0;0;0;0;0;0;0;1;0;0;0;0
35750600;;28 Đường Thi Sách, Thắng Tam, Vũng Tàu, Việt Nam, 78000;Căn Hộ 2 Phòng Ngủ Có Ban Công (Two-Bedroom Apartment with Balcony);Thông tin sức chứa phòng: 2 người lớn.;"405.000
₫";0;0;0;0;0;0;0;0;0;0;0;0;0;0;0;1;0;0;0;0;0;0;0;0;0;0;0;0;0;0;0;1;0;0;0;0;0;1;1;0;0;0;0;0;0;0;0;0;0;0;0;0;0;0;0;0;0;0;0;0;0;0;0;0;0;0;0;0;1;0;0;0;0;0;0;0;0;0;0;0;0;0;0;0;1;0;0;0;0;0;0;0;0;0;0;0;1;0;0;0;0;0;0;0;0;0;0;1;0;0;0;0;0;0;0;1;1;0;0
35750600;;28 Đường Thi Sách, Thắng Tam, Vũng Tàu, Việt Nam, 78000;Căn Hộ 2 Phòng Ngủ Có Ban Công (Two-Bedroom Apartment with Balcony);Thông tin sức chứa phòng: 4 người lớn.;"450.000
₫";0;0;0;0;0;0;0;0;0;0;0;0;0;0;0;1;0;0;0;0;0;0;0;0;0;0;0;0;0;0;0;1;0;0;0;0;0;1;1;0;0;0;0;0;0;0;0;0;0;0;0;0;0;0;0;0;0;0;0;0;0;0;0;0;0;0;0;0;1;0;0;0;0;0;0;0;0;0;0;0;0;0;0;0;1;0;0;0;0;0;0;0;0;0;0;0;1;0;0;0;0;0;0;0;0;0;0;1;0;0;0;0;0;0;0;1;1;0;0
35750600;;28 Đường Thi Sách, Thắng Tam, Vũng Tàu, Việt Nam, 78000;Căn Hộ 3 Phòng Ngủ (Three-Bedroom Apartment);Thông tin sức chứa phòng: 2 người lớn.;"690.000
₫";0;0;0;0;0;0;0;0;0;0;0;0;1;0;0;0;0;0;0;0;0;0;0;0;0;0;0;0;0;0;0;0;1;0;1;0;0;1;1;0;0;0;0;0;0;0;0;0;0;0;0;0;0;0;0;0;0;0;0;0;0;0;0;0;0;0;0;0;0;0;0;0;0;0;0;0;0;1;0;0;0;0;0;0;1;0;0;0;0;0;0;0;0;0;0;0;1;0;0;0;0;0;0;0;0;0;0;0;0;0;0;0;0;0;0;1;1;0;0
35750600;;28 Đường Thi Sách, Thắng Tam, Vũng Tàu, Việt Nam, 78000;Căn Hộ 3 Phòng Ngủ (Three-Bedroom Apartment);Thông tin sức chứa phòng: 4 người lớn.;"728.333
₫";0;0;0;0;0;0;0;0;0;0;0;0;1;0;0;0;0;0;0;0;0;0;0;0;0;0;0;0;0;0;0;0;1;0;1;0;0;1;1;0;0;0;0;0;0;0;0;0;0;0;0;0;0;0;0;0;0;0;0;0;0;0;0;0;0;0;0;0;0;0;0;0;0;0;0;0;0;1;0;0;0;0;0;0;1;0;0;0;0;0;0;0;0;0;0;0;1;0;0;0;0;0;0;0;0;0;0;0;0;0;0;0;0;0;0;1;1;0;0
35750600;;28 Đường Thi Sách, Thắng Tam, Vũng Tàu, Việt Nam, 78000;Căn Hộ 3 Phòng Ngủ (Three-Bedroom Apartment);Thông tin sức chứa phòng: 1 người lớn.;"651.667
₫";0;0;0;0;0;0;0;0;0;0;0;0;1;0;0;0;0;0;0;0;0;0;0;0;0;0;0;0;0;0;0;0;1;0;1;0;0;1;1;0;0;0;0;0;0;0;0;0;0;0;0;0;0;0;0;0;0;0;0;0;0;0;0;0;0;0;0;0;0;0;0;0;0;0;0;0;0;1;0;0;0;0;0;0;1;0;0;0;0;0;0;0;0;0;0;0;1;0;0;0;0;0;0;0;0;0;0;0;0;0;0;0;0;0;0;1;1;0;0
22642078;;;Classic Twin Room, NO VIEW;Thông tin sức chứa phòng: 2 người lớn.;"1.251.966
₫";0;0;0;0;0;0;0;0;0;0;0;0;0;0;0;0;0;0;0;0;0;0;0;0;0;0;0;1;0;0;0;0;0;0;0;0;0;0;0;0;0;0;0;0;0;0;0;0;0;0;0;0;0;0;0;0;0;0;0;0;0;0;0;0;0;0;0;0;0;0;0;0;0;0;0;0;0;0;0;0;0;0;0;0;0;0;0;0;0;0;0;1;0;0;1;0;0;0;1;0;1;1;0;0;1;0;1;0;0;0;0;0;1;0;0;0;0;0;1
22642078;;;Classic Double Room, No View (Classic Double Room, NO VIEW);Thông tin sức chứa phòng: 2 người lớn.;"1.251.966
₫";1;0;0;0;0;0;0;0;0;0;0;0;0;0;0;0;0;0;0;0;0;0;0;0;0;0;0;0;0;0;0;0;0;0;0;0;0;0;0;0;0;0;0;0;0;0;0;0;0;0;0;0;0;0;0;0;0;0;0;0;0;0;0;0;0;0;0;0;0;0;0;0;0;0;0;0;0;0;0;0;0;0;0;0;0;0;0;0;0;0;0;1;0;0;1;0;0;0;1;0;1;1;0;0;1;0;1;0;0;0;0;0;1;0;0;0;0;0;1
22642078;;;Phòng cổ điển 2 giường (Classic Twin Room);Thông tin sức chứa phòng: 2 người lớn.;"1.278.188
₫";0;0;0;0;0;0;0;0;0;0;0;0;0;0;0;0;0;0;0;0;0;0;0;0;0;0;0;0;0;1;0;0;0;0;0;0;0;0;0;0;0;0;0;1;0;0;0;0;0;0;0;0;1;0;0;0;0;0;0;0;0;0;0;0;0;0;0;0;0;0;0;0;0;0;0;0;0;0;0;0;0;0;0;0;0;0;0;0;0;0;0;1;0;0;0;0;0;0;1;0;0;0;0;0;1;1;0;0;0;0;1;0;1;0;0;0;0;0;0
22642078;;;Phòng cổ điển 2 giường (Classic Twin Room);Thông tin sức chứa phòng: 2 người lớn.;"1.715.988
₫";0;0;0;0;0;0;0;0;0;0;0;0;0;0;0;0;0;0;0;0;0;0;0;0;0;0;0;0;0;1;0;0;0;0;0;0;0;0;0;0;0;0;0;1;0;0;0;0;0;0;0;0;1;0;0;0;0;0;0;0;0;0;0;0;0;0;0;0;0;0;0;0;0;0;0;0;0;0;0;0;0;0;0;0;0;0;0;0;0;0;0;1;0;0;0;0;0;0;1;0;0;0;0;0;1;1;0;0;0;0;1;0;1;0;0;0;0;0;0
22642078;;;Phòng cổ điển có 1 giường đôi (Classic Room with 1 Double Bed);Thông tin sức chứa phòng: 2 người lớn.;"1.278.188
₫";0;0;0;0;0;0;0;0;0;0;0;0;0;1;0;0;0;0;0;0;0;0;0;0;0;0;0;0;0;0;0;0;0;0;0;0;0;0;0;0;0;0;0;1;0;0;0;0;0;0;0;0;1;0;0;0;0;0;0;0;0;0;0;0;0;0;0;0;0;0;0;0;0;0;0;0;0;0;0;0;0;0;0;0;0;0;0;0;0;0;0;1;0;0;1;0;0;0;0;0;0;0;0;0;1;1;0;0;0;0;1;0;1;0;0;0;0;0;0
22642078;;;Phòng cổ điển có 1 giường đôi (Classic Room with 1 Double Bed);Thông tin sức chứa phòng: 2 người lớn.;"1.715.988
₫";0;0;0;0;0;0;0;0;0;0;0;0;0;1;0;0;0;0;0;0;0;0;0;0;0;0;0;0;0;0;0;0;0;0;0;0;0;0;0;0;0;0;0;1;0;0;0;0;0;0;0;0;1;0;0;0;0;0;0;0;0;0;0;0;0;0;0;0;0;0;0;0;0;0;0;0;0;0;0;0;0;0;0;0;0;0;0;0;0;0;0;1;0;0;1;0;0;0;0;0;0;0;0;0;1;1;0;0;0;0;1;0;1;0;0;0;0;0;0
22642078;;;Partial Ocean View 1 Bedroom;Thông tin sức chứa phòng: 2 người lớn.;"1.385.047
₫";0;0;0;0;0;0;0;0;0;0;0;0;0;1;0;0;0;0;0;0;0;0;0;0;0;0;0;0;0;0;0;0;0;0;0;0;0;0;0;0;0;0;0;1;0;0;0;0;0;0;0;0;1;0;0;0;0;0;0;0;0;0;0;0;0;0;0;0;0;0;0;0;0;0;0;0;0;0;0;0;0;0;0;0;0;0;0;0;0;1;0;1;0;0;1;0;0;0;0;0;0;0;0;0;1;1;0;0;0;0;0;0;1;0;0;0;0;0;0
22642078;;;Partial Ocean View 1 Bedroom;Thông tin sức chứa phòng: 2 người lớn.;"1.818.336
₫";0;0;0;0;0;0;0;0;0;0;0;0;0;1;0;0;0;0;0;0;0;0;0;0;0;0;0;0;0;0;0;0;0;0;0;0;0;0;0;0;0;0;0;1;0;0;0;0;0;0;0;0;1;0;0;0;0;0;0;0;0;0;0;0;0;0;0;0;0;0;0;0;0;0;0;0;0;0;0;0;0;0;0;0;0;0;0;0;0;1;0;1;0;0;1;0;0;0;0;0;0;0;0;0;1;1;0;0;0;0;0;0;1;0;0;0;0;0;0
22642078;;;Phòng Cổ Điển Hướng Đại Dương Có 2 Giường (Classic Room Ocean View Twin Bed);Thông tin sức chứa phòng: 2 người lớn.;"1.491.590
₫";0;0;0;0;0;0;0;0;0;0;0;0;0;0;0;0;0;0;0;0;0;0;0;0;0;0;0;0;0;1;0;0;0;0;0;0;0;0;0;0;0;0;1;1;0;0;0;0;0;0;0;0;1;0;0;0;0;0;0;0;0;0;0;0;0;0;0;0;0;0;0;0;0;0;0;0;0;0;0;0;0;0;0;0;0;0;0;0;0;1;0;1;0;0;0;0;0;0;0;0;0;0;0;0;1;1;0;0;0;0;0;0;1;0;0;0;0;0;0
22642078;;;Phòng Cổ Điển Hướng Đại Dương Có 2 Giường (Classic Room Ocean View Twin Bed);Thông tin sức chứa phòng: 2 người lớn.;"1.920.684
₫";0;0;0;0;0;0;0;0;0;0;0;0;0;0;0;0;0;0;0;0;0;0;0;0;0;0;0;0;0;1;0;0;0;0;0;0;0;0;0;0;0;0;1;1;0;0;0;0;0;0;0;0;1;0;0;0;0;0;0;0;0;0;0;0;0;0;0;0;0;0;0;0;0;0;0;0;0;0;0;0;0;0;0;0;0;0;0;0;0;1;0;1;0;0;0;0;0;0;0;0;0;0;0;0;1;1;0;0;0;0;0;0;1;0;0;0;0;0;0
22642078;;;Phòng Cổ Điển Hướng Đại Dương (Classic Room Ocean View);Thông tin sức chứa phòng: 2 người lớn.;"1.491.590
₫";0;0;0;0;0;0;0;0;0;0;0;0;0;1;0;0;0;0;0;0;0;0;0;0;0;0;0;0;0;0;0;0;0;0;0;0;0;0;0;0;0;0;1;0;1;0;0;0;0;0;0;0;1;0;0;0;0;0;0;0;0;0;0;0;0;0;0;0;0;0;0;0;0;0;0;0;0;0;0;0;0;0;0;0;0;0;0;0;0;1;0;1;0;0;0;0;0;0;0;0;0;0;0;0;1;1;0;0;0;0;0;0;1;0;0;0;0;0;0
22642078;;;Phòng Cổ Điển Hướng Đại Dương (Classic Room Ocean View);Thông tin sức chứa phòng: 2 người lớn.;"1.920.684
₫";0;0;0;0;0;0;0;0;0;0;0;0;0;1;0;0;0;0;0;0;0;0;0;0;0;0;0;0;0;0;0;0;0;0;0;0;0;0;0;0;0;0;1;0;1;0;0;0;0;0;0;0;1;0;0;0;0;0;0;0;0;0;0;0;0;0;0;0;0;0;0;0;0;0;0;0;0;0;0;0;0;0;0;0;0;0;0;0;0;1;0;1;0;0;0;0;0;0;0;0;0;0;0;0;1;1;0;0;0;0;0;0;1;0;0;0;0;0;0
22642078;;;Phòng Deluxe có Giường Đôi và Tầm nhìn ra Đại dương (Deluxe Double Ocean View);Thông tin sức chứa phòng: 2 người lớn.;"1.842.262
₫";0;0;0;0;0;0;0;0;0;0;0;0;0;0;0;0;0;0;0;1;0;0;0;0;0;0;0;0;0;0;0;0;0;0;0;0;0;0;0;0;0;0;0;1;0;0;0;0;0;0;0;0;1;0;0;0;0;0;0;0;0;0;0;0;0;0;0;0;0;0;0;0;0;0;0;0;0;0;0;0;0;0;0;0;0;0;0;0;0;1;0;1;0;0;0;0;0;0;1;0;0;0;0;0;1;1;0;0;0;0;0;0;1;0;0;0;0;0;0
22642078;;;Phòng Deluxe có Giường Đôi và Tầm nhìn ra Đại dương (Deluxe Double Ocean View);Thông tin sức chứa phòng: 2 người lớn.;"2.227.728
₫";0;0;0;0;0;0;0;0;0;0;0;0;0;0;0;0;0;0;0;1;0;0;0;0;0;0;0;0;0;0;0;0;0;0;0;0;0;0;0;0;0;0;0;1;0;0;0;0;0;0;0;0;1;0;0;0;0;0;0;0;0;0;0;0;0;0;0;0;0;0;0;0;0;0;0;0;0;0;0;0;0;0;0;0;0;0;0;0;0;1;0;1;0;0;0;0;0;0;1;0;0;0;0;0;1;1;0;0;0;0;0;0;1;0;0;0;0;0;0
22642078;;;Phòng Deluxe 2 giường Hướng biển (Deluxe Twin Ocean View);Thông tin sức chứa phòng: 2 người lớn.;"1.842.262
₫";0;0;0;0;0;0;0;0;0;0;0;0;0;0;0;0;0;0;0;0;0;0;0;0;0;0;0;0;0;1;0;0;0;0;0;0;0;0;0;0;0;0;1;1;0;0;0;0;0;0;0;0;0;0;0;0;0;1;0;0;0;0;0;0;0;0;0;0;0;0;0;0;0;0;0;0;0;0;0;0;0;0;0;0;0;0;0;0;0;1;0;1;0;0;0;0;0;0;0;0;0;0;0;0;1;1;0;0;0;0;0;0;1;0;0;0;0;0;0
22642078;;;Phòng Deluxe 2 giường Hướng biển (Deluxe Twin Ocean View);Thông tin sức chứa phòng: 2 người lớn.;"2.227.728
₫";0;0;0;0;0;0;0;0;0;0;0;0;0;0;0;0;0;0;0;0;0;0;0;0;0;0;0;0;0;1;0;0;0;0;0;0;0;0;0;0;0;0;1;1;0;0;0;0;0;0;0;0;0;0;0;0;0;1;0;0;0;0;0;0;0;0;0;0;0;0;0;0;0;0;0;0;0;0;0;0;0;0;0;0;0;0;0;0;0;1;0;1;0;0;0;0;0;0;0;0;0;0;0;0;1;1;0;0;0;0;0;0;1;0;0;0;0;0;0
22642078;;;Suite đặc biệt (Signature Suite);Thông tin sức chứa phòng: 2 người lớn.;"1.944.610
₫";1;0;0;0;0;0;0;0;0;0;0;0;0;0;0;0;0;0;0;0;0;0;0;0;0;0;0;0;0;0;0;0;0;0;0;0;0;0;0;1;0;0;0;0;0;0;0;0;0;0;0;0;0;0;0;0;0;0;0;0;1;0;0;0;0;0;0;0;0;0;0;0;0;0;0;0;0;0;0;0;0;0;0;0;0;0;0;0;0;0;0;1;0;0;0;0;0;0;1;0;0;0;0;0;1;1;0;0;0;0;1;0;1;0;0;0;0;0;0
22642078;;;Suite đặc biệt (Signature Suite);Thông tin sức chứa phòng: 2 người lớn.;"2.330.076
₫";1;0;0;0;0;0;0;0;0;0;0;0;0;0;0;0;0;0;0;0;0;0;0;0;0;0;0;0;0;0;0;0;0;0;0;0;0;0;0;1;0;0;0;0;0;0;0;0;0;0;0;0;0;0;0;0;0;0;0;0;1;0;0;0;0;0;0;0;0;0;0;0;0;0;0;0;0;0;0;0;0;0;0;0;0;0;0;0;0;0;0;1;0;0;0;0;0;0;1;0;0;0;0;0;1;1;0;0;0;0;1;0;1;0;0;0;0;0;0
22642078;;;Phòng Thương Hiệu Hướng Biển (Signature Sea View Room);Thông tin sức chứa phòng: 2 người lớn.;"2.046.957
₫";1;0;0;0;0;0;0;0;0;0;0;0;0;0;0;0;0;0;0;0;0;0;0;0;0;0;0;0;0;0;0;0;0;0;0;0;0;0;0;0;0;0;0;1;0;0;0;0;0;0;0;0;0;0;0;0;0;0;0;0;1;0;0;0;0;0;0;0;0;0;0;0;0;0;0;0;0;0;0;0;0;0;0;0;0;0;0;0;0;1;0;1;0;0;0;0;0;0;0;0;0;0;0;0;1;1;0;0;0;0;1;0;1;0;0;0;0;0;0
22642078;;;Phòng Thương Hiệu Hướng Biển (Signature Sea View Room);Thông tin sức chứa phòng: 2 người lớn.;"2.432.423
₫";1;0;0;0;0;0;0;0;0;0;0;0;0;0;0;0;0;0;0;0;0;0;0;0;0;0;0;0;0;0;0;0;0;0;0;0;0;0;0;0;0;0;0;1;0;0;0;0;0;0;0;0;0;0;0;0;0;0;0;0;1;0;0;0;0;0;0;0;0;0;0;0;0;0;0;0;0;0;0;0;0;0;0;0;0;0;0;0;0;1;0;1;0;0;0;0;0;0;0;0;0;0;0;0;1;1;0;0;0;0;1;0;1;0;0;0;0;0;0
22642078;;;Suite Signature Hướng Biển Giường Lớn (Signature Suite Ocean View King);Thông tin sức chứa phòng: 2 người lớn.;"2.149.305
₫";1;0;0;0;0;0;0;0;0;0;0;0;0;0;0;0;0;0;0;0;0;0;0;0;0;0;0;0;0;0;0;0;0;0;0;0;0;0;0;1;0;0;0;0;1;0;0;0;0;0;0;0;0;0;0;0;0;0;0;0;1;0;0;0;0;0;0;0;0;0;0;0;0;0;0;0;0;0;0;0;0;0;0;0;0;0;0;0;0;1;0;1;0;0;0;0;0;0;1;0;0;0;0;0;1;0;0;0;0;0;1;0;0;0;0;0;0;0;0
22642078;;;Suite Signature Hướng Biển Giường Lớn (Signature Suite Ocean View King);Thông tin sức chứa phòng: 2 người lớn.;"2.534.771
₫";1;0;0;0;0;0;0;0;0;0;0;0;0;0;0;0;0;0;0;0;0;0;0;0;0;0;0;0;0;0;0;0;0;0;0;0;0;0;0;1;0;0;0;0;1;0;0;0;0;0;0;0;0;0;0;0;0;0;0;0;1;0;0;0;0;0;0;0;0;0;0;0;0;0;0;0;0;0;0;0;0;0;0;0;0;0;0;0;0;1;0;1;0;0;0;0;0;0;1;0;0;0;0;0;1;0;0;0;0;0;1;0;0;0;0;0;0;0;0
22642078;;;Deluxe giường ba Hướng biển (Deluxe Triple Sea View);Thông tin sức chứa phòng: 2 người lớn.;"2.155.053
₫";0;0;0;0;0;0;0;0;0;0;0;0;0;0;0;0;0;0;0;0;0;0;0;0;0;1;0;0;0;0;0;0;0;0;0;0;0;0;0;0;0;0;1;0;1;0;0;0;0;0;0;0;0;0;0;0;0;0;0;1;0;0;0;0;0;0;0;0;0;0;0;0;0;0;0;0;0;0;0;0;0;0;0;0;0;0;0;0;0;1;0;1;0;0;0;0;0;0;0;0;0;0;0;0;1;1;0;0;0;0;0;0;1;0;0;0;0;0;0
22642078;;;Deluxe giường ba Hướng biển (Deluxe Triple Sea View);Thông tin sức chứa phòng: 3 người lớn.;"2.353.233
₫";0;0;0;0;0;0;0;0;0;0;0;0;0;0;0;0;0;0;0;0;0;0;0;0;0;1;0;0;0;0;0;0;0;0;0;0;0;0;0;0;0;0;1;0;1;0;0;0;0;0;0;0;0;0;0;0;0;0;0;1;0;0;0;0;0;0;0;0;0;0;0;0;0;0;0;0;0;0;0;0;0;0;0;0;0;0;0;0;0;1;0;1;0;0;0;0;0;0;0;0;0;0;0;0;1;1;0;0;0;0;0;0;1;0;0;0;0;0;0
22642078;;;Giường Lớn Suite Thủ Tướng Hướng Biển (King Premier Suite Sea View);Thông tin sức chứa phòng: 2 người lớn.;"2.661.045
₫";1;0;0;0;0;0;0;0;0;0;0;0;0;0;0;0;0;0;0;0;0;0;0;0;0;0;0;0;0;0;0;0;0;0;0;0;0;1;0;1;0;0;0;0;0;0;0;0;0;0;0;0;0;0;0;0;0;0;0;0;0;0;1;0;0;0;0;0;0;0;0;0;0;0;0;0;0;0;0;0;0;0;1;0;0;0;0;0;0;0;0;1;0;0;0;0;0;0;1;0;0;0;0;0;1;1;0;0;0;0;0;0;0;0;0;0;0;0;0
22642078;;;Giường Lớn Suite Thủ Tướng Hướng Biển (King Premier Suite Sea View);Thông tin sức chứa phòng: 2 người lớn.;"3.031.908
₫";1;0;0;0;0;0;0;0;0;0;0;0;0;0;0;0;0;0;0;0;0;0;0;0;0;0;0;0;0;0;0;0;0;0;0;0;0;1;0;1;0;0;0;0;0;0;0;0;0;0;0;0;0;0;0;0;0;0;0;0;0;0;1;0;0;0;0;0;0;0;0;0;0;0;0;0;0;0;0;0;0;0;1;0;0;0;0;0;0;0;0;1;0;0;0;0;0;0;1;0;0;0;0;0;1;1;0;0;0;0;0;0;0;0;0;0;0;0;0
22642078;;;Phòng Gia đình Connecting (Connecting Family Room);Thông tin sức chứa phòng: 2 người lớn.;"2.888.981
₫";0;0;0;0;0;0;0;0;0;0;0;0;0;0;0;0;0;0;0;0;0;0;0;0;0;0;0;0;0;0;1;0;0;0;0;0;0;0;0;0;0;0;0;0;1;0;0;0;0;0;0;0;0;0;0;0;0;0;0;0;0;0;0;0;0;0;0;1;0;0;0;0;0;0;0;0;0;0;0;0;0;0;0;0;0;0;0;0;0;1;0;1;0;0;0;0;0;0;1;0;0;0;0;0;1;1;0;0;0;0;0;0;1;0;0;0;0;0;0
22642078;;;Phòng Gia đình Connecting (Connecting Family Room);Thông tin sức chứa phòng: 4 người lớn.;"3.141.000
₫";0;0;0;0;0;0;0;0;0;0;0;0;0;0;0;0;0;0;0;0;0;0;0;0;0;0;0;0;0;0;1;0;0;0;0;0;0;0;0;0;0;0;0;0;1;0;0;0;0;0;0;0;0;0;0;0;0;0;0;0;0;0;0;0;0;0;0;1;0;0;0;0;0;0;0;0;0;0;0;0;0;0;0;0;0;0;0;0;0;1;0;1;0;0;0;0;0;0;1;0;0;0;0;0;1;1;0;0;0;0;0;0;1;0;0;0;0;0;0
22642078;;;Suite cạnh biển (Oceanfront Suite);Thông tin sức chứa phòng: 2 người lớn.;"2.953.861
₫";1;0;0;0;0;0;0;0;0;0;0;0;0;0;0;0;0;0;0;0;0;0;0;0;0;0;0;0;0;0;0;0;0;0;0;0;0;1;0;1;0;0;0;0;1;0;0;0;0;0;0;0;0;0;0;0;0;0;0;0;0;0;0;1;0;0;0;0;0;0;0;0;0;0;0;0;0;0;0;0;0;0;1;0;0;0;0;0;0;0;0;1;0;0;0;0;0;0;1;0;0;0;0;0;1;0;0;0;0;0;1;0;0;0;0;0;0;0;0
22642078;;;Suite cạnh biển (Oceanfront Suite);Thông tin sức chứa phòng: 2 người lớn.;"3.337.480
₫";1;0;0;0;0;0;0;0;0;0;0;0;0;0;0;0;0;0;0;0;0;0;0;0;0;0;0;0;0;0;0;0;0;0;0;0;0;1;0;1;0;0;0;0;1;0;0;0;0;0;0;0;0;0;0;0;0;0;0;0;0;0;0;1;0;0;0;0;0;0;0;0;0;0;0;0;0;0;0;0;0;0;1;0;0;0;0;0;0;0;0;1;0;0;0;0;0;0;1;0;0;0;0;0;1;0;0;0;0;0;1;0;0;0;0;0;0;0;0
22642078;;;Suite Tổng thống (Presidental Suite);Thông tin sức chứa phòng: 2 người lớn.;"8.074.480
₫";0;0;0;0;1;0;0;0;0;0;0;0;0;0;0;0;0;0;0;0;0;0;0;0;0;0;0;0;0;0;0;1;0;0;0;0;0;1;0;1;0;0;0;0;1;0;0;0;0;0;0;0;0;1;0;0;0;0;0;0;0;0;0;0;0;0;0;0;0;0;0;0;0;0;0;0;0;0;0;0;0;0;0;0;0;0;0;0;0;0;1;0;0;0;0;0;0;0;1;0;0;0;0;0;1;0;0;0;0;1;0;0;0;0;0;0;0;0;0
22642078;;;Suite Tổng thống (Presidental Suite);Thông tin sức chứa phòng: 4 người lớn.;"8.655.672
₫";0;0;0;0;1;0;0;0;0;0;0;0;0;0;0;0;0;0;0;0;0;0;0;0;0;0;0;0;0;0;0;1;0;0;0;0;0;1;0;1;0;0;0;0;1;0;0;0;0;0;0;0;0;1;0;0;0;0;0;0;0;0;0;0;0;0;0;0;0;0;0;0;0;0;0;0;0;0;0;0;0;0;0;0;0;0;0;0;0;0;1;0;0;0;0;0;0;0;1;0;0;0;0;0;1;0;0;0;0;1;0;0;0;0;0;0;0;0;0
33941483;;;Căn hộ 1 phòng ngủ Có phòng khách (1-Bedroom Apartment with Living Room);Thông tin sức chứa phòng: 2 người lớn.;"267.683
₫";0;0;0;0;0;0;0;0;0;0;0;0;0;0;0;0;0;0;0;0;1;0;0;0;0;0;0;0;0;0;0;0;0;0;0;0;0;1;1;1;0;0;0;0;0;0;1;0;0;0;0;0;0;0;0;0;0;0;0;0;0;0;0;0;0;0;0;1;0;0;0;0;0;0;0;0;0;0;0;0;1;0;0;0;0;0;0;1;0;0;0;0;1;0;0;0;1;0;0;0;0;0;0;0;0;0;0;0;0;0;0;0;0;0;0;0;0;0;0
33941483;;;Căn hộ 1 phòng ngủ Có phòng khách (1-Bedroom Apartment with Living Room);Thông tin sức chứa phòng: 2 người lớn.;"317.460
₫";0;0;0;0;0;0;0;0;0;0;0;0;0;0;0;0;0;0;0;0;1;0;0;0;0;0;0;0;0;0;0;0;0;0;0;0;0;1;1;1;0;0;0;0;0;0;1;0;0;0;0;0;0;0;0;0;0;0;0;0;0;0;0;0;0;0;0;1;0;0;0;0;0;0;0;0;0;0;0;0;1;0;0;0;0;0;0;1;0;0;0;0;1;0;0;0;1;0;0;0;0;0;0;0;0;0;0;0;0;0;0;0;0;0;0;0;0;0;0
33941483;;;Căn hộ 1 phòng ngủ Có phòng khách (1-Bedroom Apartment with Living Room);Thông tin sức chứa phòng: 2 người lớn.;"429.319
₫";0;0;0;0;0;0;0;0;0;0;0;0;0;0;0;0;0;0;0;0;1;0;0;0;0;0;0;0;0;0;0;0;0;0;0;0;0;1;1;1;0;0;0;0;0;0;1;0;0;0;0;0;0;0;0;0;0;0;0;0;0;0;0;0;0;0;0;1;0;0;0;0;0;0;0;0;0;0;0;0;1;0;0;0;0;0;0;1;0;0;0;0;1;0;0;0;1;0;0;0;0;0;0;0;0;0;0;0;0;0;0;0;0;0;0;0;0;0;0
33941483;;;Căn 1 phòng ngủ có ban công (1-Bedroom Residence with Balcony);Thông tin sức chứa phòng: 2 người lớn.;"318.808
₫";0;0;0;0;0;0;0;0;0;0;0;0;0;0;0;0;0;0;0;0;0;0;0;0;1;0;0;0;0;0;0;0;0;0;0;0;0;1;1;0;1;0;0;0;0;0;1;0;0;0;0;0;0;0;0;0;0;0;0;0;0;0;0;0;0;0;0;1;0;0;0;0;0;0;0;0;0;0;0;0;1;0;0;0;0;0;0;1;0;0;0;0;0;0;0;0;0;1;0;0;0;0;0;0;0;0;0;0;0;0;0;0;0;0;0;1;0;0;0
33941483;;;Căn 1 phòng ngủ có ban công (1-Bedroom Residence with Balcony);Thông tin sức chứa phòng: 2 người lớn và 1 trẻ em.;"527.778
₫";0;0;0;0;0;0;0;0;0;0;0;0;0;0;0;0;0;0;0;0;0;0;0;0;1;0;0;0;0;0;0;0;0;0;0;0;0;1;1;0;1;0;0;0;0;0;1;0;0;0;0;0;0;0;0;0;0;0;0;0;0;0;0;0;0;0;0;1;0;0;0;0;0;0;0;0;0;0;0;0;1;0;0;0;0;0;0;1;0;0;0;0;0;0;0;0;0;1;0;0;0;0;0;0;0;0;0;0;0;0;0;0;0;0;0;1;0;0;0
33941483;;;Căn hộ 2 phòng ngủ (2-Bedroom Apartment);Thông tin sức chứa phòng: 4 người lớn.;"330.211
₫";0;0;0;0;0;0;0;0;0;0;0;0;0;0;0;0;0;0;0;0;0;0;1;0;0;0;0;0;0;0;0;1;0;0;0;0;0;1;1;0;1;0;0;0;0;0;1;0;0;0;0;0;0;0;0;0;0;0;0;0;0;0;0;0;0;0;0;0;0;0;0;1;0;0;0;0;0;0;0;0;1;0;0;0;0;0;0;1;0;0;0;0;0;0;0;0;0;1;0;0;0;0;0;0;0;0;0;0;0;0;0;0;0;0;0;0;0;0;0
33941483;;;Căn hộ 2 phòng ngủ (2-Bedroom Apartment);Thông tin sức chứa phòng: 4 người lớn.;"370.370
₫";0;0;0;0;0;0;0;0;0;0;0;0;0;0;0;0;0;0;0;0;0;0;1;0;0;0;0;0;0;0;0;1;0;0;0;0;0;1;1;0;1;0;0;0;0;0;1;0;0;0;0;0;0;0;0;0;0;0;0;0;0;0;0;0;0;0;0;0;0;0;0;1;0;0;0;0;0;0;0;0;1;0;0;0;0;0;0;1;0;0;0;0;0;0;0;0;0;1;0;0;0;0;0;0;0;0;0;0;0;0;0;0;0;0;0;0;0;0;0
33941483;;;Căn hộ 2 phòng ngủ (2-Bedroom Apartment);Thông tin sức chứa phòng: 4 người lớn.;"532.494
₫";0;0;0;0;0;0;0;0;0;0;0;0;0;0;0;0;0;0;0;0;0;0;1;0;0;0;0;0;0;0;0;1;0;0;0;0;0;1;1;0;1;0;0;0;0;0;1;0;0;0;0;0;0;0;0;0;0;0;0;0;0;0;0;0;0;0;0;0;0;0;0;1;0;0;0;0;0;0;0;0;1;0;0;0;0;0;0;1;0;0;0;0;0;0;0;0;0;1;0;0;0;0;0;0;0;0;0;0;0;0;0;0;0;0;0;0;0;0;0
33941483;;;Căn hộ 3 phòng ngủ hướng biển (3-Bedroom Ocean View Apartment);Thông tin sức chứa phòng: 6 người lớn.;"789.359
₫";0;0;0;0;0;0;0;0;0;0;0;0;0;0;0;0;0;0;0;0;0;1;0;0;0;0;0;0;0;0;0;0;0;0;1;0;1;1;1;0;1;0;0;0;0;0;0;0;0;0;0;0;0;0;0;0;0;0;0;0;0;0;0;0;0;0;0;0;0;0;0;0;0;0;0;0;0;0;1;0;0;0;1;0;0;0;0;0;0;0;0;0;1;0;0;0;0;1;0;0;0;0;0;0;0;0;0;0;0;0;0;0;0;0;0;0;0;0;0
33941483;;;Căn hộ 3 phòng ngủ hướng biển (3-Bedroom Ocean View Apartment);Thông tin sức chứa phòng: 6 người lớn.;"846.561
₫";0;0;0;0;0;0;0;0;0;0;0;0;0;0;0;0;0;0;0;0;0;1;0;0;0;0;0;0;0;0;0;0;0;0;1;0;1;1;1;0;1;0;0;0;0;0;0;0;0;0;0;0;0;0;0;0;0;0;0;0;0;0;0;0;0;0;0;0;0;0;0;0;0;0;0;0;0;0;1;0;0;0;1;0;0;0;0;0;0;0;0;0;1;0;0;0;0;1;0;0;0;0;0;0;0;0;0;0;0;0;0;0;0;0;0;0;0;0;0
33941483;;;Căn hộ 3 phòng ngủ hướng biển (3-Bedroom Ocean View Apartment);Thông tin sức chứa phòng: 6 người lớn.;"1.143.519
₫";0;0;0;0;0;0;0;0;0;0;0;0;0;0;0;0;0;0;0;0;0;1;0;0;0;0;0;0;0;0;0;0;0;0;1;0;1;1;1;0;1;0;0;0;0;0;0;0;0;0;0;0;0;0;0;0;0;0;0;0;0;0;0;0;0;0;0;0;0;0;0;0;0;0;0;0;0;0;1;0;0;0;1;0;0;0;0;0;0;0;0;0;1;0;0;0;0;1;0;0;0;0;0;0;0;0;0;0;0;0;0;0;0;0;0;0;0;0;0
33941483;;;Luxury Oceanfront Suite;Thông tin sức chứa phòng: 7 người lớn và 2 trẻ em.;"2.199.074
₫";0;0;0;0;0;0;0;0;0;0;0;1;0;0;0;0;0;0;0;0;0;0;0;0;0;0;0;0;0;0;0;0;1;0;0;0;0;1;0;0;0;1;0;0;0;0;1;0;0;1;0;0;0;0;0;0;0;0;0;0;0;0;0;0;0;0;0;0;0;0;0;0;0;0;0;0;0;0;0;0;1;0;0;0;0;0;0;0;0;0;1;0;0;0;0;0;1;0;0;0;0;0;0;0;0;0;0;0;0;0;0;0;0;0;0;1;0;0;0
52133786;;;Phòng Superior Garden (Superior Garden);Thông tin sức chứa phòng: 2 người lớn.;"938.242
₫";1;0;0;0;0;0;0;0;0;0;0;0;0;0;0;0;0;0;0;0;0;0;0;0;0;0;0;0;0;0;0;0;0;0;0;0;0;1;0;0;0;0;0;0;0;0;0;0;0;0;0;0;0;0;0;0;0;0;1;0;0;0;0;0;0;0;0;0;0;0;0;0;0;0;0;0;0;0;0;0;0;0;0;0;1;0;0;0;0;0;0;1;0;0;0;0;0;0;0;0;1;0;0;0;0;1;0;1;0;0;0;0;0;1;0;1;0;0;0
52133786;;;Phòng Superior Garden (Superior Garden);Thông tin sức chứa phòng: 2 người lớn.;"1.483.935
₫";1;0;0;0;0;0;0;0;0;0;0;0;0;0;0;0;0;0;0;0;0;0;0;0;0;0;0;0;0;0;0;0;0;0;0;0;0;1;0;0;0;0;0;0;0;0;0;0;0;0;0;0;0;0;0;0;0;0;1;0;0;0;0;0;0;0;0;0;0;0;0;0;0;0;0;0;0;0;0;0;0;0;0;0;1;0;0;0;0;0;0;1;0;0;0;0;0;0;0;0;1;0;0;0;0;1;0;1;0;0;0;0;0;1;0;1;0;0;0
52133786;;;Phòng Superior hướng biển giường đôi (Superior Sea View Double Room);Thông tin sức chứa phòng: 2 người lớn và 1 trẻ em.;"1.015.599
₫";0;0;0;0;0;0;0;0;0;0;0;0;0;0;0;0;0;0;0;1;0;0;0;0;0;0;0;0;0;0;0;0;0;0;0;0;0;1;0;0;0;0;0;0;1;0;0;0;0;0;0;0;0;0;0;0;0;0;1;0;0;0;0;0;0;0;0;0;0;0;0;0;0;0;0;0;0;0;0;0;0;0;1;0;0;0;0;0;0;0;0;1;0;0;0;0;0;0;0;1;0;0;0;0;0;0;0;1;0;0;0;0;0;0;0;1;0;0;0
52133786;;;Phòng Superior hướng biển giường đôi (Superior Sea View Double Room);Thông tin sức chứa phòng: 2 người lớn.;"1.582.454
₫";0;0;0;0;0;0;0;0;0;0;0;0;0;0;0;0;0;0;0;1;0;0;0;0;0;0;0;0;0;0;0;0;0;0;0;0;0;1;0;0;0;0;0;0;1;0;0;0;0;0;0;0;0;0;0;0;0;0;1;0;0;0;0;0;0;0;0;0;0;0;0;0;0;0;0;0;0;0;0;0;0;0;1;0;0;0;0;0;0;0;0;1;0;0;0;0;0;0;0;1;0;0;0;0;0;0;0;1;0;0;0;0;0;0;0;1;0;0;0
52133786;;;Phòng Deluxe Nhìn ra Núi (Deluxe Mountain View);Thông tin sức chứa phòng: 2 người lớn.;"1.070.923
₫";1;0;0;0;0;0;0;0;0;0;0;0;0;0;0;0;0;0;0;0;0;0;0;0;0;0;0;0;0;0;0;0;0;0;0;0;0;1;0;0;0;0;0;0;0;0;0;0;0;0;0;0;0;0;0;0;0;0;0;1;0;0;0;0;0;0;0;0;0;0;0;0;0;0;0;0;0;0;0;0;0;0;0;0;1;0;0;0;0;0;0;1;0;0;0;0;0;0;0;1;0;0;0;0;0;1;0;1;0;0;0;0;0;0;0;1;0;0;0
52133786;;;Phòng Deluxe Nhìn ra Núi (Deluxe Mountain View);Thông tin sức chứa phòng: 2 người lớn.;"1.668.657
₫";1;0;0;0;0;0;0;0;0;0;0;0;0;0;0;0;0;0;0;0;0;0;0;0;0;0;0;0;0;0;0;0;0;0;0;0;0;1;0;0;0;0;0;0;0;0;0;0;0;0;0;0;0;0;0;0;0;0;0;1;0;0;0;0;0;0;0;0;0;0;0;0;0;0;0;0;0;0;0;0;0;0;0;0;1;0;0;0;0;0;0;1;0;0;0;0;0;0;0;1;0;0;0;0;0;1;0;1;0;0;0;0;0;0;0;1;0;0;0
52133786;;;Deluxe 1 góc hướng biển (Deluxe Partial Sea View);Thông tin sức chứa phòng: 2 người lớn và 1 trẻ em.;"1.161.813
₫";0;0;0;0;0;0;0;0;0;0;0;0;0;0;0;0;0;0;0;1;0;0;0;0;0;0;0;0;0;0;0;0;0;0;0;0;0;1;0;0;0;0;0;0;0;0;0;0;0;0;0;0;0;0;0;0;0;0;0;1;0;0;0;0;0;0;0;0;0;0;0;0;0;0;0;0;0;0;0;0;0;0;0;0;0;0;0;0;0;1;0;1;0;0;0;0;0;0;0;1;0;0;0;0;0;1;0;1;0;0;0;0;0;0;0;1;0;0;0
52133786;;;Deluxe 1 góc hướng biển (Deluxe Partial Sea View);Thông tin sức chứa phòng: 2 người lớn.;"1.810.278
₫";0;0;0;0;0;0;0;0;0;0;0;0;0;0;0;0;0;0;0;1;0;0;0;0;0;0;0;0;0;0;0;0;0;0;0;0;0;1;0;0;0;0;0;0;0;0;0;0;0;0;0;0;0;0;0;0;0;0;0;1;0;0;0;0;0;0;0;0;0;0;0;0;0;0;0;0;0;0;0;0;0;0;0;0;0;0;0;0;0;1;0;1;0;0;0;0;0;0;0;1;0;0;0;0;0;1;0;1;0;0;0;0;0;0;0;1;0;0;0
52133786;;;Phòng Premier Giường Đôi Nhìn ra Biển (Premier Double Ocean View);Thông tin sức chứa phòng: 2 người lớn và 1 trẻ em.;"1.311.980
₫";1;0;0;0;0;0;0;0;0;0;0;0;0;0;0;0;0;0;0;0;0;0;0;0;0;0;0;0;0;0;0;0;0;0;0;0;0;1;0;1;0;0;0;0;1;0;0;0;0;0;0;0;0;0;0;0;0;0;0;1;0;0;0;0;0;0;0;0;0;0;0;0;0;0;0;0;0;0;0;0;0;0;1;0;0;0;0;0;0;0;0;1;0;0;0;0;0;0;0;1;0;0;0;0;0;0;0;0;0;0;0;0;1;0;0;0;0;0;0
52133786;;;Phòng Premier 3 Người Nhìn Ra Núi (Premier Triple Room with Mountain View);Thông tin sức chứa phòng: 2 người lớn và 1 trẻ em.;"1.549.466
₫";0;0;0;0;0;0;1;0;0;0;0;0;0;0;0;0;0;0;0;0;0;0;0;0;0;0;0;0;0;0;0;0;0;0;0;0;0;1;0;0;0;0;0;0;0;0;0;0;0;0;0;0;0;0;0;0;0;0;0;0;0;0;1;0;0;0;0;0;0;0;0;0;0;0;0;0;0;0;0;0;0;0;0;0;1;0;0;0;0;0;0;1;0;0;0;0;0;0;0;1;0;0;0;0;0;1;0;1;0;0;0;0;0;0;0;1;0;0;0
52133786;;;Phòng Premier 3 Người Nhìn Ra Núi (Premier Triple Room with Mountain View);Thông tin sức chứa phòng: 3 người lớn và 1 trẻ em.;"1.924.989
₫";0;0;0;0;0;0;1;0;0;0;0;0;0;0;0;0;0;0;0;0;0;0;0;0;0;0;0;0;0;0;0;0;0;0;0;0;0;1;0;0;0;0;0;0;0;0;0;0;0;0;0;0;0;0;0;0;0;0;0;0;0;0;1;0;0;0;0;0;0;0;0;0;0;0;0;0;0;0;0;0;0;0;0;0;1;0;0;0;0;0;0;1;0;0;0;0;0;0;0;1;0;0;0;0;0;1;0;1;0;0;0;0;0;0;0;1;0;0;0
52133786;;;Phòng Premier 3 Người Nhìn Ra Núi (Premier Triple Room with Mountain View);Thông tin sức chứa phòng: 3 người lớn.;"2.413.704
₫";0;0;0;0;0;0;1;0;0;0;0;0;0;0;0;0;0;0;0;0;0;0;0;0;0;0;0;0;0;0;0;0;0;0;0;0;0;1;0;0;0;0;0;0;0;0;0;0;0;0;0;0;0;0;0;0;0;0;0;0;0;0;1;0;0;0;0;0;0;0;0;0;0;0;0;0;0;0;0;0;0;0;0;0;1;0;0;0;0;0;0;1;0;0;0;0;0;0;0;1;0;0;0;0;0;1;0;1;0;0;0;0;0;0;0;1;0;0;0
52133786;;;Phòng Có Giường Cỡ King Nhìn Ra Biển (King Room with Sea View);Thông tin sức chứa phòng: 2 người lớn.;"2.044.259
₫";1;0;0;0;0;0;0;0;0;0;0;0;0;0;0;0;0;0;0;0;0;0;0;0;0;0;0;0;0;0;0;0;0;0;0;0;0;1;0;0;0;0;0;0;0;0;0;0;0;0;0;0;0;0;0;0;0;0;0;1;0;0;0;0;0;0;0;0;0;0;0;0;0;0;0;0;0;0;0;0;0;0;1;0;0;0;0;0;0;0;0;0;0;0;0;1;0;0;0;0;0;0;0;0;0;1;0;1;0;0;0;0;0;1;0;1;0;0;1
52133786;;;Phòng gia đình hướng núi (Family Mountain View);Thông tin sức chứa phòng: 2 người lớn.;"2.059.367
₫";0;0;0;0;0;0;0;1;0;0;0;0;0;0;0;0;0;0;0;0;0;0;0;0;0;0;0;0;0;0;0;0;0;0;0;0;0;1;0;0;0;0;0;0;1;0;0;0;0;0;0;0;0;0;0;0;0;0;0;0;0;0;0;0;0;0;0;1;0;0;0;0;0;0;0;0;0;0;0;0;0;0;0;0;1;0;0;0;0;0;0;1;0;0;0;0;0;0;0;1;0;0;0;0;0;0;0;1;1;0;0;0;0;0;0;1;0;0;0
52133786;;;Phòng gia đình hướng núi (Family Mountain View);Thông tin sức chứa phòng: 3 người lớn.;"2.456.731
₫";0;0;0;0;0;0;0;1;0;0;0;0;0;0;0;0;0;0;0;0;0;0;0;0;0;0;0;0;0;0;0;0;0;0;0;0;0;1;0;0;0;0;0;0;1;0;0;0;0;0;0;0;0;0;0;0;0;0;0;0;0;0;0;0;0;0;0;1;0;0;0;0;0;0;0;0;0;0;0;0;0;0;0;0;1;0;0;0;0;0;0;1;0;0;0;0;0;0;0;1;0;0;0;0;0;0;0;1;1;0;0;0;0;0;0;1;0;0;0
52133786;;;Phòng gia đình hướng núi (Family Mountain View);Thông tin sức chứa phòng: 4 người lớn.;"3.208.009
₫";0;0;0;0;0;0;0;1;0;0;0;0;0;0;0;0;0;0;0;0;0;0;0;0;0;0;0;0;0;0;0;0;0;0;0;0;0;1;0;0;0;0;0;0;1;0;0;0;0;0;0;0;0;0;0;0;0;0;0;0;0;0;0;0;0;0;0;1;0;0;0;0;0;0;0;0;0;0;0;0;0;0;0;0;1;0;0;0;0;0;0;1;0;0;0;0;0;0;0;1;0;0;0;0;0;0;0;1;1;0;0;0;0;0;0;1;0;0;0
52133786;;;Căn hộ (Apartment);Thông tin sức chứa phòng: 2 người lớn và 2 trẻ em.;"2.624.465
₫";0;0;0;1;0;0;0;0;0;0;0;0;0;0;0;0;0;0;0;0;0;0;0;0;0;0;0;0;0;0;0;1;1;0;0;0;0;1;0;1;0;0;0;0;1;0;0;0;0;0;0;0;0;0;0;0;0;0;0;0;0;0;0;0;0;0;0;0;0;0;0;0;0;0;0;0;0;0;0;1;0;0;0;0;1;0;0;0;0;0;0;0;0;0;0;0;0;0;0;0;0;0;0;0;1;0;0;0;0;0;0;0;0;0;0;1;0;0;0
52133786;;;Căn hộ (Apartment);Thông tin sức chứa phòng: 3 người lớn và 2 trẻ em.;"3.045.199
₫";0;0;0;1;0;0;0;0;0;0;0;0;0;0;0;0;0;0;0;0;0;0;0;0;0;0;0;0;0;0;0;1;1;0;0;0;0;1;0;1;0;0;0;0;1;0;0;0;0;0;0;0;0;0;0;0;0;0;0;0;0;0;0;0;0;0;0;0;0;0;0;0;0;0;0;0;0;0;0;1;0;0;0;0;1;0;0;0;0;0;0;0;0;0;0;0;0;0;0;0;0;0;0;0;1;0;0;0;0;0;0;0;0;0;0;1;0;0;0
52133786;;;Căn hộ (Apartment);Thông tin sức chứa phòng: 4 người lớn.;"4.106.991
₫";0;0;0;1;0;0;0;0;0;0;0;0;0;0;0;0;0;0;0;0;0;0;0;0;0;0;0;0;0;0;0;1;1;0;0;0;0;1;0;1;0;0;0;0;1;0;0;0;0;0;0;0;0;0;0;0;0;0;0;0;0;0;0;0;0;0;0;0;0;0;0;0;0;0;0;0;0;0;0;1;0;0;0;0;1;0;0;0;0;0;0;0;0;0;0;0;0;0;0;0;0;0;0;0;1;0;0;0;0;0;0;0;0;0;0;1;0;0;0
52133786;;;Căn Hộ - 2 Phòng Ngủ (Apartment - 2 Bedrooms);Thông tin sức chứa phòng: 2 người lớn và 2 trẻ em.;"3.025.807
₫";0;1;0;0;0;0;0;0;0;0;0;0;0;0;0;0;0;0;0;0;0;0;0;0;0;0;0;0;0;0;0;1;1;0;0;0;0;1;0;1;0;0;0;0;1;0;0;0;0;0;0;0;0;0;0;0;0;0;0;0;0;0;0;0;0;0;0;0;0;0;0;0;0;0;0;1;0;0;0;0;0;0;1;0;0;0;0;0;0;0;0;0;0;0;0;0;0;0;0;1;0;0;0;0;0;0;0;0;0;0;0;0;0;0;0;1;0;0;0
52133786;;;Căn Hộ - 2 Phòng Ngủ (Apartment - 2 Bedrooms);Thông tin sức chứa phòng: 4 người lớn.;"4.735.046
₫";0;1;0;0;0;0;0;0;0;0;0;0;0;0;0;0;0;0;0;0;0;0;0;0;0;0;0;0;0;0;0;1;1;0;0;0;0;1;0;1;0;0;0;0;1;0;0;0;0;0;0;0;0;0;0;0;0;0;0;0;0;0;0;0;0;0;0;0;0;0;0;0;0;0;0;1;0;0;0;0;0;0;1;0;0;0;0;0;0;0;0;0;0;0;0;0;0;0;0;1;0;0;0;0;0;0;0;0;0;0;0;0;0;0;0;1;0;0;0
161729;Khách sạn The Imperial Vũng Tàu (The IMPERIAL Vung Tau Hotel );159 Thùy Vân, Phường Thắng Tam , Thắng Tam, Vũng Tàu, Việt Nam, 790000;Phòng do khách sạn sắp xếp (Run of House);Thông tin sức chứa phòng: 2 người lớn.;"1.917.599
₫";1;0;0;0;0;0;0;0;0;0;0;0;0;0;0;0;0;0;0;0;0;0;0;0;0;0;0;0;0;0;0;0;0;0;0;0;0;1;0;0;0;0;0;0;0;0;0;0;0;0;0;0;0;0;0;0;0;0;0;0;0;0;0;0;0;0;0;0;0;0;0;0;0;0;0;0;0;0;0;0;0;0;0;0;0;0;0;0;0;0;0;1;0;1;0;1;0;0;0;0;0;0;0;1;1;0;0;1;0;0;0;0;1;0;0;0;0;0;0
161729;Khách sạn The Imperial Vũng Tàu (The IMPERIAL Vung Tau Hotel );159 Thùy Vân, Phường Thắng Tam , Thắng Tam, Vũng Tàu, Việt Nam, 790000;Phòng do khách sạn sắp xếp (Run of House);Thông tin sức chứa phòng: 2 người lớn.;"2.063.052
₫";1;0;0;0;0;0;0;0;0;0;0;0;0;0;0;0;0;0;0;0;0;0;0;0;0;0;0;0;0;0;0;0;0;0;0;0;0;1;0;0;0;0;0;0;0;0;0;0;0;0;0;0;0;0;0;0;0;0;0;0;0;0;0;0;0;0;0;0;0;0;0;0;0;0;0;0;0;0;0;0;0;0;0;0;0;0;0;0;0;0;0;1;0;1;0;1;0;0;0;0;0;0;0;1;1;0;0;1;0;0;0;0;1;0;0;0;0;0;0
161729;Khách sạn The Imperial Vũng Tàu (The IMPERIAL Vung Tau Hotel );159 Thùy Vân, Phường Thắng Tam , Thắng Tam, Vũng Tàu, Việt Nam, 790000;Phòng Residence Deluxe 2 giường đơn (Residence Deluxe Twin Room);Thông tin sức chứa phòng: 2 người lớn và 1 trẻ em.;"1.917.599
₫";0;0;0;0;0;0;0;0;0;0;0;0;0;0;0;0;0;0;0;0;0;0;0;0;0;0;0;0;0;1;0;0;0;0;0;0;0;1;0;0;0;1;0;0;1;0;0;0;0;0;0;0;0;0;0;0;0;0;0;0;0;1;0;0;0;0;0;0;0;0;0;0;0;0;0;0;0;0;0;0;0;0;0;0;0;0;0;0;1;0;0;1;0;0;0;0;0;0;1;1;0;0;0;0;0;0;0;1;0;0;0;0;0;0;0;0;0;0;0
161729;Khách sạn The Imperial Vũng Tàu (The IMPERIAL Vung Tau Hotel );159 Thùy Vân, Phường Thắng Tam , Thắng Tam, Vũng Tàu, Việt Nam, 790000;Phòng Residence Deluxe 2 giường đơn (Residence Deluxe Twin Room);Thông tin sức chứa phòng: 2 người lớn và 1 trẻ em.;"2.063.052
₫";0;0;0;0;0;0;0;0;0;0;0;0;0;0;0;0;0;0;0;0;0;0;0;0;0;0;0;0;0;1;0;0;0;0;0;0;0;1;0;0;0;1;0;0;1;0;0;0;0;0;0;0;0;0;0;0;0;0;0;0;0;1;0;0;0;0;0;0;0;0;0;0;0;0;0;0;0;0;0;0;0;0;0;0;0;0;0;0;1;0;0;1;0;0;0;0;0;0;1;1;0;0;0;0;0;0;0;1;0;0;0;0;0;0;0;0;0;0;0
161729;Khách sạn The Imperial Vũng Tàu (The IMPERIAL Vung Tau Hotel );159 Thùy Vân, Phường Thắng Tam , Thắng Tam, Vũng Tàu, Việt Nam, 790000;Phòng Heritage Loại Sang 2 Giường Đơn (Heritage Deluxe Twin);Thông tin sức chứa phòng: 2 người lớn.;"1.917.599
₫";0;0;0;0;0;0;0;0;0;0;0;0;0;0;0;0;0;0;0;0;0;0;0;0;0;0;0;0;0;1;0;0;0;0;0;0;0;1;0;0;0;1;0;0;1;0;0;0;0;0;0;0;0;0;0;0;0;0;0;0;0;1;0;0;0;0;0;0;0;0;0;0;0;0;0;0;0;0;0;0;0;0;0;0;0;0;0;0;1;0;0;1;0;0;0;0;0;0;1;1;0;0;0;0;0;0;0;1;0;0;0;0;0;0;0;0;0;0;0
161729;Khách sạn The Imperial Vũng Tàu (The IMPERIAL Vung Tau Hotel );159 Thùy Vân, Phường Thắng Tam , Thắng Tam, Vũng Tàu, Việt Nam, 790000;Phòng Heritage Loại Sang 2 Giường Đơn (Heritage Deluxe Twin);Thông tin sức chứa phòng: 2 người lớn.;"2.063.052
₫";0;0;0;0;0;0;0;0;0;0;0;0;0;0;0;0;0;0;0;0;0;0;0;0;0;0;0;0;0;1;0;0;0;0;0;0;0;1;0;0;0;1;0;0;1;0;0;0;0;0;0;0;0;0;0;0;0;0;0;0;0;1;0;0;0;0;0;0;0;0;0;0;0;0;0;0;0;0;0;0;0;0;0;0;0;0;0;0;1;0;0;1;0;0;0;0;0;0;1;1;0;0;0;0;0;0;0;1;0;0;0;0;0;0;0;0;0;0;0
161729;Khách sạn The Imperial Vũng Tàu (The IMPERIAL Vung Tau Hotel );159 Thùy Vân, Phường Thắng Tam , Thắng Tam, Vũng Tàu, Việt Nam, 790000;Phòng Heritage Deluxe Giường Đôi Có Ban Công (Heritage Deluxe Double Room with Balcony);Thông tin sức chứa phòng: 2 người lớn và 1 trẻ em.;"2.320.282
₫";1;0;0;0;0;0;0;0;0;0;0;0;0;0;0;0;0;0;0;0;0;0;0;0;0;0;0;0;0;0;0;0;0;0;0;0;0;1;0;0;0;1;0;0;0;0;0;0;0;0;0;0;0;0;0;0;0;0;0;0;0;1;0;0;0;0;0;0;0;0;0;0;0;0;0;0;0;0;0;0;0;0;0;0;0;0;0;0;1;0;0;1;0;0;0;0;0;0;0;0;0;0;0;0;1;0;0;1;0;0;0;0;0;0;0;1;0;0;0
161729;Khách sạn The Imperial Vũng Tàu (The IMPERIAL Vung Tau Hotel );159 Thùy Vân, Phường Thắng Tam , Thắng Tam, Vũng Tàu, Việt Nam, 790000;Phòng Heritage Deluxe Giường Đôi Có Ban Công (Heritage Deluxe Double Room with Balcony);Thông tin sức chứa phòng: 2 người lớn và 1 trẻ em.;"2.373.016
₫";1;0;0;0;0;0;0;0;0;0;0;0;0;0;0;0;0;0;0;0;0;0;0;0;0;0;0;0;0;0;0;0;0;0;0;0;0;1;0;0;0;1;0;0;0;0;0;0;0;0;0;0;0;0;0;0;0;0;0;0;0;1;0;0;0;0;0;0;0;0;0;0;0;0;0;0;0;0;0;0;0;0;0;0;0;0;0;0;1;0;0;1;0;0;0;0;0;0;0;0;0;0;0;0;1;0;0;1;0;0;0;0;0;0;0;1;0;0;0
161729;Khách sạn The Imperial Vũng Tàu (The IMPERIAL Vung Tau Hotel );159 Thùy Vân, Phường Thắng Tam , Thắng Tam, Vũng Tàu, Việt Nam, 790000;Dinh Thự Grand 2 Giường Đơn (Grand Residence Twin);Thông tin sức chứa phòng: 2 người lớn.;"2.615.330
₫";0;0;0;0;0;0;0;0;0;0;0;0;0;0;0;0;0;0;0;0;0;0;0;0;0;0;0;0;0;1;0;0;0;0;0;0;0;0;0;0;0;1;0;0;0;0;0;0;0;0;0;0;0;0;0;0;0;0;0;0;0;0;0;0;0;0;0;0;0;0;1;0;0;0;0;0;0;0;0;0;0;0;0;0;0;0;0;0;1;0;0;1;0;0;0;1;0;0;0;0;0;0;0;0;1;1;0;0;0;0;0;0;1;0;0;0;0;0;0
161729;Khách sạn The Imperial Vũng Tàu (The IMPERIAL Vung Tau Hotel );159 Thùy Vân, Phường Thắng Tam , Thắng Tam, Vũng Tàu, Việt Nam, 790000;Dinh Thự Grand 2 Giường Đơn (Grand Residence Twin);Thông tin sức chứa phòng: 2 người lớn.;"3.552.021
₫";0;0;0;0;0;0;0;0;0;0;0;0;0;0;0;0;0;0;0;0;0;0;0;0;0;0;0;0;0;1;0;0;0;0;0;0;0;0;0;0;0;1;0;0;0;0;0;0;0;0;0;0;0;0;0;0;0;0;0;0;0;0;0;0;0;0;0;0;0;0;1;0;0;0;0;0;0;0;0;0;0;0;0;0;0;0;0;0;1;0;0;1;0;0;0;1;0;0;0;0;0;0;0;0;1;1;0;0;0;0;0;0;1;0;0;0;0;0;0
161729;Khách sạn The Imperial Vũng Tàu (The IMPERIAL Vung Tau Hotel );159 Thùy Vân, Phường Thắng Tam , Thắng Tam, Vũng Tàu, Việt Nam, 790000;Residence King Ocean View;Thông tin sức chứa phòng: 2 người lớn và 1 trẻ em.;"2.689.418
₫";1;0;0;0;0;0;0;0;0;0;0;0;0;0;0;0;0;0;0;0;0;0;0;0;0;0;0;0;0;0;0;0;0;0;0;0;0;1;0;0;0;1;0;0;1;0;0;0;0;0;0;0;0;0;0;0;0;0;0;0;0;0;0;0;1;0;0;0;0;0;0;0;0;0;0;0;0;0;0;0;0;0;0;0;0;0;0;0;0;0;1;1;0;0;0;0;0;0;1;1;0;0;0;0;0;0;0;1;0;0;0;0;0;0;0;0;0;0;0
161729;Khách sạn The Imperial Vũng Tàu (The IMPERIAL Vung Tau Hotel );159 Thùy Vân, Phường Thắng Tam , Thắng Tam, Vũng Tàu, Việt Nam, 790000;Residence King Ocean View;Thông tin sức chứa phòng: 2 người lớn.;"3.093.289
₫";1;0;0;0;0;0;0;0;0;0;0;0;0;0;0;0;0;0;0;0;0;0;0;0;0;0;0;0;0;0;0;0;0;0;0;0;0;1;0;0;0;1;0;0;1;0;0;0;0;0;0;0;0;0;0;0;0;0;0;0;0;0;0;0;1;0;0;0;0;0;0;0;0;0;0;0;0;0;0;0;0;0;0;0;0;0;0;0;0;0;1;1;0;0;0;0;0;0;1;1;0;0;0;0;0;0;0;1;0;0;0;0;0;0;0;0;0;0;0
161729;Khách sạn The Imperial Vũng Tàu (The IMPERIAL Vung Tau Hotel );159 Thùy Vân, Phường Thắng Tam , Thắng Tam, Vũng Tàu, Việt Nam, 790000;Heritage Loại Sang Hướng Biển Giường King (Heritage Deluxe King Ocean View);Thông tin sức chứa phòng: 2 người lớn và 1 trẻ em.;"2.794.885
₫";1;0;0;0;0;0;0;0;0;0;0;0;0;0;0;0;0;0;0;0;0;0;0;0;0;0;0;0;0;0;0;0;0;0;0;0;0;1;0;0;0;1;0;0;0;0;0;0;0;0;0;0;0;0;0;0;0;0;0;0;0;1;0;0;0;0;0;0;0;0;0;0;0;0;0;0;0;0;0;0;0;0;0;0;0;0;0;0;0;0;1;0;0;0;0;0;0;0;0;0;0;0;0;0;1;1;0;1;0;0;0;0;0;0;0;1;0;0;0
161729;Khách sạn The Imperial Vũng Tàu (The IMPERIAL Vung Tau Hotel );159 Thùy Vân, Phường Thắng Tam , Thắng Tam, Vũng Tàu, Việt Nam, 790000;Heritage Loại Sang Hướng Biển Giường King (Heritage Deluxe King Ocean View);Thông tin sức chứa phòng: 2 người lớn.;"3.094.860
₫";1;0;0;0;0;0;0;0;0;0;0;0;0;0;0;0;0;0;0;0;0;0;0;0;0;0;0;0;0;0;0;0;0;0;0;0;0;1;0;0;0;1;0;0;0;0;0;0;0;0;0;0;0;0;0;0;0;0;0;0;0;1;0;0;0;0;0;0;0;0;0;0;0;0;0;0;0;0;0;0;0;0;0;0;0;0;0;0;0;0;1;0;0;0;0;0;0;0;0;0;0;0;0;0;1;1;0;1;0;0;0;0;0;0;0;1;0;0;0
161729;Khách sạn The Imperial Vũng Tàu (The IMPERIAL Vung Tau Hotel );159 Thùy Vân, Phường Thắng Tam , Thắng Tam, Vũng Tàu, Việt Nam, 790000;Phòng Grand Heritage Loại Sang Hướng Đại Dương Giường Lớn (Heritage Grand Deluxe King Ocean View);Thông tin sức chứa phòng: 2 người lớn và 1 trẻ em.;"2.872.576
₫";1;0;0;0;0;0;0;0;0;0;0;0;0;0;0;0;0;0;0;0;0;0;0;0;0;0;0;0;0;0;0;0;0;0;0;0;0;0;0;0;0;1;0;0;0;0;0;0;0;0;0;0;0;0;0;0;0;0;0;0;0;0;0;0;1;0;0;0;0;0;0;0;0;0;0;0;0;0;0;0;0;0;0;0;0;0;0;0;0;0;1;0;0;0;0;1;0;0;0;0;0;0;0;1;1;1;0;0;0;0;0;0;1;0;0;0;0;0;0
161729;Khách sạn The Imperial Vũng Tàu (The IMPERIAL Vung Tau Hotel );159 Thùy Vân, Phường Thắng Tam , Thắng Tam, Vũng Tàu, Việt Nam, 790000;Dinh Thự Grand Có Giường Cỡ King (Grand Residence King);Thông tin sức chứa phòng: 2 người lớn và 1 trẻ em.;"3.164.021
₫";1;0;0;0;0;0;0;0;0;0;0;0;0;0;0;0;0;0;0;0;0;0;0;0;0;0;0;0;0;0;0;0;0;0;0;0;0;0;0;0;0;1;0;0;1;0;0;0;0;0;0;0;0;0;0;0;0;0;0;0;0;0;0;0;1;0;0;0;0;0;0;0;0;0;0;0;0;0;0;0;0;0;0;0;0;0;0;0;1;0;0;1;0;0;0;0;0;0;1;1;0;0;0;0;0;0;0;1;0;0;0;0;0;0;0;0;0;0;0
161729;Khách sạn The Imperial Vũng Tàu (The IMPERIAL Vung Tau Hotel );159 Thùy Vân, Phường Thắng Tam , Thắng Tam, Vũng Tàu, Việt Nam, 790000;Dinh Thự Grand Có Giường Cỡ King (Grand Residence King);Thông tin sức chứa phòng: 2 người lớn.;"3.552.021
₫";1;0;0;0;0;0;0;0;0;0;0;0;0;0;0;0;0;0;0;0;0;0;0;0;0;0;0;0;0;0;0;0;0;0;0;0;0;0;0;0;0;1;0;0;1;0;0;0;0;0;0;0;0;0;0;0;0;0;0;0;0;0;0;0;1;0;0;0;0;0;0;0;0;0;0;0;0;0;0;0;0;0;0;0;0;0;0;0;1;0;0;1;0;0;0;0;0;0;1;1;0;0;0;0;0;0;0;1;0;0;0;0;0;0;0;0;0;0;0
161729;Khách sạn The Imperial Vũng Tàu (The IMPERIAL Vung Tau Hotel );159 Thùy Vân, Phường Thắng Tam , Thắng Tam, Vũng Tàu, Việt Nam, 790000;Phòng Deluxe Heritage Grand Có Giường Cỡ King (Heritage Grand Deluxe King);Thông tin sức chứa phòng: 2 người lớn và 1 trẻ em.;"3.216.755
₫";1;0;0;0;0;0;0;0;0;0;0;0;0;0;0;0;0;0;0;0;0;0;0;0;0;0;0;0;0;0;0;0;0;0;0;0;0;0;0;0;0;1;0;0;1;0;0;0;0;0;0;0;0;0;0;0;0;0;0;0;0;0;0;0;0;0;0;0;0;0;1;0;0;0;0;0;0;0;0;0;0;0;0;0;0;0;0;0;1;0;0;1;0;0;0;0;0;0;1;1;0;0;0;0;0;0;0;1;0;0;0;0;0;0;0;0;0;0;0
161729;Khách sạn The Imperial Vũng Tàu (The IMPERIAL Vung Tau Hotel );159 Thùy Vân, Phường Thắng Tam , Thắng Tam, Vũng Tàu, Việt Nam, 790000;Phòng Deluxe Heritage Grand Có Giường Cỡ King (Heritage Grand Deluxe King);Thông tin sức chứa phòng: 2 người lớn.;"3.552.021
₫";1;0;0;0;0;0;0;0;0;0;0;0;0;0;0;0;0;0;0;0;0;0;0;0;0;0;0;0;0;0;0;0;0;0;0;0;0;0;0;0;0;1;0;0;1;0;0;0;0;0;0;0;0;0;0;0;0;0;0;0;0;0;0;0;0;0;0;0;0;0;1;0;0;0;0;0;0;0;0;0;0;0;0;0;0;0;0;0;1;0;0;1;0;0;0;0;0;0;1;1;0;0;0;0;0;0;0;1;0;0;0;0;0;0;0;0;0;0;0
161729;Khách sạn The Imperial Vũng Tàu (The IMPERIAL Vung Tau Hotel );159 Thùy Vân, Phường Thắng Tam , Thắng Tam, Vũng Tàu, Việt Nam, 790000;Dinh Thự Grand 2 Giường Đơn (Grand Residence Twin);Thông tin sức chứa phòng: 2 người lớn.;"3.216.755
₫";0;0;0;0;0;0;0;0;0;0;0;0;0;0;0;0;0;0;0;0;0;0;0;0;0;0;0;0;0;1;0;0;0;0;0;0;0;0;0;1;0;0;0;0;0;0;0;0;0;0;0;0;0;0;0;0;0;0;0;0;0;0;0;0;1;0;0;0;0;0;0;0;0;0;0;0;0;0;0;0;0;0;0;0;0;0;0;0;0;0;0;0;0;0;1;0;0;0;0;0;0;0;0;0;0;1;1;1;0;0;0;0;1;0;0;1;0;0;0
161729;Khách sạn The Imperial Vũng Tàu (The IMPERIAL Vung Tau Hotel );159 Thùy Vân, Phường Thắng Tam , Thắng Tam, Vũng Tàu, Việt Nam, 790000;Phòng Heritage Deluxe 3 Người (Heritage Deluxe Triple Room);Thông tin sức chứa phòng: 3 người lớn và 1 trẻ em.;"3.216.755
₫";0;0;0;0;0;0;1;0;0;0;0;0;0;0;0;0;0;0;0;0;0;0;0;0;0;0;0;0;0;0;0;0;0;0;0;0;0;1;0;0;0;1;0;0;0;0;0;0;0;0;0;0;0;0;0;0;0;0;0;0;0;0;1;0;0;0;0;0;0;0;0;0;0;0;0;0;0;0;0;0;0;0;0;0;0;0;0;0;1;0;0;1;0;0;0;0;0;0;0;0;0;0;0;0;1;0;0;1;0;0;0;0;0;0;0;1;0;0;0
161729;Khách sạn The Imperial Vũng Tàu (The IMPERIAL Vung Tau Hotel );159 Thùy Vân, Phường Thắng Tam , Thắng Tam, Vũng Tàu, Việt Nam, 790000;Phòng Heritage Deluxe 3 Người (Heritage Deluxe Triple Room);Thông tin sức chứa phòng: 2 người lớn.;"3.666.712
₫";0;0;0;0;0;0;1;0;0;0;0;0;0;0;0;0;0;0;0;0;0;0;0;0;0;0;0;0;0;0;0;0;0;0;0;0;0;1;0;0;0;1;0;0;0;0;0;0;0;0;0;0;0;0;0;0;0;0;0;0;0;0;1;0;0;0;0;0;0;0;0;0;0;0;0;0;0;0;0;0;0;0;0;0;0;0;0;0;1;0;0;1;0;0;0;0;0;0;0;0;0;0;0;0;1;0;0;1;0;0;0;0;0;0;0;1;0;0;0
161729;Khách sạn The Imperial Vũng Tàu (The IMPERIAL Vung Tau Hotel );159 Thùy Vân, Phường Thắng Tam , Thắng Tam, Vũng Tàu, Việt Nam, 790000;Heritage Grand Deluxe Ocean View;Thông tin sức chứa phòng: 2 người lớn và 1 trẻ em.;"3.533.157
₫";0;0;0;0;0;0;0;0;0;0;0;0;0;0;0;0;0;0;0;1;0;0;0;0;0;0;0;0;0;0;0;0;0;0;0;0;0;0;0;0;0;1;0;0;1;0;0;0;0;0;0;0;0;0;0;0;0;0;0;0;0;0;1;0;0;0;0;0;0;0;0;0;0;0;0;0;0;0;0;0;0;0;0;0;0;0;0;0;0;0;1;1;0;0;0;0;0;0;1;1;0;0;0;0;0;0;0;1;0;0;0;0;0;0;0;0;0;0;0
161729;Khách sạn The Imperial Vũng Tàu (The IMPERIAL Vung Tau Hotel );159 Thùy Vân, Phường Thắng Tam , Thắng Tam, Vũng Tàu, Việt Nam, 790000;Heritage Grand Deluxe Ocean View;Thông tin sức chứa phòng: 2 người lớn.;"3.990.462
₫";0;0;0;0;0;0;0;0;0;0;0;0;0;0;0;0;0;0;0;1;0;0;0;0;0;0;0;0;0;0;0;0;0;0;0;0;0;0;0;0;0;1;0;0;1;0;0;0;0;0;0;0;0;0;0;0;0;0;0;0;0;0;1;0;0;0;0;0;0;0;0;0;0;0;0;0;0;0;0;0;0;0;0;0;0;0;0;0;0;0;1;1;0;0;0;0;0;0;1;1;0;0;0;0;0;0;0;1;0;0;0;0;0;0;0;0;0;0;0
161729;Khách sạn The Imperial Vũng Tàu (The IMPERIAL Vung Tau Hotel );159 Thùy Vân, Phường Thắng Tam , Thắng Tam, Vũng Tàu, Việt Nam, 790000;Căn Hộ Grand Hướng Đại Dương (Grand Ocean View Residence);Thông tin sức chứa phòng: 2 người lớn và 1 trẻ em.;"3.533.157
₫";1;0;0;0;0;0;0;0;0;0;0;0;0;0;0;0;0;0;0;0;0;0;0;0;0;0;0;0;0;0;0;0;0;0;0;0;0;0;0;0;0;1;0;0;1;0;0;0;0;0;0;0;0;0;0;0;0;0;0;0;0;0;0;0;0;0;0;0;0;0;1;0;0;0;0;0;0;0;0;0;0;0;0;0;0;0;0;0;0;0;1;1;0;0;0;0;0;0;1;1;0;0;0;0;0;0;0;1;0;0;0;0;0;0;0;0;0;0;0
161729;Khách sạn The Imperial Vũng Tàu (The IMPERIAL Vung Tau Hotel );159 Thùy Vân, Phường Thắng Tam , Thắng Tam, Vũng Tàu, Việt Nam, 790000;Căn Hộ Grand Hướng Đại Dương (Grand Ocean View Residence);Thông tin sức chứa phòng: 2 người lớn.;"3.990.462
₫";1;0;0;0;0;0;0;0;0;0;0;0;0;0;0;0;0;0;0;0;0;0;0;0;0;0;0;0;0;0;0;0;0;0;0;0;0;0;0;0;0;1;0;0;1;0;0;0;0;0;0;0;0;0;0;0;0;0;0;0;0;0;0;0;0;0;0;0;0;0;1;0;0;0;0;0;0;0;0;0;0;0;0;0;0;0;0;0;0;0;1;1;0;0;0;0;0;0;1;1;0;0;0;0;0;0;0;1;0;0;0;0;0;0;0;0;0;0;0
161729;Khách sạn The Imperial Vũng Tàu (The IMPERIAL Vung Tau Hotel );159 Thùy Vân, Phường Thắng Tam , Thắng Tam, Vũng Tàu, Việt Nam, 790000;Residence Suite Hướng Biển (Residence Suite Ocean View);Thông tin sức chứa phòng: 2 người lớn và 1 trẻ em.;"3.627.380
₫";1;0;0;0;0;0;0;0;0;0;0;0;0;0;0;0;0;0;0;0;0;0;0;0;0;0;0;0;0;0;0;0;0;0;0;0;0;0;0;0;0;1;0;0;1;0;0;0;0;0;0;0;0;0;0;0;0;0;0;0;0;0;0;0;0;0;0;0;0;0;0;0;0;1;0;0;0;0;0;0;0;0;0;0;0;0;0;0;0;0;1;1;0;0;0;0;0;0;0;0;0;0;0;0;1;1;0;0;0;0;0;0;1;0;0;0;0;0;0
161729;Khách sạn The Imperial Vũng Tàu (The IMPERIAL Vung Tau Hotel );159 Thùy Vân, Phường Thắng Tam , Thắng Tam, Vũng Tàu, Việt Nam, 790000;Residence Suite Hướng Biển (Residence Suite Ocean View);Thông tin sức chứa phòng: 2 người lớn.;"5.914.123
₫";1;0;0;0;0;0;0;0;0;0;0;0;0;0;0;0;0;0;0;0;0;0;0;0;0;0;0;0;0;0;0;0;0;0;0;0;0;0;0;0;0;1;0;0;1;0;0;0;0;0;0;0;0;0;0;0;0;0;0;0;0;0;0;0;0;0;0;0;0;0;0;0;0;1;0;0;0;0;0;0;0;0;0;0;0;0;0;0;0;0;1;1;0;0;0;0;0;0;0;0;0;0;0;0;1;1;0;0;0;0;0;0;1;0;0;0;0;0;0
161729;Khách sạn The Imperial Vũng Tàu (The IMPERIAL Vung Tau Hotel );159 Thùy Vân, Phường Thắng Tam , Thắng Tam, Vũng Tàu, Việt Nam, 790000;Nhà riêng Suite (Residence Suite);Thông tin sức chứa phòng: 2 người lớn và 1 trẻ em.;"3.691.358
₫";1;0;0;0;0;0;0;0;0;0;0;0;0;0;0;0;0;0;0;0;0;0;0;0;0;0;0;0;0;0;0;0;0;0;0;0;0;1;0;0;0;1;0;0;1;0;0;0;0;0;0;0;0;0;0;0;0;0;0;0;0;0;0;0;0;0;0;0;0;0;0;0;0;1;0;0;0;0;0;0;0;0;0;0;0;0;0;1;0;0;0;1;0;0;0;0;0;0;1;1;0;0;0;0;0;0;0;1;0;0;0;0;0;0;0;0;0;0;0
161729;Khách sạn The Imperial Vũng Tàu (The IMPERIAL Vung Tau Hotel );159 Thùy Vân, Phường Thắng Tam , Thắng Tam, Vũng Tàu, Việt Nam, 790000;Nhà riêng Suite (Residence Suite);Thông tin sức chứa phòng: 2 người lớn.;"4.101.399
₫";1;0;0;0;0;0;0;0;0;0;0;0;0;0;0;0;0;0;0;0;0;0;0;0;0;0;0;0;0;0;0;0;0;0;0;0;0;1;0;0;0;1;0;0;1;0;0;0;0;0;0;0;0;0;0;0;0;0;0;0;0;0;0;0;0;0;0;0;0;0;0;0;0;1;0;0;0;0;0;0;0;0;0;0;0;0;0;1;0;0;0;1;0;0;0;0;0;0;1;1;0;0;0;0;0;0;0;1;0;0;0;0;0;0;0;0;0;0;0
161729;Khách sạn The Imperial Vũng Tàu (The IMPERIAL Vung Tau Hotel );159 Thùy Vân, Phường Thắng Tam , Thắng Tam, Vũng Tàu, Việt Nam, 790000;Phòng Gia Đình Heritage Deluxe (Heritage Deluxe Family);Thông tin sức chứa phòng: 4 người lớn và 2 trẻ em.;"4.429.630
₫";0;0;0;0;0;0;0;0;0;0;0;0;0;0;0;0;0;0;0;0;0;0;0;1;0;0;0;0;0;0;0;0;0;0;0;0;0;0;0;0;0;1;0;0;1;0;0;0;0;0;0;0;0;0;0;0;0;0;0;0;0;0;0;0;0;0;0;0;0;0;0;0;0;0;0;0;1;0;0;0;0;0;0;0;0;0;0;0;1;0;0;1;0;0;0;0;0;0;1;1;0;0;0;0;0;0;0;1;0;0;0;0;0;0;0;0;0;0;0
161729;Khách sạn The Imperial Vũng Tàu (The IMPERIAL Vung Tau Hotel );159 Thùy Vân, Phường Thắng Tam , Thắng Tam, Vũng Tàu, Việt Nam, 790000;Phòng Gia Đình Heritage Deluxe (Heritage Deluxe Family);Thông tin sức chứa phòng: 2 người lớn.;"4.931.816
₫";0;0;0;0;0;0;0;0;0;0;0;0;0;0;0;0;0;0;0;0;0;0;0;1;0;0;0;0;0;0;0;0;0;0;0;0;0;0;0;0;0;1;0;0;1;0;0;0;0;0;0;0;0;0;0;0;0;0;0;0;0;0;0;0;0;0;0;0;0;0;0;0;0;0;0;0;1;0;0;0;0;0;0;0;0;0;0;0;1;0;0;1;0;0;0;0;0;0;1;1;0;0;0;0;0;0;0;1;0;0;0;0;0;0;0;0;0;0;0
161729;Khách sạn The Imperial Vũng Tàu (The IMPERIAL Vung Tau Hotel );159 Thùy Vân, Phường Thắng Tam , Thắng Tam, Vũng Tàu, Việt Nam, 790000;Suite Heritage Nhìn Ra Biển (Heritage Suite Ocean View);Thông tin sức chứa phòng: 2 người lớn và 1 trẻ em.;"4.640.564
₫";1;0;0;0;0;0;0;0;0;0;0;0;0;0;0;0;0;0;0;0;0;0;0;0;0;0;0;0;0;0;0;0;0;0;0;0;0;1;0;0;0;1;0;0;1;0;0;0;0;0;0;0;0;0;0;0;0;0;0;0;0;0;0;0;0;0;0;0;0;0;0;0;1;0;0;0;0;0;0;0;0;0;0;0;0;0;0;0;0;0;1;1;0;0;0;0;0;0;1;1;0;0;0;0;0;0;0;1;0;0;0;0;0;0;0;0;0;0;0
161729;Khách sạn The Imperial Vũng Tàu (The IMPERIAL Vung Tau Hotel );159 Thùy Vân, Phường Thắng Tam , Thắng Tam, Vũng Tàu, Việt Nam, 790000;Suite Heritage Nhìn Ra Biển (Heritage Suite Ocean View);Thông tin sức chứa phòng: 2 người lớn.;"5.153.660
₫";1;0;0;0;0;0;0;0;0;0;0;0;0;0;0;0;0;0;0;0;0;0;0;0;0;0;0;0;0;0;0;0;0;0;0;0;0;1;0;0;0;1;0;0;1;0;0;0;0;0;0;0;0;0;0;0;0;0;0;0;0;0;0;0;0;0;0;0;0;0;0;0;1;0;0;0;0;0;0;0;0;0;0;0;0;0;0;0;0;0;1;1;0;0;0;0;0;0;1;1;0;0;0;0;0;0;0;1;0;0;0;0;0;0;0;0;0;0;0
161729;Khách sạn The Imperial Vũng Tàu (The IMPERIAL Vung Tau Hotel );159 Thùy Vân, Phường Thắng Tam , Thắng Tam, Vũng Tàu, Việt Nam, 790000;Phòng Suite Residence Family 2 phòng ngủ (Residence 2-Bedroom Family Suite);Thông tin sức chứa phòng: 4 người lớn và 2 trẻ em.;"6.749.912
₫";0;0;0;0;1;0;0;0;0;0;0;0;0;0;0;0;0;0;0;0;0;0;0;0;0;0;0;0;0;0;0;1;1;0;0;0;0;1;0;0;0;1;0;0;0;0;0;1;0;0;0;0;0;0;0;0;0;0;0;0;0;0;0;0;0;0;0;0;0;0;0;0;0;0;0;0;0;0;0;0;0;0;0;0;0;0;0;0;0;0;1;1;0;0;0;0;0;0;0;0;0;0;0;0;1;0;0;0;0;0;0;0;0;0;0;1;0;0;0
161729;Khách sạn The Imperial Vũng Tàu (The IMPERIAL Vung Tau Hotel );159 Thùy Vân, Phường Thắng Tam , Thắng Tam, Vũng Tàu, Việt Nam, 790000;Phòng Suite Residence Family 2 phòng ngủ (Residence 2-Bedroom Family Suite);Thông tin sức chứa phòng: 2 người lớn.;"7.851.728
₫";0;0;0;0;1;0;0;0;0;0;0;0;0;0;0;0;0;0;0;0;0;0;0;0;0;0;0;0;0;0;0;1;1;0;0;0;0;1;0;0;0;1;0;0;0;0;0;1;0;0;0;0;0;0;0;0;0;0;0;0;0;0;0;0;0;0;0;0;0;0;0;0;0;0;0;0;0;0;0;0;0;0;0;0;0;0;0;0;0;0;1;1;0;0;0;0;0;0;0;0;0;0;0;0;1;0;0;0;0;0;0;0;0;0;0;1;0;0;0
161729;Khách sạn The Imperial Vũng Tàu (The IMPERIAL Vung Tau Hotel );159 Thùy Vân, Phường Thắng Tam , Thắng Tam, Vũng Tàu, Việt Nam, 790000;Imperial Suite;Thông tin sức chứa phòng: 2 người lớn và 2 trẻ em.;"20.935.273
₫";1;0;0;0;0;0;0;0;0;0;0;0;0;0;0;0;0;0;0;0;0;0;0;0;0;0;0;0;0;0;0;0;1;0;0;0;0;1;0;0;0;1;0;0;1;0;0;0;0;0;0;0;0;0;0;0;1;0;0;0;0;0;0;0;0;0;0;0;0;0;0;0;0;0;0;0;0;0;0;0;0;0;0;0;0;0;0;0;0;0;1;0;0;0;0;0;0;0;1;0;0;0;0;0;1;0;0;1;0;0;0;0;0;0;0;0;0;0;0
161729;Khách sạn The Imperial Vũng Tàu (The IMPERIAL Vung Tau Hotel );159 Thùy Vân, Phường Thắng Tam , Thắng Tam, Vũng Tàu, Việt Nam, 790000;Imperial Suite;Thông tin sức chứa phòng: 2 người lớn.;"22.752.836
₫";1;0;0;0;0;0;0;0;0;0;0;0;0;0;0;0;0;0;0;0;0;0;0;0;0;0;0;0;0;0;0;0;1;0;0;0;0;1;0;0;0;1;0;0;1;0;0;0;0;0;0;0;0;0;0;0;1;0;0;0;0;0;0;0;0;0;0;0;0;0;0;0;0;0;0;0;0;0;0;0;0;0;0;0;0;0;0;0;0;0;1;0;0;0;0;0;0;0;1;0;0;0;0;0;1;0;0;1;0;0;0;0;0;0;0;0;0;0;0
21585784;Khách sạn Hoài Thu (Hoai Thu Hotel);45/16B Thuy Van Street, Ward 2, Phường 2, Vũng Tàu, Việt Nam, 790000;Phòng Cao Cấp Cho Hai Người (Superior Double Room);Thông tin sức chứa phòng: 2 người lớn.;"181.481
₫";0;0;0;0;0;0;0;0;0;0;0;0;0;0;0;0;0;0;0;1;0;0;0;0;0;0;0;0;0;0;0;0;0;0;0;0;0;0;0;0;0;0;0;1;0;0;0;0;0;0;0;1;0;0;0;0;0;0;0;0;0;0;0;0;0;0;0;0;0;0;0;0;0;0;0;0;0;0;0;0;0;0;0;0;0;0;0;1;0;0;0;0;0;0;0;0;0;0;0;0;0;0;0;1;1;0;0;1;0;0;0;0;0;1;0;1;0;0;0
21585784;Khách sạn Hoài Thu (Hoai Thu Hotel);45/16B Thuy Van Street, Ward 2, Phường 2, Vũng Tàu, Việt Nam, 790000;Phòng Superior 4 người (Superior Quad Room);Thông tin sức chứa phòng: 4 người lớn.;"278.704
₫";0;0;0;0;0;0;0;0;0;0;0;0;0;0;0;0;0;0;0;0;0;0;0;0;0;0;0;0;1;0;0;0;0;0;0;0;0;0;0;0;0;0;0;1;0;0;0;0;0;0;0;0;0;0;0;1;0;0;0;0;0;0;0;0;0;0;0;0;0;0;0;0;0;0;0;0;0;0;0;0;0;0;0;0;0;0;0;1;0;0;0;0;0;0;1;0;0;0;0;0;0;0;0;0;1;0;1;0;0;0;0;0;1;0;0;0;0;0;0
21585784;Khách sạn Hoài Thu (Hoai Thu Hotel);45/16B Thuy Van Street, Ward 2, Phường 2, Vũng Tàu, Việt Nam, 790000;Phòng Gia Đình Loại Sang (Deluxe Family Room);Thông tin sức chứa phòng: 8 người lớn.;"466.667
₫";0;0;0;0;0;0;0;0;0;0;0;0;0;0;0;0;0;0;0;0;0;0;0;0;0;0;0;0;0;0;0;0;0;0;0;1;0;0;0;0;0;0;0;1;0;0;0;0;0;0;0;0;0;0;0;0;0;0;1;0;0;0;0;0;0;0;0;0;0;0;0;0;0;0;0;0;0;0;0;0;0;0;0;0;0;0;0;1;0;0;0;0;0;0;1;0;0;0;0;0;0;0;0;0;1;0;1;0;0;0;0;0;1;0;0;0;0;0;0
