hotel_id;hotel_name;hotel_address;room_type_name;option_name;option_price;1 giường lớn;1 giường đôi;1 giường đôi / 1 giường đôi;1 giường đôi / 1 giường đôi / 1 giường đôi / 1 giường đôi lớn / 1 giường đôi / 1 giường đôi / 1 giường đôi / 1 giường đôi / 1 giường đôi / 1 giường đôi / 1 giường đôi nhỏ / 1 giường đôi / 1 giường đôi / 1 giường đôi lớn / 1 giường đơn;1 giường đôi lớn;1 giường đôi lớn / 1 giường đơn / 2 giường đôi lớn và 1 giường sofa;1 giường đôi nhỏ;1 giường đôi nhỏ / 1 giường đôi nhỏ / 1 giường đôi nhỏ / 1 giường đôi nhỏ / 1 giường đôi nhỏ / 1 giường đôi nhỏ / 1 giường đôi và 1 giường đơn / 1 giường đôi / 1 giường đôi / 1 giường đôi / 1 giường đôi lớn / 1 giường đôi lớn / 1 giường đôi / 1 giường đơn / 1 giường đôi / 1 giường đôi;1 giường đơn;1 giường đơn / 1 giường đơn / 1 giường đơn / 1 giường đơn / 1 giường đơn / 1 giường đôi lớn / 1 giường lớn / 1 giường lớn / 1 giường lớn / 1 giường đôi lớn / 1 giường đơn / 1 giường đôi lớn / 1 giường đôi lớn / 1 giường đôi lớn / 1 giường lớn;1 giường đơn hoặc 1 giường đôi lớn;1 giường đơn và 1 giường đôi;1 giường đơn và 1 giường đôi lớn;1 giường đơn và 1 giường đôi lớn hoặc 3 giường đơn;1 phòng tắm;100 m²;11 m²;14 phòng ngủ;15 m²;15 phòng ngủ;15 phòng tắm;16 m²;17 m²;18 m²;19 m²;2 giường lớn;2 giường đôi;2 giường đôi / 2 giường đôi;2 giường đôi lớn;2 giường đôi lớn / 1 giường đơn / 1 giường đơn / 1 giường đơn / 1 giường đơn / 1 giường đơn;2 giường đơn;2 giường đơn hoặc 1 giường lớn;2 giường đơn hoặc 1 giường đôi;2 giường đơn hoặc 1 giường đôi lớn;2 phòng ngủ;2 phòng tắm;20 m²;21 m²;21 phòng tắm;22 m²;24 m²;25 m²;26 m²;28 m²;3 giường đơn;3 giường đơn và 1 giường đôi;3 phòng ngủ;3 phòng tắm;30 m²;32 m²;33 m²;35 m²;36 m²;39 m²;4 giường đơn và 2 giường đôi;4 phòng tắm;40 m²;42 m²;45 m²;5 phòng tắm;50 m²;500 m²;6 phòng ngủ;70 m²;700 m²;Ban công/sân hiên;Bể bơi riêng;Bồn tắm;Bồn tắm tạo sóng;Bồn tắm/vòi sen riêng;Cho phép hút thuốc;Chăn điện;Cà phê hòa tan miễn phí;Cửa sổ;Cửa sổ mở;Giường cực dài;Hành lang ngoài;Hướng Công viên;Hướng Hồ;Hướng Không có cửa sổ;Hướng Ngoài trời;Hướng Sân trong;Hướng Sông;Hướng Thiên nhiên;Hướng Thành phố;Hướng Vườn;Hướng Đường phố;Không hút thuốc;Máy sấy tóc;Nước đóng chai miễn phí;Phòng thay đồ;Phòng tắm chung;Phòng tắm đứng;Quạt;Rèm che ánh sáng;Rượu;Studio/1 phòng ngủ;Truy cập Internet - không dây;Trái cây/đồ ăn vặt;Tối đa 1 người lớn;Tối đa 1 người lớn, 1 bé (0-7 tuổi) ở MIỄN PHÍ!;Tối đa 2 người lớn;Tối đa 2 người lớn, 1 bé (0-1 tuổi) ở MIỄN PHÍ!;Tối đa 2 người lớn, 1 bé (0-10 tuổi) ở MIỄN PHÍ!;Tối đa 2 người lớn, 1 bé (0-12 tuổi) ở MIỄN PHÍ!;Tối đa 2 người lớn, 1 bé (0-2 tuổi) ở MIỄN PHÍ!;Tối đa 2 người lớn, 1 bé (0-5 tuổi) ở MIỄN PHÍ!;Tối đa 2 người lớn, 1 bé (0-6 tuổi) ở MIỄN PHÍ!;Tối đa 2 người lớn, 1 bé (0-9 tuổi) ở MIỄN PHÍ!;Tối đa 20 người lớn;Tối đa 3 người lớn;Tối đa 3 người lớn, 1 bé (0-12 tuổi) ở MIỄN PHÍ!;Tối đa 3 người lớn, 1 bé (0-5 tuổi) ở MIỄN PHÍ!;Tối đa 30 người lớn;Tối đa 4 người lớn;Tối đa 4 người lớn, 1 bé (0-1 tuổi) ở MIỄN PHÍ!;Tối đa 4 người lớn, 1 bé (0-5 tuổi) ở MIỄN PHÍ!;Tối đa 5 người lớn;Tối đa 6 người lớn;Tối đa 8 người lớn;Tủ lạnh;Tủ lạnh nhỏ trong phòng;Tủ quần áo;Vòi sen;Wi-Fi [miễn phí];phòng tắm riêng;tầng trệt;Điều hòa;Điều hòa cá nhân;Đồ dùng cho giấc ngủ thoải mái;Đồ gỗ ngoài trời;Ấm nước;Ấm nước điện
37843937;Khách sạn VIN (VIN HOTEL);MG1-03 & MG1-05A Vincom, Pham Thai Buong Street, Ward 4, Vinh Long City, Vĩnh Long, Vĩnh Long, Việt Nam, 85000;Phòng Đôi Tiêu Chuẩn (Standard Double Room);2 người lớn;416.667;0;1;0;0;0;0;0;0;0;0;0;0;0;0;0;0;1;0;0;0;0;0;0;0;0;0;0;0;0;0;0;0;0;0;0;0;0;0;0;0;0;0;0;0;0;0;0;0;0;0;0;0;0;0;0;0;0;0;0;0;0;0;0;0;0;0;0;0;0;0;0;0;1;0;0;0;0;0;0;0;0;0;0;0;0;0;0;0;1;0;1;0;1;0;0;0;0;0;0;0;0;1;0;0;0;0;0;0;0;0;0;0;0;0;0;0;0;0;0;0;1;1;0;0;1;1;0;0;0;1;0;0;1
37843937;Khách sạn VIN (VIN HOTEL);MG1-03 & MG1-05A Vincom, Pham Thai Buong Street, Ward 4, Vinh Long City, Vĩnh Long, Vĩnh Long, Việt Nam, 85000;Phòng Đôi Tiêu Chuẩn (Standard Double Room);2 người lớn & 1 trẻ em (0-2 tuổi);452.897;0;1;0;0;0;0;0;0;0;0;0;0;0;0;0;0;1;0;0;0;0;0;0;0;0;0;0;0;0;0;0;0;0;0;0;0;0;0;0;0;0;0;0;0;0;0;0;0;0;0;0;0;0;0;0;0;0;0;0;0;0;0;0;0;0;0;0;0;0;0;0;0;1;0;0;0;0;0;0;0;0;0;0;0;0;0;0;0;1;0;1;0;1;0;0;0;0;0;0;0;0;1;0;0;0;0;0;0;0;0;0;0;0;0;0;0;0;0;0;0;1;1;0;0;1;1;0;0;0;1;0;0;1
37843937;Khách sạn VIN (VIN HOTEL);MG1-03 & MG1-05A Vincom, Pham Thai Buong Street, Ward 4, Vinh Long City, Vĩnh Long, Vĩnh Long, Việt Nam, 85000;Tiêu chuẩn giường đôi (Double Standard Room);2 người lớn;416.667;1;0;0;0;0;0;0;0;0;0;0;0;0;0;0;0;1;0;0;0;0;0;0;0;0;0;0;0;0;0;0;0;0;0;0;0;0;0;0;0;0;0;0;0;0;0;0;0;0;0;0;0;0;0;0;0;0;0;0;0;0;0;0;0;0;0;0;0;0;0;0;0;1;0;0;0;0;0;0;0;0;0;0;0;0;0;0;0;1;0;1;0;1;0;0;0;0;0;0;0;0;1;0;0;0;0;0;0;0;0;0;0;0;0;0;0;0;0;0;0;1;1;0;0;1;1;0;0;0;1;0;0;1
37843937;Khách sạn VIN (VIN HOTEL);MG1-03 & MG1-05A Vincom, Pham Thai Buong Street, Ward 4, Vinh Long City, Vĩnh Long, Vĩnh Long, Việt Nam, 85000;Tiêu chuẩn giường đôi (Double Standard Room);2 người lớn & 1 trẻ em (0-2 tuổi);452.897;1;0;0;0;0;0;0;0;0;0;0;0;0;0;0;0;1;0;0;0;0;0;0;0;0;0;0;0;0;0;0;0;0;0;0;0;0;0;0;0;0;0;0;0;0;0;0;0;0;0;0;0;0;0;0;0;0;0;0;0;0;0;0;0;0;0;0;0;0;0;0;0;1;0;0;0;0;0;0;0;0;0;0;0;0;0;0;0;1;0;1;0;1;0;0;0;0;0;0;0;0;1;0;0;0;0;0;0;0;0;0;0;0;0;0;0;0;0;0;0;1;1;0;0;1;1;0;0;0;1;0;0;1
37843937;Khách sạn VIN (VIN HOTEL);MG1-03 & MG1-05A Vincom, Pham Thai Buong Street, Ward 4, Vinh Long City, Vĩnh Long, Vĩnh Long, Việt Nam, 85000;Tiêu Chuẩn - 1 Giường Đôi Lớn (Standard - 1 Queen Bed);2 người lớn & 1 trẻ em (0-2 tuổi);563.799;0;0;0;0;1;0;0;0;0;0;0;0;0;0;0;0;0;0;0;0;0;0;0;0;0;0;0;0;0;0;0;0;0;0;0;0;1;0;0;0;0;0;0;0;0;0;0;0;0;0;0;0;0;0;0;0;0;0;0;0;0;0;0;0;0;0;0;0;0;0;0;0;1;0;0;0;0;0;0;1;0;0;0;0;0;0;0;1;1;0;0;0;1;0;0;0;0;0;0;0;0;0;0;0;0;1;0;0;0;0;0;0;0;0;0;0;0;0;0;0;1;0;0;0;1;1;0;0;1;0;0;0;0
67707562;Khách sạn RUBY Vĩnh Long (RUBY HOTEL Vinh Long);255 Nguyễn Văn Thiệt, Vĩnh Long, Vĩnh Long, Việt Nam;Phòng Tiêu Chuẩn Giường Đôi (Standard Double Room);2 người lớn;333.333;0;0;0;0;1;0;0;0;0;0;0;0;0;0;0;0;0;0;0;0;0;1;0;0;0;0;0;0;0;0;0;0;0;0;0;0;0;0;0;0;0;0;0;0;0;0;0;0;0;0;0;0;0;0;0;0;0;0;0;0;0;0;0;0;0;1;0;0;0;0;0;0;0;1;0;0;0;0;0;0;0;0;0;0;0;0;0;0;1;1;0;0;1;0;1;0;0;0;0;0;0;1;0;0;0;0;0;0;0;0;0;0;0;0;0;0;0;0;0;0;1;1;0;0;0;1;0;0;0;0;0;1;0
67707562;Khách sạn RUBY Vĩnh Long (RUBY HOTEL Vinh Long);255 Nguyễn Văn Thiệt, Vĩnh Long, Vĩnh Long, Việt Nam;Phòng Superior Có Giường Cỡ King (Superior King Room);2 người lớn;361.111;1;0;0;0;0;0;0;0;0;0;0;0;0;0;0;0;0;0;0;0;0;0;0;1;0;0;0;0;0;0;0;0;0;0;0;0;0;0;0;0;0;0;0;0;0;0;0;0;0;0;0;0;0;0;0;0;0;0;0;0;0;0;0;0;0;0;0;0;0;0;0;0;0;0;0;0;0;0;0;0;1;0;0;0;0;0;0;0;1;1;0;0;1;0;1;0;0;0;0;0;0;1;0;0;0;0;0;0;0;0;0;0;0;0;0;0;0;0;0;0;1;1;0;0;1;1;0;0;0;0;0;1;0
67707562;Khách sạn RUBY Vĩnh Long (RUBY HOTEL Vinh Long);255 Nguyễn Văn Thiệt, Vĩnh Long, Vĩnh Long, Việt Nam;Phòng 2 giường có ban công (Twin Room with Balcony);2 người lớn;453.704;0;0;0;0;0;0;0;0;0;0;0;0;0;0;0;0;0;0;0;0;0;0;0;0;0;0;0;0;0;0;1;0;0;0;0;0;0;0;0;1;0;0;0;0;0;0;0;0;0;0;0;0;0;0;0;0;0;0;0;0;0;0;0;0;0;0;0;1;0;0;0;0;0;0;0;0;0;0;0;0;1;0;0;0;0;0;0;0;1;1;0;0;0;0;0;0;0;0;0;0;0;1;0;0;0;0;0;0;0;0;0;0;0;0;0;0;0;0;0;0;0;1;0;1;1;1;0;0;0;1;0;1;0
22750715;Van Trang Hotel;3c hung dao vuong, phuong 1, thanh pho vinh long, Vĩnh Long, Vĩnh Long, Việt Nam, 02703;Phòng Loại Sang (Deluxe);2 người lớn;287.037;0;0;0;0;1;0;0;0;0;0;0;0;0;0;0;0;0;0;0;0;0;0;0;0;0;0;0;0;0;0;0;0;0;0;0;0;1;0;0;0;0;0;0;0;0;0;0;0;0;0;0;0;0;0;0;0;0;0;0;0;0;0;0;0;0;0;0;0;0;0;0;0;0;0;0;0;0;0;0;0;0;0;0;0;0;0;0;0;1;0;0;0;0;0;0;0;0;0;0;0;0;1;0;0;0;0;0;0;0;0;0;0;0;0;0;0;0;0;0;0;1;0;1;1;0;1;0;0;1;0;0;0;1
22750715;Van Trang Hotel;3c hung dao vuong, phuong 1, thanh pho vinh long, Vĩnh Long, Vĩnh Long, Việt Nam, 02703;Phòng Đôi (Double Room);2 người lớn & 1 trẻ em (0-12 tuổi);333.333;0;1;0;0;0;0;0;0;0;0;0;0;0;0;0;0;0;0;0;0;0;1;0;0;0;0;0;0;0;0;0;0;0;0;0;0;0;0;0;0;0;0;0;0;0;0;0;0;0;0;0;0;0;0;0;0;0;0;0;0;0;0;0;0;0;1;0;0;0;0;0;0;0;0;0;0;0;0;0;0;0;0;0;0;0;0;0;1;1;0;0;0;0;0;0;0;0;1;0;0;0;0;0;0;1;0;0;0;0;0;0;0;0;0;0;0;0;0;0;0;1;0;1;1;0;1;0;0;1;0;0;0;1
22750715;Van Trang Hotel;3c hung dao vuong, phuong 1, thanh pho vinh long, Vĩnh Long, Vĩnh Long, Việt Nam, 02703;Phòng Lớn 2 Giường Đơn (Large Twin Room);2 người lớn;351.852;0;0;0;0;0;0;0;0;0;0;0;0;0;0;0;0;0;0;0;0;0;0;0;0;0;0;0;0;1;0;0;0;0;0;0;0;0;0;0;0;0;0;0;0;0;0;0;0;0;1;0;0;0;0;0;0;0;0;0;0;0;0;0;0;0;0;0;0;0;0;0;0;0;0;0;0;0;0;0;0;1;0;0;0;0;0;0;0;1;0;0;0;0;0;0;0;0;0;0;0;0;1;0;0;0;0;0;0;0;0;0;0;0;0;0;0;0;0;0;0;1;0;1;1;0;1;0;0;1;0;0;0;1
9401533;Bình Minh EcoLodge (Binh Minh Eco Lodge);My Hoa Hamlet, Binh Minh Town, Vĩnh Long, Vĩnh Long, Việt Nam, 85000;Phòng Giường Đôi Nhìn Ra Hồ Nước (Double Room with Lake View);2 người lớn & 1 trẻ em (0-6 tuổi);2.500.000;0;0;0;0;1;0;0;0;0;0;0;0;0;0;0;0;0;0;0;0;0;0;0;0;0;0;0;0;0;0;0;0;0;0;0;0;0;0;0;0;0;0;0;1;0;0;0;0;0;0;0;0;0;0;0;0;0;0;0;0;0;0;0;0;0;0;0;0;0;0;0;0;0;0;0;0;0;0;0;0;0;0;0;0;0;1;0;0;1;1;0;0;0;0;0;0;0;0;1;0;0;0;0;0;0;0;0;1;0;0;0;0;0;0;0;0;0;0;0;0;1;0;0;1;0;1;0;1;0;1;0;0;1
9401533;Bình Minh EcoLodge (Binh Minh Eco Lodge);My Hoa Hamlet, Binh Minh Town, Vĩnh Long, Vĩnh Long, Việt Nam, 85000;Phòng Deluxe hướng Hồ (Deluxe Lake View);2 người lớn & 1 trẻ em (0-6 tuổi);2.685.185;0;1;0;0;0;0;0;0;0;0;0;0;0;0;0;0;0;0;0;0;0;0;0;0;0;0;0;0;0;0;0;0;0;0;0;0;0;0;0;0;0;0;0;1;0;0;0;0;0;0;0;0;0;0;0;0;0;0;0;0;0;0;0;0;0;0;0;0;1;0;0;0;0;0;0;0;0;0;1;0;0;0;0;0;0;0;0;0;1;0;0;0;0;0;0;0;0;0;1;0;0;0;0;0;0;0;0;1;0;0;0;0;0;0;0;0;0;0;0;0;0;0;0;1;1;1;0;1;0;1;0;0;1
9401533;Bình Minh EcoLodge (Binh Minh Eco Lodge);My Hoa Hamlet, Binh Minh Town, Vĩnh Long, Vĩnh Long, Việt Nam, 85000;Phòng Giường Đôi Nhìn Ra Hồ Nước (Double Room with Lake View);2 người lớn & 1 trẻ em (0-6 tuổi);2.685.185;0;0;0;0;1;0;0;0;0;0;0;0;0;0;0;0;0;0;0;0;0;0;0;0;0;0;0;0;0;0;0;0;0;0;0;0;0;0;0;0;0;0;0;0;0;0;0;0;0;0;0;0;0;1;0;0;0;0;0;0;0;0;0;0;0;0;0;0;0;0;0;0;0;0;0;0;0;0;0;0;0;0;0;0;0;1;0;0;1;1;0;0;0;0;0;0;0;0;1;0;0;0;0;0;0;0;0;1;0;0;0;0;0;0;0;0;0;0;0;0;1;0;0;1;0;1;0;1;0;1;0;0;1
28087503;Khách sạn Phước Thành IV (Phuoc Thanh IV Hotel);116B 118 120 Nguyễn Huệ Phường 2 Thành Phố Vĩnh Long, Vĩnh Long, Vĩnh Long, Việt Nam, 890000;Phòng Suite - Giường đôi (Suite - Double);2 người lớn;634.259;0;0;0;0;0;0;1;0;0;0;0;0;0;0;0;0;0;0;0;0;0;0;0;0;0;0;0;0;0;0;0;0;0;0;0;0;0;0;0;0;0;0;0;0;0;0;0;0;0;0;0;0;0;0;0;0;0;0;0;0;0;0;0;1;0;0;0;0;0;1;0;0;0;0;0;0;0;0;0;0;0;0;0;0;1;0;0;0;1;0;0;0;0;0;1;0;0;1;0;0;0;1;0;0;0;0;0;0;0;0;0;0;0;0;0;0;0;0;0;0;0;1;0;1;0;1;0;1;0;0;0;0;1
67574309;Khách sạn Vân Trang Garden 2 (VAN TRANG GARDEN HOTEL 2);27C/7 tổ 7, ấp Tân An, xã Tân Hạnh, huyện Long Hồ, Vĩnh Long, Vĩnh Long, Vĩnh Long, Việt Nam;Phòng Tiêu Chuẩn Giường Đôi (Standard Double Room);2 người lớn;305.556;0;0;0;0;1;0;0;0;0;0;0;0;0;0;0;0;0;0;0;0;0;0;0;1;0;0;0;0;0;0;0;0;0;0;0;0;0;0;0;0;0;0;0;0;0;0;0;0;0;0;0;0;0;0;0;0;0;0;0;0;0;0;0;0;0;0;0;0;0;0;0;0;0;0;1;0;0;0;0;0;0;0;0;0;0;0;0;1;1;1;0;0;0;0;0;0;0;0;0;0;0;1;0;0;0;0;0;0;0;0;0;0;0;0;0;0;0;0;0;0;0;0;0;1;1;1;1;1;0;0;0;1;0
67574309;Khách sạn Vân Trang Garden 2 (VAN TRANG GARDEN HOTEL 2);27C/7 tổ 7, ấp Tân An, xã Tân Hạnh, huyện Long Hồ, Vĩnh Long, Vĩnh Long, Vĩnh Long, Việt Nam;Phòng Có Giường Cỡ King Nhìn Ra Vườn (King Room with Garden View);2 người lớn;351.852;1;0;0;0;0;0;0;0;0;0;0;0;0;0;0;0;0;0;0;0;0;0;0;0;0;0;0;0;0;0;0;0;0;0;0;0;0;0;0;1;0;0;0;0;0;0;0;0;0;0;0;0;0;0;0;0;0;0;0;0;0;0;0;0;0;0;0;0;0;0;0;0;0;0;1;0;0;0;0;0;0;0;0;0;0;1;0;0;1;1;0;0;0;0;0;0;0;0;0;0;0;1;0;0;0;0;0;0;0;0;0;0;0;0;0;0;0;0;0;0;0;0;0;1;1;1;1;1;0;0;0;1;0
67574309;Khách sạn Vân Trang Garden 2 (VAN TRANG GARDEN HOTEL 2);27C/7 tổ 7, ấp Tân An, xã Tân Hạnh, huyện Long Hồ, Vĩnh Long, Vĩnh Long, Vĩnh Long, Việt Nam;Phòng Đôi Loại Sang (Deluxe Double Room);2 người lớn;407.407;0;0;0;0;1;0;0;0;0;0;0;0;0;0;0;0;0;0;0;0;0;0;0;0;0;0;0;0;0;0;0;0;0;0;0;0;0;0;0;1;0;0;0;0;0;0;0;0;0;0;0;0;0;0;0;0;0;0;0;0;0;0;0;0;0;0;0;0;0;0;0;0;0;0;1;0;0;0;0;0;0;1;0;0;0;0;0;0;1;1;0;0;0;0;0;0;0;0;0;0;0;1;0;0;0;0;0;0;0;0;0;0;0;0;0;0;0;0;0;0;0;0;0;1;1;1;1;1;0;0;0;1;0
47275728;Khách sạn Phước Hưng 2 (Phước Hưng 2 Hotel);No. 44a, Trưng Nu Vuong, Phuong 1, Vietnam, Vĩnh Long, Vĩnh Long, Việt Nam;Phòng đôi C (Double Room C);2 người lớn & 1 trẻ em (0-9 tuổi);296.301;0;0;0;0;1;0;0;0;0;0;0;0;0;0;0;0;0;0;1;0;0;0;0;0;0;0;0;0;0;0;0;0;0;0;0;0;0;0;0;0;0;0;0;0;0;0;0;0;0;0;0;0;0;0;0;0;0;0;0;0;0;0;0;0;0;0;0;0;0;0;0;0;0;0;0;0;0;0;0;0;0;0;0;0;0;0;0;1;1;1;0;0;0;0;0;0;0;0;0;0;0;0;0;0;0;0;0;0;1;0;0;0;0;0;0;0;0;0;0;0;1;0;1;1;1;1;0;0;1;0;0;0;0
47275728;Khách sạn Phước Hưng 2 (Phước Hưng 2 Hotel);No. 44a, Trưng Nu Vuong, Phuong 1, Vietnam, Vĩnh Long, Vĩnh Long, Việt Nam;Phòng đôi C (Double Room C);2 người lớn & 1 trẻ em (0-9 tuổi);314.815;0;0;0;0;1;0;0;0;0;0;0;0;0;0;0;0;0;0;1;0;0;0;0;0;0;0;0;0;0;0;0;0;0;0;0;0;0;0;0;0;0;0;0;0;0;0;0;0;0;0;0;0;0;0;0;0;0;0;0;0;0;0;0;0;0;0;0;0;0;0;0;0;0;0;0;0;0;0;0;0;0;0;0;0;0;0;0;1;1;1;0;0;0;0;0;0;0;0;0;0;0;0;0;0;0;0;0;0;1;0;0;0;0;0;0;0;0;0;0;0;1;0;1;1;1;1;0;0;1;0;0;0;0
47275728;Khách sạn Phước Hưng 2 (Phước Hưng 2 Hotel);No. 44a, Trưng Nu Vuong, Phuong 1, Vietnam, Vĩnh Long, Vĩnh Long, Việt Nam;Phòng Standard giường đôi (Standard Double Room);2 người lớn & 1 trẻ em (0-9 tuổi);321.111;0;0;0;0;1;0;0;0;0;0;0;0;0;0;0;0;0;0;0;0;0;0;1;0;0;0;0;0;0;0;0;0;0;0;0;0;0;0;0;0;0;0;0;0;0;0;0;0;0;0;0;0;0;0;0;0;0;0;0;0;0;0;0;0;0;0;0;0;0;0;0;0;0;1;0;0;0;0;0;0;0;0;0;0;0;0;0;0;1;1;0;0;1;0;0;0;0;0;0;0;0;0;0;0;0;0;0;0;1;0;0;0;0;0;0;0;0;0;0;0;1;1;0;0;1;1;0;0;0;1;0;0;1
47275728;Khách sạn Phước Hưng 2 (Phước Hưng 2 Hotel);No. 44a, Trưng Nu Vuong, Phuong 1, Vietnam, Vĩnh Long, Vĩnh Long, Việt Nam;Phòng Standard giường đôi (Standard Double Room);2 người lớn & 1 trẻ em (0-9 tuổi);358.781;0;0;0;0;1;0;0;0;0;0;0;0;0;0;0;0;0;0;0;0;0;0;1;0;0;0;0;0;0;0;0;0;0;0;0;0;0;0;0;0;0;0;0;0;0;0;0;0;0;0;0;0;0;0;0;0;0;0;0;0;0;0;0;0;0;0;0;0;0;0;0;0;0;1;0;0;0;0;0;0;0;0;0;0;0;0;0;0;1;1;0;0;1;0;0;0;0;0;0;0;0;0;0;0;0;0;0;0;1;0;0;0;0;0;0;0;0;0;0;0;1;1;0;0;1;1;0;0;0;1;0;0;1
47275728;Khách sạn Phước Hưng 2 (Phước Hưng 2 Hotel);No. 44a, Trưng Nu Vuong, Phuong 1, Vietnam, Vĩnh Long, Vĩnh Long, Việt Nam;Phòng Standard giường đôi (Standard Double Room);2 người lớn & 1 trẻ em (0-9 tuổi);378.086;0;0;0;0;1;0;0;0;0;0;0;0;0;0;0;0;0;0;0;0;0;0;1;0;0;0;0;0;0;0;0;0;0;0;0;0;0;0;0;0;0;0;0;0;0;0;0;0;0;0;0;0;0;0;0;0;0;0;0;0;0;0;0;0;0;0;0;0;0;0;0;0;0;1;0;0;0;0;0;0;0;0;0;0;0;0;0;0;1;1;0;0;1;0;0;0;0;0;0;0;0;0;0;0;0;0;0;0;1;0;0;0;0;0;0;0;0;0;0;0;1;1;0;0;1;1;0;0;0;1;0;0;1
47275728;Khách sạn Phước Hưng 2 (Phước Hưng 2 Hotel);No. 44a, Trưng Nu Vuong, Phuong 1, Vietnam, Vĩnh Long, Vĩnh Long, Việt Nam;Phòng Superior 4 Người (Superior Quadruple Room);2 người lớn;513.463;0;0;0;0;0;0;0;0;0;0;0;0;0;0;0;0;0;0;0;0;0;0;0;0;0;0;0;0;1;0;0;0;0;0;0;0;0;0;0;0;0;1;0;0;0;0;0;0;0;0;0;0;0;0;0;0;0;0;0;0;0;0;0;0;0;1;0;0;0;0;0;0;0;0;0;0;0;0;0;0;0;0;0;0;0;0;0;0;1;1;0;0;1;0;0;0;0;0;0;0;0;1;0;0;0;0;0;0;0;0;0;0;0;0;0;0;0;0;0;0;1;0;1;0;0;1;0;0;1;1;0;0;1
34733523;Khách sạn Mekong Star (Hotel Mekong Star);77a Hùng Vương, Vĩnh Long, Vĩnh Long, Việt Nam, 85000;Phòng Đôi (Double Room);2 người lớn;277.778;0;1;0;0;0;0;0;0;0;0;0;0;0;0;0;0;0;0;0;0;0;0;0;1;0;0;0;0;0;0;0;0;0;0;0;0;0;0;0;0;0;0;0;0;0;0;0;0;0;0;0;0;0;0;0;0;0;0;0;0;0;0;0;0;0;0;0;0;0;0;0;0;0;0;0;0;0;0;0;0;0;0;0;0;0;0;0;0;1;1;0;0;1;0;0;0;0;0;0;0;0;1;0;0;0;0;0;0;0;0;0;0;0;0;0;0;0;0;0;0;1;1;1;0;0;1;0;0;1;1;0;0;1
34733523;Khách sạn Mekong Star (Hotel Mekong Star);77a Hùng Vương, Vĩnh Long, Vĩnh Long, Việt Nam, 85000;Phòng Tiêu Chuẩn Giường Đôi (Standard Double Room);2 người lớn;296.296;0;1;0;0;0;0;0;0;0;0;0;0;0;0;0;0;0;0;0;0;0;0;0;1;0;0;0;0;0;0;0;0;0;0;0;0;0;0;0;0;0;0;0;0;0;0;0;0;0;0;0;0;0;0;0;0;0;0;0;0;0;0;0;0;0;0;0;0;0;0;0;0;0;0;0;0;0;0;0;0;0;0;0;0;0;0;0;0;1;1;0;0;1;0;0;0;0;0;0;0;0;1;0;0;0;0;0;0;0;0;0;0;0;0;0;0;0;0;0;0;1;1;1;0;0;1;0;0;1;1;0;0;1
34733523;Khách sạn Mekong Star (Hotel Mekong Star);77a Hùng Vương, Vĩnh Long, Vĩnh Long, Việt Nam, 85000;Phòng Hai Giường Đơn (Twin Room);2 người lớn;307.870;0;0;0;0;0;0;0;0;0;0;0;0;0;0;0;0;0;0;0;0;0;0;0;0;0;0;0;0;0;0;1;0;0;0;0;0;0;0;0;0;1;0;0;0;0;0;0;0;0;0;0;0;0;0;0;0;0;0;0;0;0;0;0;0;0;0;0;0;0;0;0;0;0;0;0;0;0;0;0;0;0;0;0;0;0;0;0;0;1;1;0;0;1;0;0;0;0;0;0;0;0;1;0;0;0;0;0;0;0;0;0;0;0;0;0;0;0;0;0;0;1;1;1;0;0;1;0;0;1;1;0;0;1
5875532;Khách sạn Sài Gòn Vĩnh Long (Sai Gon Vinh Long Hotel);02 Trưng Nữ Vương, Phường 1, Tp. Vĩnh Long, Vĩnh Long, Vĩnh Long, Việt Nam, 85000;Surperior Twin;2 người lớn;1.008.931;0;0;0;0;0;0;0;0;0;0;0;0;0;0;0;0;0;0;0;0;0;0;0;0;0;0;0;0;0;0;0;0;0;0;0;0;0;0;0;0;0;0;0;1;0;0;0;0;0;0;0;0;0;0;0;0;0;0;0;0;0;0;0;0;0;0;0;0;0;0;0;0;0;0;0;0;0;0;0;0;0;0;0;0;0;0;0;0;0;0;0;0;0;0;0;0;0;0;0;0;0;1;0;0;0;0;0;0;0;0;0;0;0;0;0;0;0;0;0;0;0;0;0;0;0;0;0;0;0;0;0;0;0
5875532;Khách sạn Sài Gòn Vĩnh Long (Sai Gon Vinh Long Hotel);02 Trưng Nữ Vương, Phường 1, Tp. Vĩnh Long, Vĩnh Long, Vĩnh Long, Việt Nam, 85000;Surperior Twin;2 người lớn;1.088.183;0;0;0;0;0;0;0;0;0;0;0;0;0;0;0;0;0;0;0;0;0;0;0;0;0;0;0;0;0;0;0;0;0;0;0;0;0;0;0;0;0;0;0;1;0;0;0;0;0;0;0;0;0;0;0;0;0;0;0;0;0;0;0;0;0;0;0;0;0;0;0;0;0;0;0;0;0;0;0;0;0;0;0;0;0;0;0;0;0;0;0;0;0;0;0;0;0;0;0;0;0;1;0;0;0;0;0;0;0;0;0;0;0;0;0;0;0;0;0;0;0;0;0;0;0;0;0;0;0;0;0;0;0
5875532;Khách sạn Sài Gòn Vĩnh Long (Sai Gon Vinh Long Hotel);02 Trưng Nữ Vương, Phường 1, Tp. Vĩnh Long, Vĩnh Long, Vĩnh Long, Việt Nam, 85000;Phòng Superior 2 giường đơn (Superior Twin Room);2 người lớn;1.024.318;0;0;0;0;0;0;0;0;0;0;0;0;0;0;0;0;0;0;0;0;0;0;0;0;0;0;0;0;0;0;1;0;0;0;0;0;0;0;0;0;0;0;0;1;0;0;0;0;0;0;0;0;0;0;0;0;0;0;0;0;0;0;0;0;0;0;0;1;0;0;0;0;0;0;0;0;0;0;0;0;0;0;0;0;1;0;0;0;1;0;0;0;0;0;0;0;0;0;0;0;0;1;0;0;0;0;0;0;0;0;0;0;0;0;0;0;0;0;0;0;1;1;1;1;0;1;0;1;0;0;0;0;1
5875532;Khách sạn Sài Gòn Vĩnh Long (Sai Gon Vinh Long Hotel);02 Trưng Nữ Vương, Phường 1, Tp. Vĩnh Long, Vĩnh Long, Vĩnh Long, Việt Nam, 85000;Phòng Superior 2 giường đơn (Superior Twin Room);2 người lớn;1.035.181;0;0;0;0;0;0;0;0;0;0;0;0;0;0;0;0;0;0;0;0;0;0;0;0;0;0;0;0;0;0;1;0;0;0;0;0;0;0;0;0;0;0;0;1;0;0;0;0;0;0;0;0;0;0;0;0;0;0;0;0;0;0;0;0;0;0;0;1;0;0;0;0;0;0;0;0;0;0;0;0;0;0;0;0;1;0;0;0;1;0;0;0;0;0;0;0;0;0;0;0;0;1;0;0;0;0;0;0;0;0;0;0;0;0;0;0;0;0;0;0;1;1;1;1;0;1;0;1;0;0;0;0;1
5875532;Khách sạn Sài Gòn Vĩnh Long (Sai Gon Vinh Long Hotel);02 Trưng Nữ Vương, Phường 1, Tp. Vĩnh Long, Vĩnh Long, Vĩnh Long, Việt Nam, 85000;Phòng Superior 2 giường đơn (Superior Twin Room);2 người lớn;1.038.297;0;0;0;0;0;0;0;0;0;0;0;0;0;0;0;0;0;0;0;0;0;0;0;0;0;0;0;0;0;0;1;0;0;0;0;0;0;0;0;0;0;0;0;1;0;0;0;0;0;0;0;0;0;0;0;0;0;0;0;0;0;0;0;0;0;0;0;1;0;0;0;0;0;0;0;0;0;0;0;0;0;0;0;0;1;0;0;0;1;0;0;0;0;0;0;0;0;0;0;0;0;1;0;0;0;0;0;0;0;0;0;0;0;0;0;0;0;0;0;0;1;1;1;1;0;1;0;1;0;0;0;0;1
5875532;Khách sạn Sài Gòn Vĩnh Long (Sai Gon Vinh Long Hotel);02 Trưng Nữ Vương, Phường 1, Tp. Vĩnh Long, Vĩnh Long, Vĩnh Long, Việt Nam, 85000;Phòng Superior 2 giường đơn (Superior Twin Room);2 người lớn;1.157.407;0;0;0;0;0;0;0;0;0;0;0;0;0;0;0;0;0;0;0;0;0;0;0;0;0;0;0;0;0;0;1;0;0;0;0;0;0;0;0;0;0;0;0;1;0;0;0;0;0;0;0;0;0;0;0;0;0;0;0;0;0;0;0;0;0;0;0;1;0;0;0;0;0;0;0;0;0;0;0;0;0;0;0;0;1;0;0;0;1;0;0;0;0;0;0;0;0;0;0;0;0;1;0;0;0;0;0;0;0;0;0;0;0;0;0;0;0;0;0;0;1;1;1;1;0;1;0;1;0;0;0;0;1
46568020;Khách sạn Phước Hưng 3 (Phước Hưng 3 Hotel);No. 40, Trưng Nữ Vương, Ward 1, Vietnam, Vĩnh Long, Vĩnh Long, Việt Nam;Phòng Standard giường đôi (Standard Double Room);2 người lớn & 1 trẻ em (0-5 tuổi);451.619;0;1;0;0;0;0;0;0;0;0;0;0;0;0;0;0;0;0;0;0;0;0;0;0;0;0;0;0;0;0;0;0;0;0;0;0;1;0;0;0;0;0;0;0;0;0;0;0;0;0;0;0;0;0;0;0;0;0;0;0;0;0;0;0;0;0;0;0;0;0;0;0;0;1;0;0;0;0;0;0;0;0;0;0;1;0;0;0;1;1;0;0;1;0;1;0;0;0;0;0;0;0;0;0;0;0;1;0;0;0;0;0;0;0;0;0;0;0;0;0;1;0;0;0;1;1;0;0;0;0;0;1;0
46568020;Khách sạn Phước Hưng 3 (Phước Hưng 3 Hotel);No. 40, Trưng Nữ Vương, Ward 1, Vietnam, Vĩnh Long, Vĩnh Long, Việt Nam;Phòng Standard giường đôi (Standard Double Room);2 người lớn & 1 trẻ em (0-5 tuổi);501.631;0;1;0;0;0;0;0;0;0;0;0;0;0;0;0;0;0;0;0;0;0;0;0;0;0;0;0;0;0;0;0;0;0;0;0;0;1;0;0;0;0;0;0;0;0;0;0;0;0;0;0;0;0;0;0;0;0;0;0;0;0;0;0;0;0;0;0;0;0;0;0;0;0;1;0;0;0;0;0;0;0;0;0;0;1;0;0;0;1;1;0;0;1;0;1;0;0;0;0;0;0;0;0;0;0;0;1;0;0;0;0;0;0;0;0;0;0;0;0;0;1;0;0;0;1;1;0;0;0;0;0;1;0
46568020;Khách sạn Phước Hưng 3 (Phước Hưng 3 Hotel);No. 40, Trưng Nữ Vương, Ward 1, Vietnam, Vĩnh Long, Vĩnh Long, Việt Nam;Phòng Deluxe giường đôi có ban công (Deluxe Double Room with Balcony);2 người lớn & 1 trẻ em (0-5 tuổi);567.672;0;0;0;0;1;0;0;0;0;0;0;0;0;0;0;0;0;0;0;0;0;0;0;0;0;0;0;0;0;0;0;0;0;0;0;0;0;0;0;0;0;1;0;0;0;0;0;0;0;0;0;0;0;0;0;0;0;0;0;0;0;0;0;0;0;0;0;0;1;0;0;0;0;0;0;0;0;0;0;0;0;0;0;0;1;0;0;0;1;1;0;0;1;0;1;0;0;0;0;0;0;0;0;0;0;0;1;0;0;0;0;0;0;0;0;0;0;0;0;0;1;0;0;0;1;1;0;0;0;0;0;1;0
46568020;Khách sạn Phước Hưng 3 (Phước Hưng 3 Hotel);No. 40, Trưng Nữ Vương, Ward 1, Vietnam, Vĩnh Long, Vĩnh Long, Việt Nam;Phòng Deluxe giường đôi có ban công (Deluxe Double Room with Balcony);2 người lớn & 1 trẻ em (0-5 tuổi);613.713;0;0;0;0;1;0;0;0;0;0;0;0;0;0;0;0;0;0;0;0;0;0;0;0;0;0;0;0;0;0;0;0;0;0;0;0;0;0;0;0;0;1;0;0;0;0;0;0;0;0;0;0;0;0;0;0;0;0;0;0;0;0;0;0;0;0;0;0;1;0;0;0;0;0;0;0;0;0;0;0;0;0;0;0;1;0;0;0;1;1;0;0;1;0;1;0;0;0;0;0;0;0;0;0;0;0;1;0;0;0;0;0;0;0;0;0;0;0;0;0;1;0;0;0;1;1;0;0;0;0;0;1;0
46568020;Khách sạn Phước Hưng 3 (Phước Hưng 3 Hotel);No. 40, Trưng Nữ Vương, Ward 1, Vietnam, Vĩnh Long, Vĩnh Long, Việt Nam;Căn hộ (Apartment);4 người lớn & 1 trẻ em (0-5 tuổi);1.317.291;0;0;1;0;0;0;0;0;0;0;0;0;0;0;0;0;0;0;0;0;0;0;0;0;0;0;0;0;0;0;0;0;0;0;1;0;0;0;0;0;0;0;0;0;0;0;0;0;0;0;0;0;0;0;0;0;0;0;1;0;0;0;0;0;0;0;0;0;0;0;0;0;0;0;0;0;0;0;0;0;0;0;0;0;1;0;0;0;1;1;0;0;1;0;1;0;0;0;0;0;0;0;0;0;0;0;0;0;0;0;0;0;0;0;0;0;1;0;0;0;1;0;0;0;1;1;0;0;0;0;0;1;0
46568020;Khách sạn Phước Hưng 3 (Phước Hưng 3 Hotel);No. 40, Trưng Nữ Vương, Ward 1, Vietnam, Vĩnh Long, Vĩnh Long, Việt Nam;Căn hộ (Apartment);4 người lớn & 1 trẻ em (0-5 tuổi);1.338.139;0;0;1;0;0;0;0;0;0;0;0;0;0;0;0;0;0;0;0;0;0;0;0;0;0;0;0;0;0;0;0;0;0;0;1;0;0;0;0;0;0;0;0;0;0;0;0;0;0;0;0;0;0;0;0;0;0;0;1;0;0;0;0;0;0;0;0;0;0;0;0;0;0;0;0;0;0;0;0;0;0;0;0;0;1;0;0;0;1;1;0;0;1;0;1;0;0;0;0;0;0;0;0;0;0;0;0;0;0;0;0;0;0;0;0;0;1;0;0;0;1;0;0;0;1;1;0;0;0;0;0;1;0
2305737;Thien Thanh Hotel;2G Hung Vuong, Vĩnh Long, Vĩnh Long, Việt Nam;Phòng Tiêu Chuẩn Giường Đôi (Standard Double Room);2 người lớn;250.000;0;1;0;0;0;0;0;0;0;0;0;0;0;0;0;0;0;0;0;0;0;0;1;0;0;0;0;0;0;0;0;0;0;0;0;0;0;0;0;0;0;0;0;0;0;0;0;0;0;0;0;0;0;0;0;0;0;0;0;0;0;0;0;0;0;0;0;0;0;0;0;0;0;0;0;0;0;0;0;0;0;0;0;0;0;0;0;0;0;1;0;0;0;0;0;0;0;0;0;0;0;1;0;0;0;0;0;0;0;0;0;0;0;0;0;0;0;0;0;0;0;0;1;1;0;1;0;1;0;0;0;0;1
2305737;Thien Thanh Hotel;2G Hung Vuong, Vĩnh Long, Vĩnh Long, Việt Nam;Phòng 4 Người (Quadruple Room);4 người lớn;388.889;0;0;0;0;0;0;0;0;0;0;0;0;0;0;0;0;0;0;0;0;0;0;0;0;0;0;1;0;0;0;0;0;0;0;0;0;0;0;0;0;0;1;0;0;0;0;0;0;0;0;0;0;0;0;0;0;0;0;0;0;0;0;0;0;0;0;0;0;0;0;0;0;0;0;0;0;0;0;0;0;0;0;0;0;0;0;0;0;0;1;0;0;0;0;0;0;0;0;0;0;0;0;0;0;0;0;0;0;0;0;0;0;0;0;1;0;0;0;0;0;0;0;1;1;0;1;0;1;0;0;0;0;1
2305737;Thien Thanh Hotel;2G Hung Vuong, Vĩnh Long, Vĩnh Long, Việt Nam;Phòng Deluxe 4 Người (Deluxe Quadruple Room);4 người lớn;416.667;0;0;0;0;0;0;0;0;0;0;0;0;0;0;0;0;0;0;0;0;0;0;0;0;0;0;0;0;0;0;1;0;0;0;0;0;0;0;0;0;0;1;0;0;0;0;0;0;0;0;0;0;0;0;0;0;0;0;0;0;0;0;0;0;0;0;0;0;0;0;0;0;0;0;0;0;0;0;0;0;0;0;0;0;0;0;0;0;0;1;0;0;0;0;0;0;0;0;0;0;0;0;0;0;0;0;0;0;0;0;0;0;0;0;1;0;0;0;0;0;0;0;1;1;0;1;0;1;0;0;0;0;1
36461240;Paris Hotel & Cafe;A1-A2 Tran Phu,Khom 6,Phuong 4, Vĩnh Long, Vĩnh Long, Việt Nam;Phòng Tiêu Chuẩn Giường Lớn (Standard King Room);2 người lớn;500.000;1;0;0;0;0;0;0;0;0;0;0;0;0;0;0;0;0;0;0;0;0;0;0;0;0;0;0;0;0;0;0;0;0;0;0;0;0;0;0;0;0;0;0;0;0;0;0;0;0;0;0;0;0;0;0;0;0;0;0;0;0;0;0;0;0;1;0;0;0;0;0;0;0;0;0;0;0;0;0;0;0;1;0;0;0;0;0;0;1;1;0;1;1;0;0;0;0;0;0;0;0;1;0;0;0;0;0;0;0;0;0;0;0;0;0;0;0;0;0;0;1;1;0;0;0;0;0;0;0;1;0;0;1
36461240;Paris Hotel & Cafe;A1-A2 Tran Phu,Khom 6,Phuong 4, Vĩnh Long, Vĩnh Long, Việt Nam;Phòng Tiêu Chuẩn Giường Lớn (Standard King Room);2 người lớn;555.556;1;0;0;0;0;0;0;0;0;0;0;0;0;0;0;0;0;0;0;0;0;0;0;0;0;0;0;0;0;0;0;0;0;0;0;0;0;0;0;0;0;0;0;0;0;0;0;0;0;0;0;0;0;0;0;0;0;0;0;0;0;0;0;0;0;1;0;0;0;0;0;0;0;0;0;0;0;0;0;0;0;1;0;0;0;0;0;0;1;1;0;1;1;0;0;0;0;0;0;0;0;1;0;0;0;0;0;0;0;0;0;0;0;0;0;0;0;0;0;0;1;1;0;0;0;0;0;0;0;1;0;0;1
36461240;Paris Hotel & Cafe;A1-A2 Tran Phu,Khom 6,Phuong 4, Vĩnh Long, Vĩnh Long, Việt Nam;Phòng Superior Có Giường Cỡ King (Superior King Room);2 người lớn;833.333;1;0;0;0;0;0;0;0;0;0;0;0;0;0;0;0;0;0;0;0;0;0;0;0;0;0;0;0;0;0;0;0;0;0;0;0;0;0;0;0;0;0;0;0;0;0;0;0;0;0;0;0;0;0;0;0;0;0;0;0;0;0;0;0;0;1;0;0;0;0;0;0;0;0;0;0;0;0;0;0;0;0;0;0;1;0;0;0;1;1;0;1;1;0;0;0;0;0;0;0;0;1;0;0;0;0;0;0;0;0;0;0;0;0;0;0;0;0;0;0;1;1;0;0;0;0;0;0;0;1;0;0;1
36461240;Paris Hotel & Cafe;A1-A2 Tran Phu,Khom 6,Phuong 4, Vĩnh Long, Vĩnh Long, Việt Nam;Phòng Superior Có Giường Cỡ King (Superior King Room);2 người lớn;925.926;1;0;0;0;0;0;0;0;0;0;0;0;0;0;0;0;0;0;0;0;0;0;0;0;0;0;0;0;0;0;0;0;0;0;0;0;0;0;0;0;0;0;0;0;0;0;0;0;0;0;0;0;0;0;0;0;0;0;0;0;0;0;0;0;0;1;0;0;0;0;0;0;0;0;0;0;0;0;0;0;0;0;0;0;1;0;0;0;1;1;0;1;1;0;0;0;0;0;0;0;0;1;0;0;0;0;0;0;0;0;0;0;0;0;0;0;0;0;0;0;1;1;0;0;0;0;0;0;0;1;0;0;1
36461240;Paris Hotel & Cafe;A1-A2 Tran Phu,Khom 6,Phuong 4, Vĩnh Long, Vĩnh Long, Việt Nam;Phòng Deluxe Giường Đôi Có Ban Công (Deluxe Double Room with Balcony);2 người lớn;833.333;1;0;0;0;0;0;0;0;0;0;0;0;0;0;0;0;0;0;0;0;0;0;0;0;0;0;0;0;0;0;0;0;0;0;0;0;0;0;0;0;0;0;0;0;0;0;0;0;0;0;0;0;0;0;0;0;0;0;0;0;0;0;0;0;0;0;0;0;0;0;0;0;0;0;0;0;0;0;0;0;0;0;0;0;1;0;0;0;1;1;0;1;1;0;0;0;0;0;0;0;0;1;0;0;0;0;0;0;0;0;0;0;0;0;0;0;0;0;0;0;1;1;0;0;0;0;0;0;1;1;0;0;1
36461240;Paris Hotel & Cafe;A1-A2 Tran Phu,Khom 6,Phuong 4, Vĩnh Long, Vĩnh Long, Việt Nam;Phòng Deluxe Giường Đôi Có Ban Công (Deluxe Double Room with Balcony);2 người lớn;925.926;1;0;0;0;0;0;0;0;0;0;0;0;0;0;0;0;0;0;0;0;0;0;0;0;0;0;0;0;0;0;0;0;0;0;0;0;0;0;0;0;0;0;0;0;0;0;0;0;0;0;0;0;0;0;0;0;0;0;0;0;0;0;0;0;0;0;0;0;0;0;0;0;0;0;0;0;0;0;0;0;0;0;0;0;1;0;0;0;1;1;0;1;1;0;0;0;0;0;0;0;0;1;0;0;0;0;0;0;0;0;0;0;0;0;0;0;0;0;0;0;1;1;0;0;0;0;0;0;1;1;0;0;1
36840539;Bình An Village (Bình An Village );Đường Phước Hậu 394C/19 Ngươn A, Phước Hậu, Long Hồ, Vĩnh Long ( Phó Cơ Điều – sau tòa án tỉnh Vĩnh Long ), Thanh Đức, Vĩnh Long, Việt Nam, 85000;Phòng Đôi (Double Room);2 người lớn;462.963;0;0;0;0;1;0;0;0;0;0;0;0;0;0;0;0;0;0;0;0;0;0;0;0;0;0;0;0;0;0;0;0;0;0;0;0;1;0;0;0;0;0;0;0;0;0;0;0;0;0;0;0;0;0;0;0;0;0;0;0;0;0;0;0;0;1;0;0;0;0;0;0;0;0;0;0;0;0;0;0;0;0;0;0;0;1;0;0;0;1;0;0;0;0;0;0;0;0;0;0;0;1;0;0;0;0;0;0;0;0;0;0;0;0;0;0;0;0;0;0;1;0;0;1;0;1;1;0;0;1;1;0;1
36840539;Bình An Village (Bình An Village );Đường Phước Hậu 394C/19 Ngươn A, Phước Hậu, Long Hồ, Vĩnh Long ( Phó Cơ Điều – sau tòa án tỉnh Vĩnh Long ), Thanh Đức, Vĩnh Long, Việt Nam, 85000;Phòng Đôi (Double Room);1 người lớn & 1 trẻ em (0-7 tuổi) Vượt quá sức chứa phòng;370.370;0;0;0;0;1;0;0;0;0;0;0;0;0;0;0;0;0;0;0;0;0;0;0;0;0;0;0;0;0;0;0;0;0;0;0;0;1;0;0;0;0;0;0;0;0;0;0;0;0;0;0;0;0;0;0;0;0;0;0;0;0;0;0;0;0;1;0;0;0;0;0;0;0;0;0;0;0;0;0;0;0;0;0;0;0;1;0;0;0;1;0;0;0;0;0;0;0;0;0;0;0;1;0;0;0;0;0;0;0;0;0;0;0;0;0;0;0;0;0;0;1;0;0;1;0;1;1;0;0;1;1;0;1
36840539;Bình An Village (Bình An Village );Đường Phước Hậu 394C/19 Ngươn A, Phước Hậu, Long Hồ, Vĩnh Long ( Phó Cơ Điều – sau tòa án tỉnh Vĩnh Long ), Thanh Đức, Vĩnh Long, Việt Nam, 85000;Phòng Tiêu Chuẩn (Standard);2 người lớn;592.593;0;0;0;0;0;0;0;0;0;0;0;0;0;0;0;0;0;0;0;0;0;0;0;0;0;0;0;0;1;0;0;0;0;0;0;0;0;0;0;0;0;0;0;0;0;0;0;0;0;0;0;1;0;0;0;0;0;0;0;0;0;0;0;0;0;1;0;0;0;0;0;0;0;0;0;0;0;0;0;0;0;0;0;0;0;1;0;0;0;1;0;0;0;0;0;0;0;0;0;0;0;0;0;0;0;0;0;0;0;0;0;0;0;0;1;0;0;0;0;0;0;0;1;1;0;1;1;0;1;1;1;0;0
36840539;Bình An Village (Bình An Village );Đường Phước Hậu 394C/19 Ngươn A, Phước Hậu, Long Hồ, Vĩnh Long ( Phó Cơ Điều – sau tòa án tỉnh Vĩnh Long ), Thanh Đức, Vĩnh Long, Việt Nam, 85000;Phòng Tiêu Chuẩn (Standard);4 người lớn;740.741;0;0;0;0;0;0;0;0;0;0;0;0;0;0;0;0;0;0;0;0;0;0;0;0;0;0;0;0;1;0;0;0;0;0;0;0;0;0;0;0;0;0;0;0;0;0;0;0;0;0;0;1;0;0;0;0;0;0;0;0;0;0;0;0;0;1;0;0;0;0;0;0;0;0;0;0;0;0;0;0;0;0;0;0;0;1;0;0;0;1;0;0;0;0;0;0;0;0;0;0;0;0;0;0;0;0;0;0;0;0;0;0;0;0;1;0;0;0;0;0;0;0;1;1;0;1;1;0;1;1;1;0;0
36840539;Bình An Village (Bình An Village );Đường Phước Hậu 394C/19 Ngươn A, Phước Hậu, Long Hồ, Vĩnh Long ( Phó Cơ Điều – sau tòa án tỉnh Vĩnh Long ), Thanh Đức, Vĩnh Long, Việt Nam, 85000;Phòng Đơn Lớn (Large Single Room);1 người lớn & 1 trẻ em (0-7 tuổi) Vượt quá sức chứa phòng;370.370;0;0;0;0;0;0;0;0;0;0;1;0;0;0;0;0;0;0;0;0;0;0;0;1;0;0;0;0;0;0;0;0;0;0;0;0;0;0;0;0;0;0;0;0;0;0;0;0;0;0;0;0;0;0;0;0;0;0;0;0;0;0;0;0;0;1;0;0;0;0;0;0;0;0;0;0;0;0;0;0;0;0;0;0;0;1;0;0;0;1;0;0;0;0;0;0;0;0;0;0;1;0;0;0;0;0;0;0;0;0;0;0;0;0;0;0;0;0;0;0;0;0;1;1;0;1;1;0;1;1;1;0;0
27848299;Khách sạn Minh Khuê (Minh Khue Hotel);38 Trung Nu Vuong, Vĩnh Long, Vĩnh Long, Việt Nam;Phòng Đôi (Double Room);2 người lớn;314.815;0;0;0;0;1;0;0;0;0;0;0;0;0;0;0;0;0;0;0;0;0;0;0;0;0;0;0;0;0;0;0;0;0;0;0;0;1;0;0;0;0;0;0;0;0;0;0;0;0;0;0;0;0;0;0;0;0;0;0;0;0;0;0;0;0;1;0;0;0;0;0;0;0;1;0;0;0;0;0;0;1;0;0;0;0;0;0;0;0;1;0;0;0;0;0;0;0;0;0;0;0;1;0;0;0;0;0;0;0;0;0;0;0;0;0;0;0;0;0;0;1;0;0;1;0;1;0;1;0;1;0;0;1
27848299;Khách sạn Minh Khuê (Minh Khue Hotel);38 Trung Nu Vuong, Vĩnh Long, Vĩnh Long, Việt Nam;Phòng Đôi (Double Room);2 người lớn;388.889;0;0;0;0;1;0;0;0;0;0;0;0;0;0;0;0;0;0;0;0;0;0;0;0;0;0;0;0;0;0;0;0;0;0;0;0;1;0;0;0;0;0;0;0;0;0;0;0;0;0;0;0;0;0;0;0;0;0;0;0;0;0;0;0;0;1;0;0;0;0;0;0;0;1;0;0;0;0;0;0;1;0;0;0;0;0;0;0;0;1;0;0;0;0;0;0;0;0;0;0;0;1;0;0;0;0;0;0;0;0;0;0;0;0;0;0;0;0;0;0;1;0;0;1;0;1;0;1;0;1;0;0;1
27848299;Khách sạn Minh Khuê (Minh Khue Hotel);38 Trung Nu Vuong, Vĩnh Long, Vĩnh Long, Việt Nam;Phòng 4 người (Quadruple Room);4 người lớn;425.926;0;0;0;0;0;0;0;0;0;0;0;0;0;0;0;0;0;0;0;0;0;0;0;0;0;0;1;0;0;0;0;0;0;0;0;0;0;0;0;0;0;1;0;0;0;0;0;0;0;0;0;0;0;0;0;0;0;0;0;0;0;0;0;0;0;0;0;0;0;0;0;0;0;1;0;0;0;0;0;0;0;0;0;0;0;0;0;0;0;1;0;0;0;0;0;0;0;0;0;0;0;0;0;0;0;0;0;0;0;0;0;0;0;0;1;0;0;0;0;0;1;0;1;1;0;1;0;1;0;1;0;0;1
27848299;Khách sạn Minh Khuê (Minh Khue Hotel);38 Trung Nu Vuong, Vĩnh Long, Vĩnh Long, Việt Nam;Phòng Ba Người (Triple Room);3 người lớn & 1 trẻ em (0-12 tuổi);462.963;0;0;0;0;0;0;0;0;1;0;0;0;0;0;0;0;0;0;0;0;0;0;0;0;0;0;0;0;0;0;0;0;0;0;0;0;0;0;0;0;0;1;0;0;0;0;0;0;0;0;0;0;0;0;0;0;0;0;0;0;0;0;0;0;0;0;0;0;0;0;0;0;0;1;0;0;0;0;0;0;0;0;0;0;0;0;0;0;0;1;0;0;0;0;0;0;0;0;0;0;0;0;0;0;0;0;0;0;0;0;0;1;0;0;0;0;0;0;0;0;1;0;1;1;0;1;0;1;0;1;0;0;1
5898099;mekong riverside homestay;145a/11 ap binh luong xa an binh huyen long ho tinh vinh longll, An Bình, Vĩnh Long, Việt Nam;Bungalow Cao cấp (Superior Bungalow);2 người lớn;509.259;1;0;0;0;0;0;0;0;0;0;0;0;0;0;0;0;0;0;0;0;0;0;0;0;0;0;0;0;0;0;0;0;0;0;0;0;0;0;0;0;0;0;0;0;0;0;0;0;1;0;0;0;0;0;0;0;0;0;0;0;0;0;0;0;0;1;1;0;0;0;0;0;0;0;0;0;0;0;0;0;0;0;0;0;0;1;0;0;1;1;0;0;1;0;0;0;0;0;0;0;0;1;0;0;0;0;0;0;0;0;0;0;0;0;0;0;0;0;0;0;1;0;0;0;0;1;0;0;0;1;0;0;1
5898099;mekong riverside homestay;145a/11 ap binh luong xa an binh huyen long ho tinh vinh longll, An Bình, Vĩnh Long, Việt Nam;Bungalow Cao cấp (Superior Bungalow);1 người lớn & 1 trẻ em (0-3 tuổi) Vượt quá sức chứa phòng;453.704;1;0;0;0;0;0;0;0;0;0;0;0;0;0;0;0;0;0;0;0;0;0;0;0;0;0;0;0;0;0;0;0;0;0;0;0;0;0;0;0;0;0;0;0;0;0;0;0;1;0;0;0;0;0;0;0;0;0;0;0;0;0;0;0;0;1;1;0;0;0;0;0;0;0;0;0;0;0;0;0;0;0;0;0;0;1;0;0;1;1;0;0;1;0;0;0;0;0;0;0;0;1;0;0;0;0;0;0;0;0;0;0;0;0;0;0;0;0;0;0;1;0;0;0;0;1;0;0;0;1;0;0;1
2822366;Homestay Ngoc Sang;95/8 Binh Luong, An Binh, An Bình, Vĩnh Long, Việt Nam;Phòng Giường Đôi Nhìn Ra Vườn (Double Room with Garden View);2 người lớn;407.407;0;0;0;0;1;0;0;0;0;0;0;0;0;0;0;0;0;0;0;0;0;0;0;0;0;0;0;0;0;0;0;0;0;0;0;1;0;0;0;0;0;1;0;0;0;0;0;0;0;0;0;0;0;0;0;0;0;0;0;0;0;0;0;0;0;0;0;0;0;0;0;0;0;0;0;0;0;0;0;0;0;0;0;0;0;1;0;0;1;1;0;1;0;1;0;1;0;0;0;0;0;1;0;0;0;0;0;0;0;0;0;0;0;0;0;0;0;0;0;0;0;0;0;1;0;0;0;0;0;1;0;0;1
2822366;Homestay Ngoc Sang;95/8 Binh Luong, An Binh, An Bình, Vĩnh Long, Việt Nam;Phòng Giường Đôi Nhìn Ra Vườn (Double Room with Garden View);1 người lớn & 1 trẻ em (0-5 tuổi) Vượt quá sức chứa phòng;259.259;0;0;0;0;1;0;0;0;0;0;0;0;0;0;0;0;0;0;0;0;0;0;0;0;0;0;0;0;0;0;0;0;0;0;0;1;0;0;0;0;0;1;0;0;0;0;0;0;0;0;0;0;0;0;0;0;0;0;0;0;0;0;0;0;0;0;0;0;0;0;0;0;0;0;0;0;0;0;0;0;0;0;0;0;0;1;0;0;1;1;0;1;0;1;0;1;0;0;0;0;0;1;0;0;0;0;0;0;0;0;0;0;0;0;0;0;0;0;0;0;0;0;0;1;0;0;0;0;0;1;0;0;1
2822366;Homestay Ngoc Sang;95/8 Binh Luong, An Binh, An Bình, Vĩnh Long, Việt Nam;Phòng 4 Người (Quadruple Room);2 người lớn & 2 trẻ em (0-5 tuổi);444.444;0;0;0;0;0;0;0;0;0;0;0;0;0;0;0;0;0;0;0;0;0;0;0;0;0;0;0;0;1;0;0;0;0;0;0;1;0;0;0;0;0;0;0;0;0;0;0;0;0;0;0;1;0;0;0;0;0;0;0;0;0;0;0;0;0;0;0;0;0;0;0;0;0;0;0;0;0;0;0;0;0;0;0;0;0;1;0;0;1;1;0;1;0;1;0;1;0;0;0;0;0;0;0;0;0;0;0;0;0;0;0;0;1;0;0;0;0;0;0;0;0;0;0;1;0;0;0;0;0;1;0;0;1
2822366;Homestay Ngoc Sang;95/8 Binh Luong, An Binh, An Bình, Vĩnh Long, Việt Nam;Phòng 4 Người (Quadruple Room);3 người lớn & 1 trẻ em (0-5 tuổi);583.333;0;0;0;0;0;0;0;0;0;0;0;0;0;0;0;0;0;0;0;0;0;0;0;0;0;0;0;0;1;0;0;0;0;0;0;1;0;0;0;0;0;0;0;0;0;0;0;0;0;0;0;1;0;0;0;0;0;0;0;0;0;0;0;0;0;0;0;0;0;0;0;0;0;0;0;0;0;0;0;0;0;0;0;0;0;1;0;0;1;1;0;1;0;1;0;1;0;0;0;0;0;0;0;0;0;0;0;0;0;0;0;0;1;0;0;0;0;0;0;0;0;0;0;1;0;0;0;0;0;1;0;0;1
2822366;Homestay Ngoc Sang;95/8 Binh Luong, An Binh, An Bình, Vĩnh Long, Việt Nam;Phòng 4 Người (Quadruple Room);1 người lớn & 3 trẻ em (0-5 tuổi) Vượt quá sức chứa phòng;305.556;0;0;0;0;0;0;0;0;0;0;0;0;0;0;0;0;0;0;0;0;0;0;0;0;0;0;0;0;1;0;0;0;0;0;0;1;0;0;0;0;0;0;0;0;0;0;0;0;0;0;0;1;0;0;0;0;0;0;0;0;0;0;0;0;0;0;0;0;0;0;0;0;0;0;0;0;0;0;0;0;0;0;0;0;0;1;0;0;1;1;0;1;0;1;0;1;0;0;0;0;0;0;0;0;0;0;0;0;0;0;0;0;1;0;0;0;0;0;0;0;0;0;0;1;0;0;0;0;0;1;0;0;1
621919;Thúy An Homestay (Happy Family Guesthouse);53/4 Ấp Phú Mỹ 1 , Xã Đồng Phú, Huyện Long Hồ, Tỉnh Vĩnh Long, Đồng Phú, Vĩnh Long, Việt Nam, 890000;Phòng Standard giường đôi (Standard Double Room);2 người lớn;444.537;0;0;0;0;0;0;0;0;0;0;0;0;0;0;0;0;0;0;0;0;0;0;0;0;0;0;1;0;0;0;0;0;0;0;0;0;1;0;0;0;0;0;0;0;0;0;0;0;0;0;0;0;0;0;0;0;0;0;0;0;0;0;0;0;0;1;1;0;0;0;0;0;0;0;0;0;0;0;0;0;0;0;0;1;0;0;0;1;0;0;0;1;0;0;0;0;0;0;0;0;0;0;0;0;0;0;0;0;0;0;0;0;0;0;1;0;0;0;0;0;0;0;0;1;1;0;1;0;0;1;1;0;0
621919;Thúy An Homestay (Happy Family Guesthouse);53/4 Ấp Phú Mỹ 1 , Xã Đồng Phú, Huyện Long Hồ, Tỉnh Vĩnh Long, Đồng Phú, Vĩnh Long, Việt Nam, 890000;Phòng Standard giường đôi (Standard Double Room);4 người lớn;694.676;0;0;0;0;0;0;0;0;0;0;0;0;0;0;0;0;0;0;0;0;0;0;0;0;0;0;1;0;0;0;0;0;0;0;0;0;1;0;0;0;0;0;0;0;0;0;0;0;0;0;0;0;0;0;0;0;0;0;0;0;0;0;0;0;0;1;1;0;0;0;0;0;0;0;0;0;0;0;0;0;0;0;0;1;0;0;0;1;0;0;0;1;0;0;0;0;0;0;0;0;0;0;0;0;0;0;0;0;0;0;0;0;0;0;1;0;0;0;0;0;0;0;0;1;1;0;1;0;0;1;1;0;0
621919;Thúy An Homestay (Happy Family Guesthouse);53/4 Ấp Phú Mỹ 1 , Xã Đồng Phú, Huyện Long Hồ, Tỉnh Vĩnh Long, Đồng Phú, Vĩnh Long, Việt Nam, 890000;Phòng Standard giường đôi (Standard Double Room);1 người lớn Vượt quá sức chứa phòng;377.856;0;0;0;0;0;0;0;0;0;0;0;0;0;0;0;0;0;0;0;0;0;0;0;0;0;0;1;0;0;0;0;0;0;0;0;0;1;0;0;0;0;0;0;0;0;0;0;0;0;0;0;0;0;0;0;0;0;0;0;0;0;0;0;0;0;1;1;0;0;0;0;0;0;0;0;0;0;0;0;0;0;0;0;1;0;0;0;1;0;0;0;1;0;0;0;0;0;0;0;0;0;0;0;0;0;0;0;0;0;0;0;0;0;0;1;0;0;0;0;0;0;0;0;1;1;0;1;0;0;1;1;0;0
621919;Thúy An Homestay (Happy Family Guesthouse);53/4 Ấp Phú Mỹ 1 , Xã Đồng Phú, Huyện Long Hồ, Tỉnh Vĩnh Long, Đồng Phú, Vĩnh Long, Việt Nam, 890000;Phòng Cao Cấp Cho Hai Người (Superior Double Room);2 người lớn;453.796;0;1;0;0;0;0;0;0;0;0;0;0;0;0;0;0;0;0;0;0;0;1;0;0;0;0;0;0;0;0;0;0;0;0;0;0;0;0;0;0;0;0;0;0;0;0;0;0;0;0;0;0;0;0;0;0;0;0;0;0;0;0;0;0;0;1;0;0;0;0;0;0;0;0;0;0;0;0;0;0;0;0;0;0;0;1;0;1;0;0;0;1;0;0;0;0;0;0;0;0;0;1;0;0;0;0;0;0;0;0;0;0;0;0;0;0;0;0;0;0;0;0;0;1;0;0;1;0;1;1;1;0;0
621919;Thúy An Homestay (Happy Family Guesthouse);53/4 Ấp Phú Mỹ 1 , Xã Đồng Phú, Huyện Long Hồ, Tỉnh Vĩnh Long, Đồng Phú, Vĩnh Long, Việt Nam, 890000;Phòng Cao Cấp Cho Hai Người (Superior Double Room);1 người lớn & 1 trẻ em (0-12 tuổi) Vượt quá sức chứa phòng;385.727;0;1;0;0;0;0;0;0;0;0;0;0;0;0;0;0;0;0;0;0;0;1;0;0;0;0;0;0;0;0;0;0;0;0;0;0;0;0;0;0;0;0;0;0;0;0;0;0;0;0;0;0;0;0;0;0;0;0;0;0;0;0;0;0;0;1;0;0;0;0;0;0;0;0;0;0;0;0;0;0;0;0;0;0;0;1;0;1;0;0;0;1;0;0;0;0;0;0;0;0;0;1;0;0;0;0;0;0;0;0;0;0;0;0;0;0;0;0;0;0;0;0;0;1;0;0;1;0;1;1;1;0;0
64294833;Huỳnh Yên (Huynh Yen);219/17 ấp Long Thuận xã Long Phước huyện Long Hồ tỉnh Vĩnh Long, Thanh Đức, Vĩnh Long, Việt Nam, 85217;Phòng Đôi (Double Room);2 người lớn;194.444;0;0;0;0;1;0;0;0;0;0;0;0;0;0;0;0;0;0;0;0;0;1;0;0;0;0;0;0;0;0;0;0;0;0;0;0;0;0;0;0;0;0;0;0;0;0;0;0;0;0;0;0;0;0;0;0;0;0;0;0;0;0;0;0;0;1;0;0;0;0;0;0;0;0;0;0;0;0;0;0;0;0;0;0;0;0;0;0;0;0;0;0;0;0;0;0;0;0;0;0;0;1;0;0;0;0;0;0;0;0;0;0;0;0;0;0;0;0;0;0;0;0;1;1;0;1;0;1;0;0;0;0;0
64294833;Huỳnh Yên (Huynh Yen);219/17 ấp Long Thuận xã Long Phước huyện Long Hồ tỉnh Vĩnh Long, Thanh Đức, Vĩnh Long, Việt Nam, 85217;Phòng Đôi (Double Room);1 người lớn Vượt quá sức chứa phòng;175.000;0;0;0;0;1;0;0;0;0;0;0;0;0;0;0;0;0;0;0;0;0;1;0;0;0;0;0;0;0;0;0;0;0;0;0;0;0;0;0;0;0;0;0;0;0;0;0;0;0;0;0;0;0;0;0;0;0;0;0;0;0;0;0;0;0;1;0;0;0;0;0;0;0;0;0;0;0;0;0;0;0;0;0;0;0;0;0;0;0;0;0;0;0;0;0;0;0;0;0;0;0;1;0;0;0;0;0;0;0;0;0;0;0;0;0;0;0;0;0;0;0;0;1;1;0;1;0;1;0;0;0;0;0
47853496;Sông Mê Home (Song Me Home);52/4 Binh Thuan 2, Hoa Ninh, Long Ho, Vinh Long, Viet Nam, Hòa Ninh, Vĩnh Long, Việt Nam;Phòng Giường Đôi Có Ban Công (Double Room with Balcony);2 người lớn;673.148;0;0;0;0;1;0;0;0;0;0;0;0;0;0;0;0;0;0;0;0;0;0;0;0;1;0;0;0;0;0;0;0;0;0;0;0;0;0;0;0;0;0;0;0;0;0;0;0;0;0;0;0;0;0;0;0;0;0;0;0;0;0;0;0;0;1;0;0;0;0;0;0;0;0;0;0;0;0;0;0;0;0;1;0;0;0;0;0;0;0;0;0;0;0;0;0;0;0;0;0;0;1;0;0;0;0;0;0;0;0;0;0;0;0;0;0;0;0;0;0;0;0;0;1;0;1;0;0;1;0;0;0;0
47853496;Sông Mê Home (Song Me Home);52/4 Binh Thuan 2, Hoa Ninh, Long Ho, Vinh Long, Viet Nam, Hòa Ninh, Vĩnh Long, Việt Nam;Phòng Giường Đôi Có Ban Công (Double Room with Balcony);1 người lớn & 1 trẻ em (0-6 tuổi) Vượt quá sức chứa phòng;605.833;0;0;0;0;1;0;0;0;0;0;0;0;0;0;0;0;0;0;0;0;0;0;0;0;1;0;0;0;0;0;0;0;0;0;0;0;0;0;0;0;0;0;0;0;0;0;0;0;0;0;0;0;0;0;0;0;0;0;0;0;0;0;0;0;0;1;0;0;0;0;0;0;0;0;0;0;0;0;0;0;0;0;1;0;0;0;0;0;0;0;0;0;0;0;0;0;0;0;0;0;0;1;0;0;0;0;0;0;0;0;0;0;0;0;0;0;0;0;0;0;0;0;0;1;0;1;0;0;1;0;0;0;0
78731393;Khách Sạn Và Nhà Hàng Ngọc Yến 5 Vĩnh Long (Khach San Va Nha Hang Ngoc Yen 5 Vinh Long);11 Đường Lê Lai, Vĩnh Long, Vĩnh Long, Việt Nam, 85000;Phòng Tiêu Chuẩn Giường Lớn (Standard King Room);2 người lớn;454.545;0;0;0;0;1;0;0;0;0;0;0;0;0;0;0;0;0;0;0;0;0;0;0;0;0;0;0;0;0;0;0;0;0;0;0;0;0;0;0;0;0;0;0;0;0;0;0;0;0;0;0;0;0;0;0;0;0;0;0;0;0;0;0;0;0;0;0;0;0;0;0;0;0;0;0;0;0;0;0;0;1;0;0;0;0;0;0;0;1;0;0;0;0;0;0;0;0;0;0;0;0;1;0;0;0;0;0;0;0;0;0;0;0;0;0;0;0;0;0;0;0;0;1;1;0;1;0;1;0;0;0;0;1
78731393;Khách Sạn Và Nhà Hàng Ngọc Yến 5 Vĩnh Long (Khach San Va Nha Hang Ngoc Yen 5 Vinh Long);11 Đường Lê Lai, Vĩnh Long, Vĩnh Long, Việt Nam, 85000;Phòng Ba Người (Triple Room);3 người lớn;545.455;0;0;0;0;0;0;0;0;0;0;0;0;0;0;0;0;0;0;0;0;0;0;0;0;0;0;0;0;0;0;0;0;0;0;0;0;0;0;0;0;0;0;0;0;1;0;0;0;0;0;0;0;0;0;0;0;0;0;0;0;0;0;0;0;0;0;0;0;0;0;0;0;0;0;0;0;0;0;0;0;1;0;0;0;0;0;0;0;1;0;0;0;0;0;0;0;0;0;0;0;0;0;0;0;0;0;0;0;0;0;1;0;0;0;0;0;0;0;0;0;0;0;1;1;0;1;0;1;0;0;0;0;1
78731393;Khách Sạn Và Nhà Hàng Ngọc Yến 5 Vĩnh Long (Khach San Va Nha Hang Ngoc Yen 5 Vinh Long);11 Đường Lê Lai, Vĩnh Long, Vĩnh Long, Việt Nam, 85000;Phòng Ba Người (Triple Room);3 người lớn;545.455;0;0;0;0;0;0;0;0;0;0;0;1;0;0;0;0;0;0;0;0;0;0;0;0;0;0;0;0;0;0;0;0;0;0;0;0;0;0;0;0;0;0;0;0;0;0;0;0;0;0;0;0;0;0;0;0;0;0;0;0;0;0;0;0;0;0;0;0;0;0;0;0;0;0;0;0;0;0;0;0;1;0;0;0;0;0;0;0;1;0;0;0;0;0;0;0;0;0;0;0;0;0;0;0;0;0;0;0;0;0;1;0;0;0;0;0;0;0;0;0;0;0;1;1;0;1;0;1;0;0;0;0;1
621780;Nam Thanh homestay (Nam Thanh Homestay);172/9 Bình Lương, An Bình, Long Hồ, An Bình, Vĩnh Long, Việt Nam, 91000;Economy (Economy);2 người lớn;352.734;0;0;0;0;1;0;0;0;0;0;0;0;0;0;0;0;0;0;1;0;0;0;0;0;0;0;0;0;0;0;0;0;0;0;0;0;0;0;0;0;0;0;0;0;0;0;0;1;0;0;0;0;0;0;0;0;0;0;0;0;0;0;0;0;0;1;0;0;0;0;0;0;0;0;0;1;0;0;0;0;0;0;0;0;0;1;0;0;1;0;0;1;1;0;0;0;0;0;0;0;0;1;0;0;0;0;0;0;0;0;0;0;0;0;0;0;0;0;0;0;0;0;0;0;0;0;0;1;0;1;1;0;0
38696787;Khách sạn Phước Thịnh (Phước Thịnh Hotel);Số A241, Đường Phan Văn Đáng, Khóm 3, Phường 9. TP. Vĩnh Long, Tỉnh Vĩnh Long, Phước Thịnh Hotel, Vĩnh Long, Vĩnh Long, Việt Nam, 85000;Phòng Superior (Superior);2 người lớn;370.370;0;0;0;0;1;0;0;0;0;0;0;0;0;0;0;0;0;0;0;0;0;0;0;0;0;0;0;0;0;0;0;0;0;0;0;0;1;0;0;0;0;0;0;0;0;0;0;0;0;0;0;0;0;0;0;0;0;0;0;0;0;0;0;0;0;0;0;0;0;0;0;1;0;0;0;0;0;0;0;0;0;0;0;0;0;1;0;0;0;1;0;0;1;0;0;0;0;0;0;0;0;1;0;0;0;0;0;0;0;0;0;0;0;0;0;0;0;0;0;0;0;0;1;0;0;1;0;0;1;0;1;0;1
38696787;Khách sạn Phước Thịnh (Phước Thịnh Hotel);Số A241, Đường Phan Văn Đáng, Khóm 3, Phường 9. TP. Vĩnh Long, Tỉnh Vĩnh Long, Phước Thịnh Hotel, Vĩnh Long, Vĩnh Long, Việt Nam, 85000;Phòng Loại Sang (Deluxe);2 người lớn;416.667;0;0;0;0;0;0;0;0;1;0;0;0;0;0;0;0;0;0;0;0;0;0;0;0;0;0;0;0;0;0;0;0;0;0;0;0;1;0;0;0;0;0;0;0;0;0;0;0;0;0;0;0;0;0;0;0;0;0;0;0;0;0;0;0;0;1;0;1;0;0;0;1;0;0;0;0;0;0;0;0;0;0;0;0;0;1;0;0;1;1;0;0;1;0;0;0;0;0;0;0;0;1;0;0;0;0;0;0;0;0;0;0;0;0;0;0;0;0;0;0;1;0;0;0;0;1;0;0;0;0;0;0;1
38696787;Khách sạn Phước Thịnh (Phước Thịnh Hotel);Số A241, Đường Phan Văn Đáng, Khóm 3, Phường 9. TP. Vĩnh Long, Tỉnh Vĩnh Long, Phước Thịnh Hotel, Vĩnh Long, Vĩnh Long, Việt Nam, 85000;Phòng Đôi (Double Room);4 người lớn;462.963;0;0;0;0;1;0;0;0;0;0;0;0;0;0;0;0;0;0;0;0;0;0;0;0;0;0;0;0;0;0;0;0;0;0;0;0;1;0;1;0;0;0;0;0;0;0;0;0;0;0;0;0;0;0;0;0;0;0;0;0;0;0;0;0;0;1;0;0;0;0;0;1;0;0;0;0;0;0;0;0;0;0;0;0;0;1;0;0;1;1;0;0;1;0;0;0;0;0;0;0;0;0;0;0;0;0;0;0;0;0;0;0;0;0;1;0;0;0;0;0;1;0;0;0;0;1;0;0;0;0;0;0;1
11292064;Mekong Pottery Homestay, Green-Friendly & Boat Tour;209A/15 Mười Bốn Tháng Chín Street, Thanh Đức Hamlet, Long Hồ District, Thanh Đức, Vĩnh Long, Việt Nam, 891311;Phòng 3 Người Nhìn Ra Vườn (Triple Room with Garden View);2 người lớn & 1 trẻ em (0-2 tuổi);1.189.211;0;0;0;0;0;0;0;0;0;0;0;0;1;0;0;0;0;0;0;0;0;0;0;0;0;0;0;0;0;0;0;0;0;0;0;0;0;1;0;0;0;0;0;0;0;0;0;0;0;0;0;0;0;0;0;0;0;0;0;0;0;0;0;0;0;0;0;0;0;0;0;0;0;0;0;0;0;0;0;0;0;0;0;0;0;1;0;0;1;1;0;0;0;0;0;1;0;1;0;0;0;0;0;0;0;0;0;0;0;0;1;0;0;0;0;0;0;0;0;0;0;0;0;1;0;1;0;1;0;1;0;0;1
11292064;Mekong Pottery Homestay, Green-Friendly & Boat Tour;209A/15 Mười Bốn Tháng Chín Street, Thanh Đức Hamlet, Long Hồ District, Thanh Đức, Vĩnh Long, Việt Nam, 891311;Phòng 3 Người Nhìn Ra Vườn (Triple Room with Garden View);3 người lớn;1.207.730;0;0;0;0;0;0;0;0;0;0;0;0;1;0;0;0;0;0;0;0;0;0;0;0;0;0;0;0;0;0;0;0;0;0;0;0;0;1;0;0;0;0;0;0;0;0;0;0;0;0;0;0;0;0;0;0;0;0;0;0;0;0;0;0;0;0;0;0;0;0;0;0;0;0;0;0;0;0;0;0;0;0;0;0;0;1;0;0;1;1;0;0;0;0;0;1;0;1;0;0;0;0;0;0;0;0;0;0;0;0;1;0;0;0;0;0;0;0;0;0;0;0;0;1;0;1;0;1;0;1;0;0;1
11292064;Mekong Pottery Homestay, Green-Friendly & Boat Tour;209A/15 Mười Bốn Tháng Chín Street, Thanh Đức Hamlet, Long Hồ District, Thanh Đức, Vĩnh Long, Việt Nam, 891311;Phòng 3 Người Nhìn Ra Vườn (Triple Room with Garden View);1 người lớn & 2 trẻ em (0-2 tuổi) Vượt quá sức chứa phòng;1.170.693;0;0;0;0;0;0;0;0;0;0;0;0;1;0;0;0;0;0;0;0;0;0;0;0;0;0;0;0;0;0;0;0;0;0;0;0;0;1;0;0;0;0;0;0;0;0;0;0;0;0;0;0;0;0;0;0;0;0;0;0;0;0;0;0;0;0;0;0;0;0;0;0;0;0;0;0;0;0;0;0;0;0;0;0;0;1;0;0;1;1;0;0;0;0;0;1;0;1;0;0;0;0;0;0;0;0;0;0;0;0;1;0;0;0;0;0;0;0;0;0;0;0;0;1;0;1;0;1;0;1;0;0;1
64331098;Ngũ Long Hai Hotel (Ngu Long Hai Hotel);36 Trưng Nữ Vương, Vĩnh Long, Vĩnh Long, Việt Nam, 02703;Phòng Tiêu Chuẩn Giường Lớn (Standard King Room);2 người lớn;416.667;1;0;0;0;0;0;0;0;0;0;0;0;0;0;0;0;0;0;0;0;0;0;0;0;0;0;0;0;0;0;0;0;0;0;0;0;0;0;0;0;0;0;0;0;0;0;0;0;1;0;0;0;0;0;0;0;0;0;0;0;0;0;0;0;0;0;0;0;0;0;0;0;0;0;0;1;0;0;0;0;0;0;0;0;0;0;0;0;1;1;0;0;0;0;0;0;0;0;0;0;0;1;0;0;0;0;0;0;0;0;0;0;0;0;0;0;0;0;0;0;0;0;1;1;0;1;0;0;1;1;0;0;1
64331098;Ngũ Long Hai Hotel (Ngu Long Hai Hotel);36 Trưng Nữ Vương, Vĩnh Long, Vĩnh Long, Việt Nam, 02703;Phòng Tiêu Chuẩn Giường Lớn (Standard King Room);1 người lớn Vượt quá sức chứa phòng;395.833;1;0;0;0;0;0;0;0;0;0;0;0;0;0;0;0;0;0;0;0;0;0;0;0;0;0;0;0;0;0;0;0;0;0;0;0;0;0;0;0;0;0;0;0;0;0;0;0;1;0;0;0;0;0;0;0;0;0;0;0;0;0;0;0;0;0;0;0;0;0;0;0;0;0;0;1;0;0;0;0;0;0;0;0;0;0;0;0;1;1;0;0;0;0;0;0;0;0;0;0;0;1;0;0;0;0;0;0;0;0;0;0;0;0;0;0;0;0;0;0;0;0;1;1;0;1;0;0;1;1;0;0;1
64331098;Ngũ Long Hai Hotel (Ngu Long Hai Hotel);36 Trưng Nữ Vương, Vĩnh Long, Vĩnh Long, Việt Nam, 02703;Phòng Tiêu Chuẩn Giường Đôi (Standard Double Room);2 người lớn;416.667;0;0;0;0;0;0;0;0;0;0;0;0;0;0;0;0;0;0;0;0;0;0;0;0;0;1;0;0;0;0;0;0;0;0;0;0;0;0;0;0;0;0;0;0;0;0;0;0;0;0;1;0;0;0;0;0;0;0;0;0;0;0;0;0;0;0;0;0;0;0;0;0;0;0;0;1;0;0;0;0;0;0;0;0;1;0;0;0;1;1;0;0;0;0;0;0;0;0;0;0;0;0;0;0;0;0;0;0;0;0;1;0;0;0;0;0;0;0;0;0;0;0;1;1;0;1;0;0;1;1;0;0;1
64331098;Ngũ Long Hai Hotel (Ngu Long Hai Hotel);36 Trưng Nữ Vương, Vĩnh Long, Vĩnh Long, Việt Nam, 02703;Phòng Tiêu Chuẩn Giường Đôi (Standard Double Room);3 người lớn;439.815;0;0;0;0;0;0;0;0;0;0;0;0;0;0;0;0;0;0;0;0;0;0;0;0;0;1;0;0;0;0;0;0;0;0;0;0;0;0;0;0;0;0;0;0;0;0;0;0;0;0;1;0;0;0;0;0;0;0;0;0;0;0;0;0;0;0;0;0;0;0;0;0;0;0;0;1;0;0;0;0;0;0;0;0;1;0;0;0;1;1;0;0;0;0;0;0;0;0;0;0;0;0;0;0;0;0;0;0;0;0;1;0;0;0;0;0;0;0;0;0;0;0;1;1;0;1;0;0;1;1;0;0;1
64331098;Ngũ Long Hai Hotel (Ngu Long Hai Hotel);36 Trưng Nữ Vương, Vĩnh Long, Vĩnh Long, Việt Nam, 02703;Phòng Có Giường Cỡ King Với Ban Công (King Room with Balcony);2 người lớn;513.889;1;0;0;0;0;0;0;0;0;0;0;0;0;0;0;0;0;0;0;0;0;0;0;0;0;0;0;0;0;0;0;0;0;0;0;0;0;0;0;0;0;0;0;0;0;0;0;0;0;0;1;0;0;0;0;0;0;0;0;0;0;0;0;0;0;1;0;0;0;0;0;0;0;0;0;1;0;0;0;0;0;0;1;0;0;0;0;0;1;1;0;0;0;0;0;0;0;0;0;0;0;1;0;0;0;0;0;0;0;0;0;0;0;0;0;0;0;0;0;0;0;0;1;1;0;1;0;0;0;1;0;0;1
64331098;Ngũ Long Hai Hotel (Ngu Long Hai Hotel);36 Trưng Nữ Vương, Vĩnh Long, Vĩnh Long, Việt Nam, 02703;Phòng Có Giường Cỡ King Với Ban Công (King Room with Balcony);1 người lớn Vượt quá sức chứa phòng;488.194;1;0;0;0;0;0;0;0;0;0;0;0;0;0;0;0;0;0;0;0;0;0;0;0;0;0;0;0;0;0;0;0;0;0;0;0;0;0;0;0;0;0;0;0;0;0;0;0;0;0;1;0;0;0;0;0;0;0;0;0;0;0;0;0;0;1;0;0;0;0;0;0;0;0;0;1;0;0;0;0;0;0;1;0;0;0;0;0;1;1;0;0;0;0;0;0;0;0;0;0;0;1;0;0;0;0;0;0;0;0;0;0;0;0;0;0;0;0;0;0;0;0;1;1;0;1;0;0;0;1;0;0;1
7096891;Phước Hưng 1 Hotel (Phuoc Hung 1 Hotel);44/62B Nguyễn Văn Thiệt , Phường 3 , TP Vĩnh Long, Vĩnh Long, Vĩnh Long, Việt Nam;Phòng Tiêu Chuẩn Giường Đôi (Standard Double Room);2 người lớn & 1 trẻ em (0-10 tuổi);283.333;0;0;0;0;1;0;0;0;0;0;0;0;0;0;0;0;0;0;0;0;0;0;1;0;0;0;0;0;0;0;0;0;0;0;0;0;0;0;0;0;0;0;0;0;0;0;0;0;0;0;0;0;0;0;0;0;0;0;0;0;0;0;0;0;0;0;0;0;0;0;0;0;0;0;0;0;0;0;0;0;0;0;0;0;0;0;0;0;1;1;0;0;1;0;0;0;0;0;0;0;0;0;0;1;0;0;0;0;0;0;0;0;0;0;0;0;0;0;0;0;1;0;1;0;0;1;0;0;1;1;0;0;1
7096891;Phước Hưng 1 Hotel (Phuoc Hung 1 Hotel);44/62B Nguyễn Văn Thiệt , Phường 3 , TP Vĩnh Long, Vĩnh Long, Vĩnh Long, Việt Nam;Phòng Đôi Cao Cấp (Superior Double Room);2 người lớn & 1 trẻ em (0-10 tuổi);320.796;0;0;0;0;1;0;0;0;0;0;0;0;0;0;0;0;0;0;0;0;0;0;1;0;0;0;0;0;0;0;0;0;0;0;0;0;0;0;0;0;0;0;0;0;0;0;0;0;0;0;0;0;0;0;0;0;0;0;0;0;0;0;0;0;0;0;0;0;0;0;0;0;0;0;0;0;0;0;0;0;0;0;0;0;0;0;0;0;1;1;0;0;1;0;0;0;0;0;0;0;0;0;0;1;0;0;0;0;0;0;0;0;0;0;0;0;0;0;0;0;1;0;1;0;0;1;0;0;1;1;0;0;1
7096891;Phước Hưng 1 Hotel (Phuoc Hung 1 Hotel);44/62B Nguyễn Văn Thiệt , Phường 3 , TP Vĩnh Long, Vĩnh Long, Vĩnh Long, Việt Nam;Phòng Ba Người (Triple Room);3 người lớn;385.019;0;0;0;0;0;0;0;0;0;0;0;0;0;0;0;0;0;0;0;0;0;0;1;0;0;0;1;0;0;0;0;0;0;0;0;0;0;0;0;0;0;0;0;0;0;0;0;0;0;0;0;0;0;0;0;0;0;0;0;0;0;0;0;0;0;0;0;0;0;0;0;0;0;0;0;0;0;0;0;0;0;0;0;0;0;0;0;0;1;1;0;0;1;0;0;0;0;0;0;0;0;0;0;0;0;0;0;0;0;0;1;0;0;0;0;0;0;0;0;0;1;0;1;0;0;1;0;0;1;1;0;0;1
569385;Phương Thảo homestay (Phuong Thao Homestay);An Thành, An Bình, Long Hồ, An Bình, Vĩnh Long, Việt Nam, 91000;Phòng giường đôi hoặc 2 giường (Double or Twin);2 người lớn;440.917;0;0;0;0;0;0;0;0;0;0;0;0;0;0;0;0;0;0;0;0;0;0;0;0;0;0;0;0;0;0;0;0;1;0;0;0;0;0;0;0;1;0;0;0;0;0;0;0;0;0;0;0;0;0;0;0;0;0;0;0;0;0;0;0;0;0;0;0;0;0;0;0;0;0;0;0;0;0;0;0;0;0;0;0;0;1;0;1;0;0;0;1;0;0;1;0;0;0;0;0;0;1;0;0;0;0;0;0;0;0;0;0;0;0;0;0;0;0;0;0;0;0;1;1;1;0;0;1;0;0;0;0;0
569385;Phương Thảo homestay (Phuong Thao Homestay);An Thành, An Bình, Long Hồ, An Bình, Vĩnh Long, Việt Nam, 91000;Phòng Gia Đình Cổ Điển (Classic Family Room);5 người lớn;529.101;0;0;0;0;0;0;0;0;0;0;0;0;0;0;0;0;0;0;0;0;0;0;0;0;0;0;0;0;0;0;0;0;0;0;0;0;1;0;0;0;0;0;0;0;0;1;0;0;0;0;0;0;0;0;0;0;0;0;0;0;0;0;0;0;0;0;0;0;0;0;0;0;0;0;0;0;0;0;0;0;0;0;0;0;0;1;0;0;0;0;0;0;0;0;0;0;0;0;0;0;0;0;0;0;0;0;0;0;0;0;0;0;0;0;0;0;0;1;0;0;0;0;0;1;0;1;0;1;0;0;0;0;0
50602635;Làng Bình An (Bình An Village);394C/19 Phước Ngươn A, Phước Hậu, Vĩnh Long, Vĩnh Long, Việt Nam, 85000;Phòng Đôi (Double Room);2 người lớn & 1 trẻ em (0-1 tuổi);604.154;0;1;0;0;0;0;0;0;0;0;0;0;0;0;0;0;0;0;0;0;0;0;0;0;0;0;0;0;0;0;0;0;0;0;0;0;1;0;0;0;0;0;0;0;0;0;0;0;0;0;0;0;0;0;0;0;0;0;0;0;0;0;0;0;0;0;0;0;0;0;0;0;1;0;0;0;1;0;0;0;0;0;0;1;0;0;0;1;0;0;0;0;0;0;1;0;0;0;0;0;0;0;1;0;0;0;0;0;0;0;0;0;0;0;0;0;0;0;0;0;0;0;1;1;0;1;1;0;0;0;0;1;0
50602635;Làng Bình An (Bình An Village);394C/19 Phước Ngươn A, Phước Hậu, Vĩnh Long, Vĩnh Long, Việt Nam, 85000;Phòng Đôi (Double Room);1 người lớn & 1 trẻ em (0-1 tuổi) Vượt quá sức chứa phòng;521.180;0;1;0;0;0;0;0;0;0;0;0;0;0;0;0;0;0;0;0;0;0;0;0;0;0;0;0;0;0;0;0;0;0;0;0;0;1;0;0;0;0;0;0;0;0;0;0;0;0;0;0;0;0;0;0;0;0;0;0;0;0;0;0;0;0;0;0;0;0;0;0;0;1;0;0;0;1;0;0;0;0;0;0;1;0;0;0;1;0;0;0;0;0;0;1;0;0;0;0;0;0;0;1;0;0;0;0;0;0;0;0;0;0;0;0;0;0;0;0;0;0;0;1;1;0;1;1;0;0;0;0;1;0
50602635;Làng Bình An (Bình An Village);394C/19 Phước Ngươn A, Phước Hậu, Vĩnh Long, Vĩnh Long, Việt Nam, 85000;Phòng Gia Đình (Family Room);4 người lớn & 1 trẻ em (0-1 tuổi);870.115;0;0;0;0;0;0;0;0;0;0;0;0;0;0;0;0;0;0;0;0;0;0;0;0;0;0;0;1;0;0;0;0;0;0;0;0;0;0;0;0;0;0;0;0;0;0;0;0;1;0;0;0;0;0;0;0;0;0;0;0;0;0;0;0;0;1;0;0;0;0;0;0;1;0;1;0;0;0;0;0;0;0;0;0;0;1;0;0;1;0;0;0;0;0;1;0;0;0;0;0;0;0;0;0;0;0;0;0;0;0;0;0;0;0;0;1;0;0;0;0;0;0;0;1;1;1;0;0;0;0;0;1;0
50602635;Làng Bình An (Bình An Village);394C/19 Phước Ngươn A, Phước Hậu, Vĩnh Long, Vĩnh Long, Việt Nam, 85000;Phòng 4 người nhìn ra vườn (Quadruple Room with Garden View);2 người lớn;944.444;0;0;0;0;0;0;0;0;0;0;0;0;0;0;0;0;0;0;0;0;0;0;0;0;0;0;1;0;0;0;0;0;0;0;0;0;0;0;0;0;0;0;0;0;0;0;0;0;0;0;0;0;0;0;0;0;0;0;0;0;0;0;0;0;0;1;0;0;0;0;0;0;0;0;0;0;0;0;0;0;0;0;0;0;0;0;0;0;1;0;0;0;0;0;0;0;0;0;0;0;0;0;0;0;0;0;0;0;0;0;1;0;0;0;0;0;0;0;0;0;0;0;1;1;0;1;0;1;0;0;0;0;0
50602635;Làng Bình An (Bình An Village);394C/19 Phước Ngươn A, Phước Hậu, Vĩnh Long, Vĩnh Long, Việt Nam, 85000;Phòng 4 người nhìn ra vườn (Quadruple Room with Garden View);3 người lớn;1.000.000;0;0;0;0;0;0;0;0;0;0;0;0;0;0;0;0;0;0;0;0;0;0;0;0;0;0;1;0;0;0;0;0;0;0;0;0;0;0;0;0;0;0;0;0;0;0;0;0;0;0;0;0;0;0;0;0;0;0;0;0;0;0;0;0;0;1;0;0;0;0;0;0;0;0;0;0;0;0;0;0;0;0;0;0;0;0;0;0;1;0;0;0;0;0;0;0;0;0;0;0;0;0;0;0;0;0;0;0;0;0;1;0;0;0;0;0;0;0;0;0;0;0;1;1;0;1;0;1;0;0;0;0;0
50602635;Làng Bình An (Bình An Village);394C/19 Phước Ngươn A, Phước Hậu, Vĩnh Long, Vĩnh Long, Việt Nam, 85000;Phòng 4 người nhìn ra vườn (Quadruple Room with Garden View);1 người lớn Vượt quá sức chứa phòng;888.889;0;0;0;0;0;0;0;0;0;0;0;0;0;0;0;0;0;0;0;0;0;0;0;0;0;0;1;0;0;0;0;0;0;0;0;0;0;0;0;0;0;0;0;0;0;0;0;0;0;0;0;0;0;0;0;0;0;0;0;0;0;0;0;0;0;1;0;0;0;0;0;0;0;0;0;0;0;0;0;0;0;0;0;0;0;0;0;0;1;0;0;0;0;0;0;0;0;0;0;0;0;0;0;0;0;0;0;0;0;0;1;0;0;0;0;0;0;0;0;0;0;0;1;1;0;1;0;1;0;0;0;0;0
13429241;Khách sạn và Quán cà phê TK (TK Hotel and Coffee);Block A11-54, Hoang Hac St., My Hoa Commune, Binh Minh Dist, Vinh Long City, Vĩnh Long, Vĩnh Long, Việt Nam, 85000;Phòng có Giường Đôi (1 double);2 người lớn & 1 trẻ em (0-12 tuổi);379.111;0;1;0;0;0;0;0;0;0;0;0;0;0;0;0;0;0;0;0;0;0;0;0;0;0;0;0;0;0;0;0;0;0;0;0;0;0;0;0;0;1;0;0;0;0;0;0;0;0;0;0;0;0;0;0;0;0;0;0;0;0;0;0;0;0;1;0;0;0;0;0;1;1;0;0;0;0;0;0;0;0;0;0;0;0;0;1;0;1;0;0;0;0;0;0;0;0;0;0;0;0;0;0;0;1;0;0;0;0;0;0;0;0;0;0;0;0;0;0;0;0;1;1;1;1;0;0;1;0;0;0;0;0
13429241;Khách sạn và Quán cà phê TK (TK Hotel and Coffee);Block A11-54, Hoang Hac St., My Hoa Commune, Binh Minh Dist, Vinh Long City, Vĩnh Long, Vĩnh Long, Việt Nam, 85000;2 Single Beds (2 single Beds);2 người lớn & 1 trẻ em (0-12 tuổi);467.122;0;0;0;0;0;0;0;0;0;0;0;0;0;0;0;0;0;0;0;0;0;0;0;0;0;0;0;0;0;0;1;0;0;0;0;0;0;0;0;0;0;0;1;0;0;0;0;0;0;0;0;0;0;0;0;0;0;0;0;0;0;0;0;0;0;0;0;0;0;0;0;1;1;0;0;0;0;1;0;0;0;0;0;0;0;0;0;0;1;0;0;0;0;0;0;0;0;0;0;0;0;0;0;0;1;0;0;0;0;0;0;0;0;0;0;0;0;0;0;0;0;1;1;1;1;0;0;1;0;0;0;0;0
47983034;Ba Hung homestay;Đường số 1, Hòa Ninh, Vĩnh Long, Việt Nam;Phòng Đơn (Single Room);1 người lớn Vượt quá sức chứa phòng;183.824;0;0;0;0;0;0;0;0;1;0;0;0;0;0;0;0;0;0;0;0;0;0;1;0;0;0;0;0;0;0;0;0;0;0;0;0;0;0;0;0;0;0;0;0;0;0;0;0;0;0;0;0;0;0;0;0;0;0;0;0;0;0;0;0;0;0;0;0;0;0;0;0;0;0;0;0;0;0;0;0;0;0;0;0;0;0;0;0;0;0;0;0;0;0;0;0;0;0;0;1;0;0;0;0;0;0;0;0;0;0;0;0;0;0;0;0;0;0;0;0;0;0;0;0;0;1;0;1;0;0;0;0;0
47983034;Ba Hung homestay;Đường số 1, Hòa Ninh, Vĩnh Long, Việt Nam;Phòng Giường Đôi Nhìn Ra Vườn (Double Room with Garden View);1 người lớn Vượt quá sức chứa phòng;202.206;0;0;0;0;0;0;0;0;1;0;0;0;0;0;0;0;0;0;0;0;0;0;0;0;0;0;0;0;0;0;0;0;0;0;0;0;1;0;0;0;0;0;0;0;0;0;0;0;0;0;0;0;0;0;0;0;0;0;0;0;0;0;0;0;0;1;0;0;0;0;0;0;0;0;0;0;0;0;0;0;0;0;0;0;0;1;0;0;1;0;0;0;0;0;0;0;0;0;0;1;0;0;0;0;0;0;0;0;0;0;0;0;0;0;0;0;0;0;0;0;0;0;1;1;0;1;0;1;0;0;0;0;1
2504563;Ngoc Phuong Homestay;118C/10, Binh Luong Hamlet, An Binh Ward, Long Ho District, An Bình, Vĩnh Long, Việt Nam;Phòng 4 Người (Quadruple Room);2 người lớn & 2 trẻ em (0-5 tuổi);396.825;0;0;0;0;0;0;0;0;0;0;0;0;0;0;0;0;0;0;0;0;0;0;0;0;0;0;1;0;0;0;0;0;0;0;0;0;0;0;0;0;0;0;0;0;0;0;0;0;0;1;0;0;0;0;0;0;0;0;0;1;0;0;0;0;0;1;0;0;0;0;0;0;0;0;0;1;0;0;0;0;0;0;0;0;0;1;0;0;1;0;0;1;0;0;0;0;0;0;0;0;0;0;0;0;0;0;0;0;0;0;0;0;1;0;0;0;0;0;0;0;0;0;0;1;0;0;0;1;0;1;1;0;0
2504563;Ngoc Phuong Homestay;118C/10, Binh Luong Hamlet, An Binh Ward, Long Ho District, An Bình, Vĩnh Long, Việt Nam;Phòng 4 Người (Quadruple Room);3 người lớn & 1 trẻ em (0-5 tuổi);661.376;0;0;0;0;0;0;0;0;0;0;0;0;0;0;0;0;0;0;0;0;0;0;0;0;0;0;1;0;0;0;0;0;0;0;0;0;0;0;0;0;0;0;0;0;0;0;0;0;0;1;0;0;0;0;0;0;0;0;0;1;0;0;0;0;0;1;0;0;0;0;0;0;0;0;0;1;0;0;0;0;0;0;0;0;0;1;0;0;1;0;0;1;0;0;0;0;0;0;0;0;0;0;0;0;0;0;0;0;0;0;0;0;1;0;0;0;0;0;0;0;0;0;0;1;0;0;0;1;0;1;1;0;0
2504563;Ngoc Phuong Homestay;118C/10, Binh Luong Hamlet, An Binh Ward, Long Ho District, An Bình, Vĩnh Long, Việt Nam;Phòng 4 Người (Quadruple Room);1 người lớn & 3 trẻ em (0-5 tuổi) Vượt quá sức chứa phòng;264.550;0;0;0;0;0;0;0;0;0;0;0;0;0;0;0;0;0;0;0;0;0;0;0;0;0;0;1;0;0;0;0;0;0;0;0;0;0;0;0;0;0;0;0;0;0;0;0;0;0;1;0;0;0;0;0;0;0;0;0;1;0;0;0;0;0;1;0;0;0;0;0;0;0;0;0;1;0;0;0;0;0;0;0;0;0;1;0;0;1;0;0;1;0;0;0;0;0;0;0;0;0;0;0;0;0;0;0;0;0;0;0;0;1;0;0;0;0;0;0;0;0;0;0;1;0;0;0;1;0;1;1;0;0
10297198;MEKONG NATURE LODGE;ẤP AN THẠNH, XÃ AN BÌNH, HUYỆN LONG HỒ, VĨNH LONG, An Bình, Vĩnh Long, Việt Nam;Phòng Giường Đôi Nhìn Ra Hồ Nước (Double Room with Lake View);2 người lớn;833.333;0;0;0;0;1;0;0;0;0;0;0;0;0;0;0;0;0;0;0;0;0;0;0;0;0;0;0;0;0;0;0;0;0;0;0;0;0;0;0;0;0;0;0;1;0;0;0;0;0;0;0;0;0;0;0;0;0;0;0;0;0;0;0;0;0;1;0;0;0;0;0;0;0;0;0;0;0;0;0;0;0;0;0;0;0;1;0;0;1;0;0;0;0;0;0;0;0;0;0;0;0;1;0;0;0;0;0;0;0;0;0;0;0;0;0;0;0;0;0;0;1;1;0;1;0;1;0;1;0;0;1;0;1
10297198;MEKONG NATURE LODGE;ẤP AN THẠNH, XÃ AN BÌNH, HUYỆN LONG HỒ, VĨNH LONG, An Bình, Vĩnh Long, Việt Nam;Phòng Tiêu Chuẩn 2 Giường Đơn Nhìn Ra Khu Vườn (Standard Twin Room with Garden View);2 người lớn;879.630;0;0;0;0;0;0;0;0;0;0;0;0;0;0;0;0;0;0;0;0;0;0;0;0;0;0;0;0;0;0;1;0;0;0;0;0;0;0;0;0;0;0;0;1;0;0;0;0;0;0;0;0;0;0;0;0;0;0;0;0;0;0;0;0;0;1;0;0;0;0;0;0;0;0;0;0;0;0;0;0;0;0;0;0;0;1;0;0;1;0;0;0;0;0;0;0;0;0;0;0;0;1;0;0;0;0;0;0;0;0;0;0;0;0;0;0;0;0;0;0;1;1;0;1;0;1;0;1;0;0;1;0;1
65964664;Nhà Nghỉ Khanh Trần (Nha Nghi Khanh Tran);306 Đường Không Tên 29/2 Phú An - Thị Trấn Long Hồ - Huyện Long Hồ - Tỉnh Vĩnh Long, Thanh Đức, Vĩnh Long, Việt Nam;Căn Hộ 1 Phòng Ngủ (One-Bedroom Apartment);2 người lớn;294.118;0;0;0;0;0;0;0;0;1;0;0;0;0;0;0;0;0;0;0;0;0;0;0;0;0;0;0;0;0;0;0;0;0;0;0;0;1;0;0;0;0;0;0;0;0;0;0;0;0;0;0;0;0;0;0;0;0;0;0;0;0;0;0;0;0;0;0;0;0;0;0;1;0;0;0;0;0;0;0;0;0;0;0;0;0;0;0;0;0;1;0;0;0;0;0;0;0;0;0;0;0;1;0;0;0;0;0;0;0;0;0;0;0;0;0;0;0;0;0;0;0;0;0;1;0;1;1;0;1;0;0;0;0
65964664;Nhà Nghỉ Khanh Trần (Nha Nghi Khanh Tran);306 Đường Không Tên 29/2 Phú An - Thị Trấn Long Hồ - Huyện Long Hồ - Tỉnh Vĩnh Long, Thanh Đức, Vĩnh Long, Việt Nam;Căn Hộ 1 Phòng Ngủ (One-Bedroom Apartment);1 người lớn Vượt quá sức chứa phòng;264.706;0;0;0;0;0;0;0;0;1;0;0;0;0;0;0;0;0;0;0;0;0;0;0;0;0;0;0;0;0;0;0;0;0;0;0;0;1;0;0;0;0;0;0;0;0;0;0;0;0;0;0;0;0;0;0;0;0;0;0;0;0;0;0;0;0;0;0;0;0;0;0;1;0;0;0;0;0;0;0;0;0;0;0;0;0;0;0;0;0;1;0;0;0;0;0;0;0;0;0;0;0;1;0;0;0;0;0;0;0;0;0;0;0;0;0;0;0;0;0;0;0;0;0;1;0;1;1;0;1;0;0;0;0
38109880;Căn hộ 500 m² 15 phòng ngủ, 15 phòng tắm riêng ở Khu du lịch Phù Sa Cồn Ấu (Nhà nghỉ Hồng Nhung);Khu du lịch Phù Sa Cồn Ấu, Cần Thơ, Việt Nam;Căn hộ (Apartment);30 người lớn & 1 trẻ em (0-7 tuổi);238.287;0;0;0;0;0;0;0;1;0;0;0;0;0;0;0;0;0;0;0;1;1;0;0;0;0;0;0;0;0;0;0;0;0;0;0;0;0;0;0;0;0;0;0;0;0;0;0;0;0;0;0;0;0;0;0;0;0;0;0;0;0;1;0;0;0;0;0;0;0;0;0;0;0;0;0;0;0;0;0;0;0;0;0;0;0;0;0;0;0;0;0;0;0;0;0;0;0;0;0;0;0;0;0;0;0;0;0;0;0;0;0;0;0;1;0;0;0;0;0;0;0;0;0;0;1;0;0;1;0;0;0;0;0
47435073;Căn hộ 100 m² 6 phòng ngủ, 4 phòng tắm riêng ở An Bình (Lọ Lem home stay);An Bình, Vĩnh Long, Việt Nam;Căn hộ (Apartment);20 người lớn & 1 trẻ em (0-7 tuổi);335.601;0;0;0;0;0;0;0;0;0;0;0;0;0;0;0;1;0;0;0;0;0;0;0;0;0;0;0;0;0;1;0;0;0;0;0;0;0;0;0;0;0;0;0;0;0;0;0;0;0;0;0;0;0;0;0;1;0;0;0;0;0;0;1;0;0;0;0;0;0;0;0;0;0;0;0;0;0;0;0;0;0;0;0;0;0;0;0;0;0;0;0;0;0;0;0;0;0;0;0;0;0;0;0;0;0;0;0;0;0;1;0;0;0;0;0;0;0;0;0;0;0;0;0;0;1;0;0;1;0;0;0;0;0
77592148;Nhà nghỉ Minh Hà (NHÀ NGHỈ MINH HÀ);Chanh an ,Mang thit ,Vinh Long,Viet Nam, Vĩnh Long, Vĩnh Long, Việt Nam, 893410;Phòng Tiêu Chuẩn (Standard Room);6 người lớn;468.714;0;0;0;0;0;0;0;0;0;0;0;0;0;0;0;0;0;0;1;0;0;0;0;0;0;0;0;0;0;0;0;0;0;0;0;0;0;0;0;0;0;0;0;0;0;0;0;0;0;0;0;0;0;0;0;0;0;0;0;0;0;0;0;0;0;0;0;0;0;0;0;0;0;0;0;0;0;0;0;0;0;0;0;0;0;0;0;0;0;0;0;0;0;0;0;0;0;0;0;0;0;0;0;0;0;0;0;0;0;0;0;0;0;0;0;0;0;0;1;0;0;0;0;0;0;0;0;1;0;0;0;0;0
47613935;Căn hộ 42 m² 1 phòng ngủ, 2 phòng tắm riêng ở Hòa Ninh (Nhà Dừa CocoHome Vinhlong - Unique-Peaceful- VIP 8);Hòa Ninh, Vĩnh Long, Việt Nam;Căn hộ (Apartment);8 người lớn & 1 trẻ em (0-7 tuổi);1.727.363;0;0;0;0;0;0;0;0;0;0;0;0;0;0;0;0;0;0;0;0;0;0;0;0;0;0;0;0;0;0;0;0;0;0;0;1;0;0;0;0;0;0;0;0;0;0;0;0;0;0;0;0;0;0;1;0;0;1;0;0;0;0;0;0;0;0;0;0;0;0;0;0;0;0;0;0;0;0;0;0;0;0;0;0;0;0;0;0;1;0;0;0;0;0;0;0;1;0;0;0;0;0;0;0;0;0;0;0;0;0;0;0;0;0;0;0;0;0;0;1;0;0;1;0;1;0;0;1;0;0;0;0;0
50039527;Căn hộ 30 m² 1 phòng ngủ, 1 phòng tắm riêng ở Hòa Ninh (Nhà Dừa CocoHome Vinhlong-Unique-Peaceful-VIP 6);Hòa Ninh, Vĩnh Long, Việt Nam;Căn hộ (Apartment);4 người lớn & 1 trẻ em (0-7 tuổi);1.249.468;0;0;0;0;0;0;0;0;0;0;0;0;0;0;1;0;0;0;0;0;0;0;0;0;0;1;0;0;0;0;0;0;0;0;0;0;0;0;0;0;0;0;0;0;0;0;0;0;1;0;0;0;0;0;0;0;0;0;0;0;0;0;0;0;0;0;0;0;0;0;0;0;0;0;0;0;0;0;0;0;0;0;0;0;0;0;0;0;1;0;0;0;0;0;0;0;1;0;0;0;0;0;0;0;0;0;0;0;0;0;0;0;0;0;1;0;0;0;0;0;0;0;1;0;1;0;0;1;0;0;0;0;0
38107966;Căn hộ 500 m² 15 phòng ngủ, 15 phòng tắm riêng ở Khu du lịch Phù Sa Cồn Ấu (Nhà nghỉ Thanh Xuân 2);Khu du lịch Phù Sa Cồn Ấu, Cần Thơ, Việt Nam;Căn hộ (Apartment);30 người lớn & 1 trẻ em (0-7 tuổi);293.277;0;0;0;0;0;0;0;0;0;1;0;0;0;0;0;0;0;0;0;1;1;0;0;0;0;0;0;0;0;0;0;0;0;0;0;0;0;0;0;0;0;0;0;0;0;0;0;0;0;0;0;0;0;0;0;0;0;0;0;0;0;1;0;0;0;0;0;0;0;0;0;0;0;0;0;0;0;0;0;0;0;0;0;0;0;0;0;0;0;0;0;0;0;0;0;0;0;0;0;0;0;0;0;0;0;0;0;0;0;0;0;0;0;1;0;0;0;0;0;0;0;0;0;0;1;0;0;1;0;0;0;0;0
1594540;Ba Linh Homestay;112/8 An Thanh, An Binh, Long Ho, An Bình, Vĩnh Long, Việt Nam;Phòng Giường Đôi/2 Giường Đơn Nhìn Ra Vườn (Double or Twin Room with Garden View);2 người lớn;509.259;0;0;0;0;0;0;0;0;0;0;0;0;0;0;0;0;0;0;0;0;0;0;0;0;0;0;0;0;0;0;0;0;0;1;0;0;0;0;0;0;0;0;0;0;0;0;0;0;0;0;0;0;1;0;0;0;0;0;0;0;0;0;0;0;0;0;0;1;0;0;0;0;0;0;0;1;0;0;0;0;0;0;0;0;0;1;0;0;0;0;0;0;0;1;0;0;0;0;0;0;0;1;0;0;0;0;0;0;0;0;0;0;0;0;0;0;0;0;0;0;0;0;0;1;0;1;0;0;0;1;0;0;0
1594540;Ba Linh Homestay;112/8 An Thanh, An Binh, Long Ho, An Bình, Vĩnh Long, Việt Nam;Phòng Giường Đôi/2 Giường Đơn Có Phòng Tắm Riêng (Double or Twin Room with Private Bathroom);2 người lớn;509.259;0;0;0;0;0;0;0;0;0;0;0;0;0;0;0;0;0;0;0;0;0;0;0;0;0;0;0;0;0;0;0;1;0;0;0;0;0;0;0;0;0;0;0;0;0;0;0;0;1;0;0;0;0;0;0;0;0;0;0;0;0;0;0;0;0;0;0;1;0;0;0;0;0;0;0;1;0;0;0;0;1;0;0;0;0;0;0;0;0;0;0;0;0;1;0;0;0;0;0;0;0;1;0;0;0;0;0;0;0;0;0;0;0;0;0;0;0;0;0;0;0;0;0;1;0;1;0;0;0;1;0;0;0
1594540;Ba Linh Homestay;112/8 An Thanh, An Binh, Long Ho, An Bình, Vĩnh Long, Việt Nam;Phòng 3 Người Nhìn Ra Vườn (Triple Room with Garden View);3 người lớn;666.667;0;0;0;0;0;0;0;0;0;0;0;0;0;1;0;0;0;0;0;0;0;0;0;0;0;0;0;0;0;0;0;0;0;0;0;0;0;0;0;0;0;0;0;0;0;0;0;0;0;0;0;0;0;0;0;0;1;0;0;0;0;0;0;0;0;0;0;0;0;0;0;0;0;0;0;1;0;0;0;0;0;0;0;0;0;1;0;0;0;0;0;1;0;1;0;0;0;0;0;0;0;0;0;0;0;0;0;0;0;0;1;0;0;0;0;0;0;0;0;0;0;0;1;1;0;0;0;0;0;1;0;0;0
50112821;Căn hộ 20 m² 1 phòng ngủ, 1 phòng tắm riêng ở Hòa Ninh (Nhà Dừa CocoHome Vinhlong - Unique-peaceful-VIP 4);Hòa Ninh, Vĩnh Long, Việt Nam;Căn hộ (Apartment);2 người lớn & 1 trẻ em (0-7 tuổi);652.198;0;0;0;0;0;0;0;0;0;0;0;0;0;0;1;0;0;0;0;0;0;0;0;0;0;0;0;0;0;0;1;0;0;0;0;0;1;0;0;0;0;0;0;0;0;0;0;0;0;0;0;0;0;0;0;0;0;0;0;0;0;0;0;0;0;0;0;0;0;0;0;0;0;0;0;0;0;0;0;0;0;0;0;0;0;0;0;0;1;0;0;0;0;0;0;0;1;0;0;0;0;1;0;0;0;0;0;0;0;0;0;0;0;0;0;0;0;0;0;0;0;0;1;0;1;0;0;1;0;0;0;0;0
50112381;Căn hộ 20 m² 1 phòng ngủ, 1 phòng tắm riêng ở Hòa Ninh (Nhà Dừa CocoHome Vinhlong- Unique-peaceful - VIP 2);Hòa Ninh, Vĩnh Long, Việt Nam;Căn hộ (Apartment);2 người lớn & 1 trẻ em (0-7 tuổi);649.767;0;0;0;0;0;0;0;0;0;0;0;0;0;0;1;0;0;0;0;0;0;0;0;0;0;0;0;0;0;0;1;0;0;0;0;0;1;0;0;0;0;0;0;0;0;0;0;0;0;0;0;0;0;0;0;0;0;0;0;0;0;0;0;0;0;0;0;0;0;0;1;0;0;0;0;0;0;0;0;0;0;0;0;0;0;0;0;0;1;0;0;0;0;0;0;0;1;0;0;0;0;1;0;0;0;0;0;0;0;0;0;0;0;0;0;0;0;0;0;0;0;0;1;0;1;0;0;1;0;0;0;0;0
67878897;Cinderella Home stay;Hòa Ninh, Vĩnh Long, Việt Nam;Căn Hộ 1 Phòng Ngủ (One-Bedroom Apartment);2 người lớn;462.963;0;1;0;0;0;0;0;0;0;0;0;0;0;0;1;0;0;0;0;0;0;0;0;0;0;0;0;0;0;0;0;0;0;0;0;0;0;0;0;0;0;1;0;0;0;0;0;0;0;0;0;0;0;0;0;0;0;0;0;0;0;0;0;0;0;1;1;0;0;0;0;0;0;0;0;0;0;0;0;0;1;0;0;0;0;0;0;0;0;0;0;0;0;0;0;0;1;0;0;0;0;1;0;0;0;0;0;0;0;0;0;0;0;0;0;0;0;0;0;0;0;0;0;0;0;1;0;1;0;0;0;0;0
37295304;Nhà riêng 700 m² 3 phòng ngủ, 1 phòng tắm riêng ở Nguyệt Hạng (HT HOMESTAY );Nguyệt Hạng, Nguyệt Hạng, Việt Nam;Nhà riêng (home);6 người lớn & 1 trẻ em (0-7 tuổi);1.448.486;0;0;0;0;0;1;0;0;0;0;0;0;0;0;1;0;0;0;0;0;0;0;0;0;0;0;0;0;0;0;0;0;0;0;0;0;0;0;0;0;0;0;0;0;0;0;1;0;0;0;0;0;0;0;0;0;0;0;0;0;0;0;0;0;1;0;0;0;0;0;0;0;0;0;0;0;0;0;0;0;0;0;0;0;0;0;0;0;0;0;0;0;0;0;0;0;0;0;0;0;0;0;0;0;0;0;0;0;0;0;0;0;0;0;0;0;0;0;1;0;0;0;0;0;1;0;0;1;0;0;0;0;0
343584;Nhà nghỉ Mỹ Hòa Mekong (My Hoa Mekong Homestay);Xa My Hoa, Thi Xa Binh Minh, Vĩnh Long, Vĩnh Long, Việt Nam;Nhà trệt (Bungalow);2 người lớn;238.879;0;1;0;0;0;0;0;0;0;0;0;0;0;0;0;0;0;0;0;0;0;0;0;0;0;0;0;0;0;0;0;0;0;0;0;0;0;0;0;0;0;0;0;0;0;0;0;0;1;0;0;0;0;0;0;0;0;0;0;0;0;0;0;0;0;0;0;0;0;0;0;0;0;0;0;0;0;0;0;0;0;0;0;0;0;1;0;1;0;0;0;0;0;0;0;0;0;0;0;0;0;1;0;0;0;0;0;0;0;0;0;0;0;0;0;0;0;0;0;0;0;0;0;0;1;0;0;1;0;0;0;0;0
343584;Nhà nghỉ Mỹ Hòa Mekong (My Hoa Mekong Homestay);Xa My Hoa, Thi Xa Binh Minh, Vĩnh Long, Vĩnh Long, Việt Nam;Nhà trệt (Bungalow);2 người lớn;288.303;0;1;0;0;0;0;0;0;0;0;0;0;0;0;0;0;0;0;0;0;0;0;0;0;0;0;0;0;0;0;0;0;0;0;0;0;0;0;0;0;0;0;0;0;0;0;0;0;1;0;0;0;0;0;0;0;0;0;0;0;0;0;0;0;0;0;0;0;0;0;0;0;0;0;0;0;0;0;0;0;0;0;0;0;0;1;0;1;0;0;0;0;0;0;0;0;0;0;0;0;0;1;0;0;0;0;0;0;0;0;0;0;0;0;0;0;0;0;0;0;0;0;0;0;1;0;0;1;0;0;0;0;0
38107915;Căn hộ 50 m² 14 phòng ngủ, 15 phòng tắm riêng ở Thanh Đức (Hotel Hoàng Khiêm);Vĩnh Long, Vĩnh Long, Việt Nam;Căn hộ (Apartment);4 người lớn & 1 trẻ em (0-7 tuổi);355.575;0;0;0;1;0;0;0;0;0;0;0;0;0;0;0;0;0;1;0;0;1;0;0;0;0;0;0;0;0;0;0;0;0;0;0;0;0;0;0;0;0;0;0;0;0;0;0;0;0;0;0;0;0;0;0;0;0;0;0;0;1;0;0;0;0;0;0;0;0;0;0;0;0;0;0;0;0;0;0;0;0;0;0;0;0;0;0;0;0;0;0;0;0;0;0;0;0;0;0;0;0;0;0;0;0;0;0;0;0;0;0;0;0;0;1;0;0;0;0;0;0;0;0;0;1;0;0;1;0;0;0;0;0
25885170;KHU NGHỈ DƯỠNG RIVERSIDE PARK ECO (RIVERSIDE PARK ECO RESORT);283/20 Binh Hoa 2, Binh Hoa Phuoc, Long Ho, Đồng Phú, Vĩnh Long, Việt Nam, 85208;Phòng Deluxe có giường King (Delux King);2 người lớn;1.081.944;1;0;0;0;0;0;0;0;0;0;0;0;0;0;0;0;0;0;0;0;0;0;0;0;0;0;0;0;0;0;0;0;0;0;0;0;0;0;0;0;0;0;0;0;0;0;0;0;0;0;0;1;0;0;0;0;0;0;0;0;0;0;0;0;0;1;0;0;0;1;0;0;0;0;0;0;0;0;0;0;0;0;0;0;0;1;0;0;0;1;0;0;1;0;0;0;0;0;0;0;0;1;0;0;0;0;0;0;0;0;0;0;0;0;0;0;0;0;0;0;1;0;0;0;1;1;0;1;0;1;0;0;0
25885170;KHU NGHỈ DƯỠNG RIVERSIDE PARK ECO (RIVERSIDE PARK ECO RESORT);283/20 Binh Hoa 2, Binh Hoa Phuoc, Long Ho, Đồng Phú, Vĩnh Long, Việt Nam, 85208;Phòng Deluxe có giường King (Delux King);1 người lớn & 1 trẻ em (0-12 tuổi) Vượt quá sức chứa phòng;1.027.847;1;0;0;0;0;0;0;0;0;0;0;0;0;0;0;0;0;0;0;0;0;0;0;0;0;0;0;0;0;0;0;0;0;0;0;0;0;0;0;0;0;0;0;0;0;0;0;0;0;0;0;1;0;0;0;0;0;0;0;0;0;0;0;0;0;1;0;0;0;1;0;0;0;0;0;0;0;0;0;0;0;0;0;0;0;1;0;0;0;1;0;0;1;0;0;0;0;0;0;0;0;1;0;0;0;0;0;0;0;0;0;0;0;0;0;0;0;0;0;0;1;0;0;0;1;1;0;1;0;1;0;0;0
25885170;KHU NGHỈ DƯỠNG RIVERSIDE PARK ECO (RIVERSIDE PARK ECO RESORT);283/20 Binh Hoa 2, Binh Hoa Phuoc, Long Ho, Đồng Phú, Vĩnh Long, Việt Nam, 85208;Phòng Tiêu Chuẩn 2 Giường Đơn Nhìn Ra Khu Vườn (Standard Twin Room with Garden View);2 người lớn;1.222.685;0;0;0;0;0;0;0;0;0;0;0;0;0;0;0;0;0;0;0;0;0;0;0;0;0;0;0;0;0;0;1;0;0;0;0;0;0;0;0;0;0;0;0;0;0;0;0;0;0;0;0;1;0;0;0;0;0;0;0;0;0;0;0;0;0;1;0;0;0;0;0;0;0;0;0;0;0;0;0;0;0;0;0;0;0;1;0;0;0;1;0;0;1;0;0;0;0;0;0;0;0;1;0;0;0;0;0;0;0;0;0;0;0;0;0;0;0;0;0;0;1;0;0;0;0;1;1;1;0;1;1;0;0
