"hotel_id";"hotel_name";"hotel_address";"room_type_name";"option_name";"option_price";"1 giường lớn";"1 giường lớn và 1 giường đôi / 1 giường đôi và 1 giường lớn / 1 giường lớn / 1 nệm futon và 1 giường sofa";"1 giường đôi";"1 giường đôi / 1 giường đôi";"1 giường đôi lớn";"1 giường đôi lớn / 1 giường đôi lớn / 1 giường đôi lớn / 1 giường đơn / 2 nệm futon";"1 giường đôi lớn / 1 giường đơn / 6 giường đơn";"1 giường đôi và 1 giường đôi lớn";"1 giường đơn";"1 giường đơn / 1 giường đơn / 1 giường đơn / 1 giường đơn / 1 giường đơn / 1 giường đơn";"1 giường đơn / 1 nệm futon";"1 giường đơn / 2 giường sofa / 1 giường đôi / 1 giường đôi / 1 giường đôi";"1 giường đơn và 1 giường đôi lớn";"1 nệm futon";"1 nệm futon và 2 giường lớn / 1 nệm futon và 2 giường lớn / 1 nệm futon và 2 giường đôi lớn / 1 nệm futon và 1 giường sofa";"1 nệm futon và 2 giường lớn / 2 giường đôi lớn và 1 nệm futon / 1 giường sofa / 2 giường lớn và 1 nệm futon";"1 phòng tắm";"100 m²";"11 m²";"12 m²";"15 m²";"16 m²";"18 m²";"2 giường lớn";"2 giường đôi";"2 giường đôi lớn";"2 giường đôi lớn và 9 giường đơn";"2 phòng ngủ";"2 phòng tắm";"20 m²";"22 m²";"24 m²";"25 m²";"28 m²";"3 phòng ngủ";"30 m²";"300 m²";"35 m²";"4 giường đôi";"4 m²";"4 nệm futon";"4 phòng ngủ";"4 phòng tắm";"40 m²";"45 m²";"50 m²";"500 m²";"6 m²";"6 phòng ngủ";"6 phòng tắm";"8 giường tầng";"Ban công/sân hiên";"Bồn tắm";"Bồn tắm tạo sóng";"Bồn tắm/vòi sen riêng";"Cho phép hút thuốc";"Cà phê hòa tan miễn phí";"Cửa sổ có thể mở ra";"Cửa sổ mở";"Hành lang ngoài";"Hướng Hồ";"Hướng Ngoài trời";"Hướng Núi";"Hướng Sân trong";"Hướng Thành phố";"Hướng Vườn";"Không hút thuốc";"Máy sấy tóc";"Nước đóng chai miễn phí";"Phòng tắm chung";"Phòng tắm đứng";"Quạt";"Rèm che ánh sáng";"Studio/1 phòng ngủ";"Sưởi";"Truy cập Internet - không dây";"Trà miễn phí";"Trái cây/đồ ăn vặt";"Tối đa 1 người lớn";"Tối đa 10 người lớn";"Tối đa 12 người lớn";"Tối đa 12 người lớn, 1 bé (0-7 tuổi) ở MIỄN PHÍ!";"Tối đa 2 người lớn";"Tối đa 2 người lớn, 1 bé (0-12 tuổi) ở MIỄN PHÍ!";"Tối đa 2 người lớn, 1 bé (0-5 tuổi) ở MIỄN PHÍ!";"Tối đa 2 người lớn, 1 bé (0-6 tuổi) ở MIỄN PHÍ!";"Tối đa 2 người lớn, 1 bé (1-12 tuổi) ở MIỄN PHÍ!";"Tối đa 2 người lớn, 2 bé (0-5 tuổi) ở MIỄN PHÍ!";"Tối đa 3 người lớn";"Tối đa 3 người lớn, 1 bé (0-12 tuổi) ở MIỄN PHÍ!";"Tối đa 3 người lớn, 1 bé (0-6 tuổi) ở MIỄN PHÍ!";"Tối đa 4 người lớn";"Tối đa 4 người lớn, 1 bé (0-1 tuổi) ở MIỄN PHÍ!";"Tối đa 4 người lớn, 1 bé (0-5 tuổi) ở MIỄN PHÍ!";"Tối đa 4 người lớn, 2 bé (1-12 tuổi) ở MIỄN PHÍ!";"Tối đa 4 người lớn, 4 bé (0-7 tuổi) ở MIỄN PHÍ!";"Tối đa 5 người lớn";"Tối đa 6 người lớn";"Tối đa 8 người lớn";"Tủ lạnh";"Tủ lạnh nhỏ trong phòng";"Tủ quần áo";"Vòi sen";"Wi-Fi [miễn phí]";"phòng tắm riêng";"tầng trệt";"Điều hòa";"Điều hòa cá nhân";"Đồ dùng cho giấc ngủ thoải mái";"Đồ gỗ ngoài trời";"Đồ uống mời khách miễn phí";"Ấm nước";"Ấm nước điện"
"79825726";"Nomia Garden Retreats - Khu nghỉ dưỡng hồ Trị An (Nomia Garden Retreats - Khu nghi duong ho Tri An)";"Ấp bến Nôm, Phú Cường, Định Quán, Đồng Nai, Nomia Garden Retreats - Khu nghi duong ho Tri An, Tỉnh Đồng Nai, Ðông Nãi, Việt Nam, 76000";"Nhà Trệt Khu Vườn (Garden Bungalow)";"2 người lớn";"1.763.442";"0";"0";"0";"0";"1";"0";"0";"0";"0";"0";"0";"0";"0";"0";"0";"0";"0";"0";"0";"0";"0";"0";"0";"0";"0";"0";"0";"0";"0";"0";"0";"1";"0";"0";"0";"0";"0";"0";"0";"0";"0";"0";"0";"0";"0";"0";"0";"0";"0";"0";"0";"0";"0";"0";"1";"0";"0";"0";"0";"0";"0";"0";"0";"0";"0";"1";"0";"1";"0";"0";"1";"0";"1";"0";"0";"0";"0";"0";"0";"0";"0";"0";"1";"0";"0";"0";"0";"0";"0";"0";"0";"0";"0";"0";"0";"0";"0";"0";"0";"0";"1";"0";"0";"1";"1";"0";"1";"0";"0";"0";"1";"0";"0"
"79825726";"Nomia Garden Retreats - Khu nghỉ dưỡng hồ Trị An (Nomia Garden Retreats - Khu nghi duong ho Tri An)";"Ấp bến Nôm, Phú Cường, Định Quán, Đồng Nai, Nomia Garden Retreats - Khu nghi duong ho Tri An, Tỉnh Đồng Nai, Ðông Nãi, Việt Nam, 76000";"Suite Nhìn Ra Vườn (Garden Suite)";"2 người lớn";"1.945.143";"0";"0";"0";"0";"1";"0";"0";"0";"0";"0";"0";"0";"0";"0";"0";"0";"0";"0";"0";"0";"0";"0";"0";"0";"0";"0";"0";"0";"0";"0";"0";"0";"0";"0";"0";"1";"0";"0";"0";"0";"0";"0";"0";"0";"0";"0";"0";"0";"0";"0";"0";"0";"0";"0";"1";"0";"1";"0";"0";"0";"0";"0";"0";"0";"0";"1";"0";"1";"0";"0";"1";"0";"1";"0";"0";"0";"0";"0";"0";"0";"0";"0";"0";"0";"0";"0";"0";"0";"1";"0";"0";"0";"0";"0";"0";"0";"0";"0";"0";"0";"1";"0";"0";"1";"0";"0";"1";"0";"0";"0";"1";"0";"0"
"79825726";"Nomia Garden Retreats - Khu nghỉ dưỡng hồ Trị An (Nomia Garden Retreats - Khu nghi duong ho Tri An)";"Ấp bến Nôm, Phú Cường, Định Quán, Đồng Nai, Nomia Garden Retreats - Khu nghi duong ho Tri An, Tỉnh Đồng Nai, Ðông Nãi, Việt Nam, 76000";"Suite Nhìn Ra Vườn (Garden Suite)";"2 người lớn";"2.027.945";"0";"0";"0";"0";"1";"0";"0";"0";"0";"0";"0";"0";"0";"0";"0";"0";"0";"0";"0";"0";"0";"0";"0";"0";"0";"0";"0";"0";"0";"0";"0";"0";"0";"0";"0";"1";"0";"0";"0";"0";"0";"0";"0";"0";"0";"0";"0";"0";"0";"0";"0";"0";"0";"0";"1";"0";"1";"0";"0";"0";"0";"0";"0";"0";"0";"1";"0";"1";"0";"0";"1";"0";"1";"0";"0";"0";"0";"0";"0";"0";"0";"0";"0";"0";"0";"0";"0";"0";"1";"0";"0";"0";"0";"0";"0";"0";"0";"0";"0";"0";"1";"0";"0";"1";"0";"0";"1";"0";"0";"0";"1";"0";"0"
"79825726";"Nomia Garden Retreats - Khu nghỉ dưỡng hồ Trị An (Nomia Garden Retreats - Khu nghi duong ho Tri An)";"Ấp bến Nôm, Phú Cường, Định Quán, Đồng Nai, Nomia Garden Retreats - Khu nghi duong ho Tri An, Tỉnh Đồng Nai, Ðông Nãi, Việt Nam, 76000";"Suite Nhìn Ra Vườn (Garden Suite)";"3 người lớn";"2.420.148";"0";"0";"0";"0";"1";"0";"0";"0";"0";"0";"0";"0";"0";"0";"0";"0";"0";"0";"0";"0";"0";"0";"0";"0";"0";"0";"0";"0";"0";"0";"0";"0";"0";"0";"0";"1";"0";"0";"0";"0";"0";"0";"0";"0";"0";"0";"0";"0";"0";"0";"0";"0";"0";"0";"1";"0";"1";"0";"0";"0";"0";"0";"0";"0";"0";"1";"0";"1";"0";"0";"1";"0";"1";"0";"0";"0";"0";"0";"0";"0";"0";"0";"0";"0";"0";"0";"0";"0";"1";"0";"0";"0";"0";"0";"0";"0";"0";"0";"0";"0";"1";"0";"0";"1";"0";"0";"1";"0";"0";"0";"1";"0";"0"
"64064247";"Meeto Camping Hồ Trị An (Meeto Camping Ho Tri An)";"Tổ 2 Ấp 6 Mã Đà, Tỉnh Đồng Nai, Ðông Nãi, Việt Nam";"Lều (Tent)";"2 người lớn";"722.222";"0";"0";"0";"0";"0";"0";"0";"0";"0";"0";"0";"0";"0";"0";"0";"0";"0";"0";"0";"0";"0";"0";"0";"0";"0";"0";"0";"0";"0";"0";"0";"0";"0";"0";"0";"0";"0";"0";"0";"0";"1";"0";"0";"0";"0";"0";"0";"0";"0";"0";"0";"1";"0";"0";"0";"0";"0";"0";"0";"0";"0";"0";"0";"0";"0";"1";"0";"0";"0";"1";"0";"0";"0";"0";"0";"0";"0";"0";"0";"0";"0";"0";"0";"0";"0";"0";"0";"0";"1";"0";"0";"0";"0";"0";"0";"0";"0";"0";"0";"0";"0";"0";"0";"0";"0";"0";"0";"0";"0";"1";"0";"0";"1"
"64064247";"Meeto Camping Hồ Trị An (Meeto Camping Ho Tri An)";"Tổ 2 Ấp 6 Mã Đà, Tỉnh Đồng Nai, Ðông Nãi, Việt Nam";"Lều (Tent)";"3 người lớn";"1.155.556";"0";"0";"0";"0";"0";"0";"0";"0";"0";"0";"0";"0";"0";"0";"0";"0";"0";"0";"0";"0";"0";"0";"0";"0";"0";"0";"0";"0";"0";"0";"0";"0";"0";"0";"0";"0";"0";"0";"0";"0";"1";"0";"0";"0";"0";"0";"0";"0";"0";"0";"0";"1";"0";"0";"0";"0";"0";"0";"0";"0";"0";"0";"0";"0";"0";"1";"0";"0";"0";"1";"0";"0";"0";"0";"0";"0";"0";"0";"0";"0";"0";"0";"0";"0";"0";"0";"0";"0";"1";"0";"0";"0";"0";"0";"0";"0";"0";"0";"0";"0";"0";"0";"0";"0";"0";"0";"0";"0";"0";"1";"0";"0";"1"
"64064247";"Meeto Camping Hồ Trị An (Meeto Camping Ho Tri An)";"Tổ 2 Ấp 6 Mã Đà, Tỉnh Đồng Nai, Ðông Nãi, Việt Nam";"Lều (Tent)";"2 người lớn";"1.300.000";"0";"0";"0";"0";"0";"0";"0";"0";"0";"0";"0";"0";"0";"0";"0";"0";"0";"0";"0";"0";"0";"0";"0";"0";"0";"0";"0";"0";"0";"0";"0";"0";"0";"0";"0";"0";"0";"0";"0";"0";"1";"0";"0";"0";"0";"0";"0";"0";"0";"0";"0";"1";"0";"0";"0";"0";"0";"0";"0";"0";"0";"0";"0";"0";"0";"1";"0";"0";"0";"1";"0";"0";"0";"0";"0";"0";"0";"0";"0";"0";"0";"0";"0";"0";"0";"0";"0";"0";"1";"0";"0";"0";"0";"0";"0";"0";"0";"0";"0";"0";"0";"0";"0";"0";"0";"0";"0";"0";"0";"1";"0";"0";"1"
"4656903";"Hapyson Hotel";"52 Pham The Hien , Huyện Long Khánh, Huyện Long Khánh, Việt Nam, 81000";"Superior 1 người (Superior Single)";"2 người lớn & 2 trẻ em (0-5 tuổi)";"349.047";"0";"0";"0";"0";"1";"0";"0";"0";"0";"0";"0";"0";"0";"0";"0";"0";"0";"0";"0";"0";"0";"0";"0";"0";"0";"0";"0";"0";"0";"0";"0";"0";"0";"0";"0";"1";"0";"0";"0";"0";"0";"0";"0";"0";"0";"0";"0";"0";"0";"0";"0";"0";"0";"0";"0";"0";"1";"0";"0";"0";"0";"0";"0";"0";"1";"0";"0";"1";"0";"0";"0";"0";"0";"0";"0";"1";"0";"0";"0";"0";"0";"0";"0";"0";"0";"0";"0";"1";"0";"0";"0";"0";"0";"0";"0";"0";"0";"0";"0";"0";"1";"0";"1";"0";"1";"0";"1";"0";"1";"0";"0";"0";"1"
"4656903";"Hapyson Hotel";"52 Pham The Hien , Huyện Long Khánh, Huyện Long Khánh, Việt Nam, 81000";"Superior 1 người (Superior Single)";"2 người lớn";"402.778";"0";"0";"0";"0";"1";"0";"0";"0";"0";"0";"0";"0";"0";"0";"0";"0";"0";"0";"0";"0";"0";"0";"0";"0";"0";"0";"0";"0";"0";"0";"0";"0";"0";"0";"0";"1";"0";"0";"0";"0";"0";"0";"0";"0";"0";"0";"0";"0";"0";"0";"0";"0";"0";"0";"0";"0";"1";"0";"0";"0";"0";"0";"0";"0";"1";"0";"0";"1";"0";"0";"0";"0";"0";"0";"0";"1";"0";"0";"0";"0";"0";"0";"0";"0";"0";"0";"0";"1";"0";"0";"0";"0";"0";"0";"0";"0";"0";"0";"0";"0";"1";"0";"1";"0";"1";"0";"1";"0";"1";"0";"0";"0";"1"
"4656903";"Hapyson Hotel";"52 Pham The Hien , Huyện Long Khánh, Huyện Long Khánh, Việt Nam, 81000";"Superior 1 người (Superior Single)";"2 người lớn & 2 trẻ em (0-5 tuổi)";"485.340";"0";"0";"0";"0";"1";"0";"0";"0";"0";"0";"0";"0";"0";"0";"0";"0";"0";"0";"0";"0";"0";"0";"0";"0";"0";"0";"0";"0";"0";"0";"0";"0";"0";"0";"0";"1";"0";"0";"0";"0";"0";"0";"0";"0";"0";"0";"0";"0";"0";"0";"0";"0";"0";"0";"0";"0";"1";"0";"0";"0";"0";"0";"0";"0";"1";"0";"0";"1";"0";"0";"0";"0";"0";"0";"0";"1";"0";"0";"0";"0";"0";"0";"0";"0";"0";"0";"0";"1";"0";"0";"0";"0";"0";"0";"0";"0";"0";"0";"0";"0";"1";"0";"1";"0";"1";"0";"1";"0";"1";"0";"0";"0";"1"
"4656903";"Hapyson Hotel";"52 Pham The Hien , Huyện Long Khánh, Huyện Long Khánh, Việt Nam, 81000";"Deluxe giường đơn Có ban công (Deluxe Single Balcony)";"2 người lớn & 2 trẻ em (0-5 tuổi)";"384.737";"0";"0";"0";"0";"1";"0";"0";"0";"0";"0";"0";"0";"0";"0";"0";"0";"0";"0";"0";"0";"0";"0";"0";"0";"0";"0";"0";"0";"0";"0";"0";"0";"0";"0";"0";"1";"0";"0";"0";"0";"0";"0";"0";"0";"0";"0";"0";"0";"0";"0";"0";"0";"0";"0";"0";"0";"1";"0";"0";"0";"0";"0";"0";"0";"1";"0";"0";"1";"0";"0";"0";"0";"0";"0";"0";"1";"0";"0";"0";"0";"0";"0";"0";"0";"0";"0";"0";"1";"0";"0";"0";"0";"0";"0";"0";"0";"0";"0";"0";"0";"1";"0";"1";"0";"1";"0";"1";"0";"1";"0";"0";"0";"1"
"4656903";"Hapyson Hotel";"52 Pham The Hien , Huyện Long Khánh, Huyện Long Khánh, Việt Nam, 81000";"Deluxe giường đơn Có ban công (Deluxe Single Balcony)";"2 người lớn";"439.815";"0";"0";"0";"0";"1";"0";"0";"0";"0";"0";"0";"0";"0";"0";"0";"0";"0";"0";"0";"0";"0";"0";"0";"0";"0";"0";"0";"0";"0";"0";"0";"0";"0";"0";"0";"1";"0";"0";"0";"0";"0";"0";"0";"0";"0";"0";"0";"0";"0";"0";"0";"0";"0";"0";"0";"0";"1";"0";"0";"0";"0";"0";"0";"0";"1";"0";"0";"1";"0";"0";"0";"0";"0";"0";"0";"1";"0";"0";"0";"0";"0";"0";"0";"0";"0";"0";"0";"1";"0";"0";"0";"0";"0";"0";"0";"0";"0";"0";"0";"0";"1";"0";"1";"0";"1";"0";"1";"0";"1";"0";"0";"0";"1"
"4656903";"Hapyson Hotel";"52 Pham The Hien , Huyện Long Khánh, Huyện Long Khánh, Việt Nam, 81000";"Deluxe giường đơn Có ban công (Deluxe Single Balcony)";"2 người lớn & 2 trẻ em (0-5 tuổi)";"523.808";"0";"0";"0";"0";"1";"0";"0";"0";"0";"0";"0";"0";"0";"0";"0";"0";"0";"0";"0";"0";"0";"0";"0";"0";"0";"0";"0";"0";"0";"0";"0";"0";"0";"0";"0";"1";"0";"0";"0";"0";"0";"0";"0";"0";"0";"0";"0";"0";"0";"0";"0";"0";"0";"0";"0";"0";"1";"0";"0";"0";"0";"0";"0";"0";"1";"0";"0";"1";"0";"0";"0";"0";"0";"0";"0";"1";"0";"0";"0";"0";"0";"0";"0";"0";"0";"0";"0";"1";"0";"0";"0";"0";"0";"0";"0";"0";"0";"0";"0";"0";"1";"0";"1";"0";"1";"0";"1";"0";"1";"0";"0";"0";"1"
"45903330";"Green Ville Hotel Đồng Nai (Green Ville Hotel Đong Nai)";"Bệnh Viện Dầu Giây, Trung Tâm Hành Chính ,Quốc Lộ 20 Thống Nhất, Thống Nhất, Ấp Nguyễn Thái Học, Việt Nam";"Phòng Đôi (Double Room)";"2 người lớn & 1 trẻ em (0-6 tuổi)";"248.889";"0";"0";"0";"0";"1";"0";"0";"0";"0";"0";"0";"0";"0";"0";"0";"0";"0";"0";"0";"0";"0";"0";"1";"0";"0";"0";"0";"0";"0";"0";"0";"0";"0";"0";"0";"0";"0";"0";"0";"0";"0";"0";"0";"0";"0";"0";"0";"0";"0";"0";"0";"0";"0";"0";"0";"0";"0";"0";"0";"0";"0";"1";"0";"0";"0";"0";"0";"1";"1";"0";"1";"0";"0";"0";"0";"0";"0";"0";"0";"0";"0";"0";"0";"0";"0";"1";"0";"0";"0";"0";"0";"0";"0";"0";"0";"0";"0";"0";"0";"1";"0";"1";"0";"0";"1";"0";"0";"1";"1";"0";"0";"0";"1"
"45903330";"Green Ville Hotel Đồng Nai (Green Ville Hotel Đong Nai)";"Bệnh Viện Dầu Giây, Trung Tâm Hành Chính ,Quốc Lộ 20 Thống Nhất, Thống Nhất, Ấp Nguyễn Thái Học, Việt Nam";"Phòng Hai Giường Đơn (Twin Room)";"2 người lớn & 1 trẻ em (0-6 tuổi)";"269.630";"0";"0";"0";"0";"0";"0";"0";"0";"0";"0";"0";"0";"0";"0";"0";"0";"0";"0";"0";"0";"0";"0";"1";"0";"1";"0";"0";"0";"0";"0";"0";"0";"0";"0";"0";"0";"0";"0";"0";"0";"0";"0";"0";"0";"0";"0";"0";"0";"0";"0";"0";"0";"0";"0";"0";"0";"0";"0";"0";"0";"0";"1";"0";"0";"0";"0";"0";"1";"1";"0";"1";"0";"0";"0";"0";"0";"0";"0";"0";"0";"0";"0";"0";"0";"0";"1";"0";"0";"0";"0";"0";"0";"0";"0";"0";"0";"0";"0";"0";"1";"0";"1";"0";"0";"1";"0";"0";"1";"1";"0";"0";"0";"1"
"45903330";"Green Ville Hotel Đồng Nai (Green Ville Hotel Đong Nai)";"Bệnh Viện Dầu Giây, Trung Tâm Hành Chính ,Quốc Lộ 20 Thống Nhất, Thống Nhất, Ấp Nguyễn Thái Học, Việt Nam";"Phòng Ba Người (Triple Room)";"3 người lớn & 1 trẻ em (0-6 tuổi)";"300.741";"0";"0";"0";"0";"0";"0";"0";"1";"0";"0";"0";"0";"0";"0";"0";"0";"0";"0";"0";"0";"0";"0";"0";"0";"0";"0";"0";"0";"0";"0";"1";"0";"0";"0";"0";"0";"0";"0";"0";"0";"0";"0";"0";"0";"0";"0";"0";"0";"0";"0";"0";"0";"0";"0";"0";"0";"0";"0";"0";"0";"0";"1";"0";"0";"0";"0";"0";"1";"1";"0";"1";"0";"0";"0";"0";"0";"0";"0";"0";"0";"0";"0";"0";"0";"0";"0";"0";"0";"0";"0";"1";"0";"0";"0";"0";"0";"0";"0";"0";"1";"0";"1";"0";"0";"1";"0";"0";"1";"1";"0";"0";"0";"1"
"69125357";"Khu nghỉ dưỡng Vịnh Bốn Mùa - 4 Seasons (Vịnh Bốn Mùa - 4 Seasons Resort )";"Ấp Mít Nài, La Ngà, VỊNH BỐN MÙA - 4 Seasons Resort, Gia Tân 2, Xã Gia Tân, Việt Nam";"Phòng Tiêu Chuẩn (Standard Room)";"2 người lớn";"306.871";"0";"0";"1";"0";"0";"0";"0";"0";"0";"0";"0";"0";"0";"0";"0";"0";"0";"0";"0";"1";"0";"0";"0";"0";"0";"0";"0";"0";"0";"0";"0";"0";"0";"0";"0";"0";"0";"0";"0";"0";"0";"0";"0";"0";"0";"0";"0";"0";"0";"0";"0";"1";"0";"0";"0";"0";"0";"1";"0";"0";"1";"0";"0";"0";"0";"0";"0";"1";"0";"0";"0";"0";"1";"0";"0";"0";"1";"0";"0";"0";"0";"0";"1";"0";"0";"0";"0";"0";"0";"0";"0";"0";"0";"0";"0";"0";"0";"0";"0";"0";"0";"0";"1";"1";"1";"0";"0";"0";"0";"0";"1";"0";"0"
"69125357";"Khu nghỉ dưỡng Vịnh Bốn Mùa - 4 Seasons (Vịnh Bốn Mùa - 4 Seasons Resort )";"Ấp Mít Nài, La Ngà, VỊNH BỐN MÙA - 4 Seasons Resort, Gia Tân 2, Xã Gia Tân, Việt Nam";"Phòng Tiêu Chuẩn (Standard Room)";"2 người lớn";"555.556";"0";"0";"1";"0";"0";"0";"0";"0";"0";"0";"0";"0";"0";"0";"0";"0";"0";"0";"0";"1";"0";"0";"0";"0";"0";"0";"0";"0";"0";"0";"0";"0";"0";"0";"0";"0";"0";"0";"0";"0";"0";"0";"0";"0";"0";"0";"0";"0";"0";"0";"0";"1";"0";"0";"0";"0";"0";"1";"0";"0";"1";"0";"0";"0";"0";"0";"0";"1";"0";"0";"0";"0";"1";"0";"0";"0";"1";"0";"0";"0";"0";"0";"1";"0";"0";"0";"0";"0";"0";"0";"0";"0";"0";"0";"0";"0";"0";"0";"0";"0";"0";"0";"1";"1";"1";"0";"0";"0";"0";"0";"1";"0";"0"
"69125357";"Khu nghỉ dưỡng Vịnh Bốn Mùa - 4 Seasons (Vịnh Bốn Mùa - 4 Seasons Resort )";"Ấp Mít Nài, La Ngà, VỊNH BỐN MÙA - 4 Seasons Resort, Gia Tân 2, Xã Gia Tân, Việt Nam";"Bungalow Deluxe (Deluxe Bungalow)";"4 người lớn & 1 trẻ em (0-1 tuổi)";"537.724";"0";"0";"0";"0";"0";"0";"0";"0";"0";"0";"0";"0";"0";"0";"0";"0";"0";"0";"0";"0";"0";"1";"0";"0";"1";"0";"0";"0";"0";"0";"0";"0";"0";"0";"0";"0";"0";"0";"0";"0";"0";"0";"0";"0";"0";"0";"0";"0";"0";"0";"0";"0";"0";"0";"0";"0";"0";"0";"0";"1";"1";"0";"0";"0";"0";"0";"1";"0";"1";"0";"0";"0";"0";"0";"0";"0";"0";"0";"0";"0";"0";"0";"0";"0";"0";"0";"0";"0";"0";"0";"0";"0";"1";"0";"0";"0";"0";"0";"0";"0";"0";"0";"1";"1";"0";"0";"0";"1";"0";"0";"0";"0";"0"
"39634025";"Bến Hồ Homestay (Ben Ho Homestay)";"Ấp Dốc Mơ 3, cuối đường Thánh Tâm, huyện Thống Nhất, tỉnh Đồng Nai, Gia Tân 2, Xã Gia Tân, Việt Nam";"Phòng Tiêu Chuẩn Giường Đôi Với Phòng Tắm Chung (Standard Double Room with Shared Bathroom)";"2 người lớn";"511.778";"0";"0";"0";"0";"1";"0";"0";"0";"0";"0";"0";"0";"0";"0";"0";"0";"0";"0";"0";"1";"0";"0";"0";"0";"0";"0";"0";"0";"1";"0";"0";"0";"0";"0";"0";"0";"0";"0";"0";"0";"0";"0";"0";"0";"0";"0";"0";"0";"0";"0";"0";"0";"0";"0";"0";"0";"0";"0";"0";"0";"0";"0";"0";"0";"0";"0";"0";"1";"1";"1";"0";"0";"0";"0";"0";"0";"0";"0";"0";"0";"0";"0";"1";"0";"0";"0";"0";"0";"0";"0";"0";"0";"0";"0";"0";"0";"0";"0";"0";"0";"0";"0";"0";"0";"0";"0";"1";"0";"0";"1";"0";"0";"1"
"39634025";"Bến Hồ Homestay (Ben Ho Homestay)";"Ấp Dốc Mơ 3, cuối đường Thánh Tâm, huyện Thống Nhất, tỉnh Đồng Nai, Gia Tân 2, Xã Gia Tân, Việt Nam";"Phòng Tiêu Chuẩn Giường Đôi Với Phòng Tắm Chung (Standard Double Room with Shared Bathroom)";"2 người lớn";"562.956";"0";"0";"0";"0";"1";"0";"0";"0";"0";"0";"0";"0";"0";"0";"0";"0";"0";"0";"0";"1";"0";"0";"0";"0";"0";"0";"0";"0";"1";"0";"0";"0";"0";"0";"0";"0";"0";"0";"0";"0";"0";"0";"0";"0";"0";"0";"0";"0";"0";"0";"0";"0";"0";"0";"0";"0";"0";"0";"0";"0";"0";"0";"0";"0";"0";"0";"0";"1";"1";"1";"0";"0";"0";"0";"0";"0";"0";"0";"0";"0";"0";"0";"1";"0";"0";"0";"0";"0";"0";"0";"0";"0";"0";"0";"0";"0";"0";"0";"0";"0";"0";"0";"0";"0";"0";"0";"1";"0";"0";"1";"0";"0";"1"
"60678075";"Hotel Quang Vinh 3";"Khu phố Lập Thành, Thị trấn Dầu Giây, Huyện Thống Nhất, Thống Nhất, Ấp Nguyễn Thái Học, Việt Nam";"Phòng Giường Đôi Nhỏ (Small Double Room)";"2 người lớn";"217.593";"0";"0";"0";"0";"1";"0";"0";"0";"0";"0";"0";"0";"0";"0";"0";"0";"0";"0";"0";"0";"0";"0";"0";"0";"0";"0";"0";"0";"0";"0";"0";"0";"0";"0";"0";"1";"0";"0";"0";"0";"0";"0";"0";"0";"0";"0";"0";"0";"0";"0";"0";"0";"0";"0";"0";"0";"0";"0";"0";"0";"0";"0";"0";"0";"0";"0";"0";"0";"0";"0";"0";"0";"0";"0";"0";"0";"0";"0";"0";"0";"0";"0";"1";"0";"0";"0";"0";"0";"0";"0";"0";"0";"0";"0";"0";"0";"0";"0";"0";"0";"0";"0";"1";"0";"1";"0";"1";"0";"0";"0";"0";"0";"0"
"60678075";"Hotel Quang Vinh 3";"Khu phố Lập Thành, Thị trấn Dầu Giây, Huyện Thống Nhất, Thống Nhất, Ấp Nguyễn Thái Học, Việt Nam";"Phòng Tiêu Chuẩn 4 Người (Standard Quadruple Room)";"4 người lớn";"361.111";"0";"0";"0";"0";"0";"0";"0";"0";"0";"0";"0";"0";"0";"0";"0";"0";"0";"0";"0";"0";"0";"0";"0";"0";"0";"1";"0";"0";"0";"0";"0";"0";"0";"0";"0";"0";"0";"0";"0";"0";"0";"0";"0";"0";"1";"0";"0";"0";"0";"0";"0";"0";"0";"0";"0";"0";"0";"0";"0";"0";"0";"1";"0";"0";"0";"0";"0";"0";"0";"0";"0";"0";"0";"0";"0";"0";"0";"0";"0";"0";"0";"0";"0";"0";"0";"0";"0";"0";"0";"0";"0";"1";"0";"0";"0";"0";"0";"0";"0";"0";"0";"0";"1";"0";"1";"0";"1";"0";"0";"0";"0";"0";"0"
"61341933";"Khách sạn D&T (Hotel D&T)";"27 QL1A thị trấn dầu gi y,huyện thống nhất,tỉnh đồng nai, Phường 10, Vũng Tàu, Việt Nam, 76400";"Comfort Double Room";"2 người lớn";"257.990";"0";"0";"0";"0";"0";"0";"0";"0";"0";"0";"0";"0";"0";"0";"0";"0";"0";"0";"0";"0";"0";"0";"0";"0";"0";"1";"0";"0";"0";"0";"0";"0";"0";"0";"0";"1";"0";"0";"0";"0";"0";"0";"0";"0";"0";"0";"0";"0";"0";"0";"0";"0";"0";"0";"0";"0";"0";"0";"0";"0";"0";"0";"0";"0";"0";"0";"0";"0";"0";"0";"0";"0";"0";"0";"1";"0";"0";"0";"0";"0";"0";"0";"1";"0";"0";"0";"0";"0";"0";"0";"0";"0";"0";"0";"0";"0";"0";"0";"0";"0";"0";"0";"0";"0";"0";"0";"0";"0";"0";"0";"0";"0";"0"
"13577982";"SPRING GARDEN HOTEL LK";"226 Nguyen Trai, Huyện Long Khánh, Huyện Long Khánh, Việt Nam, 76465";"Phòng Deluxe Giường Đôi Nhìn Ra Hồ Nước (Deluxe Double Room with Lake View)";"2 người lớn";"524.673";"1";"0";"0";"0";"0";"0";"0";"0";"0";"0";"0";"0";"0";"0";"0";"0";"0";"0";"0";"0";"0";"0";"0";"0";"0";"0";"0";"0";"0";"0";"0";"0";"0";"0";"0";"1";"0";"0";"0";"0";"0";"0";"0";"0";"0";"0";"0";"0";"0";"0";"0";"0";"0";"0";"0";"0";"0";"0";"0";"0";"0";"0";"0";"0";"0";"0";"0";"0";"0";"0";"0";"0";"0";"0";"0";"0";"0";"0";"0";"0";"0";"0";"1";"0";"0";"0";"0";"0";"0";"0";"0";"0";"0";"0";"0";"0";"0";"0";"0";"0";"0";"0";"1";"0";"0";"0";"0";"0";"0";"0";"0";"0";"0"
"13577982";"SPRING GARDEN HOTEL LK";"226 Nguyen Trai, Huyện Long Khánh, Huyện Long Khánh, Việt Nam, 76465";"Deluxe có ban công (Deluxe Balcony)";"2 người lớn";"561.711";"0";"0";"1";"0";"0";"0";"0";"0";"0";"0";"0";"0";"0";"0";"0";"0";"0";"0";"0";"0";"0";"0";"0";"0";"0";"0";"0";"0";"0";"0";"0";"0";"0";"0";"0";"1";"0";"0";"0";"0";"0";"0";"0";"0";"0";"0";"0";"0";"0";"0";"0";"0";"0";"0";"0";"0";"1";"0";"0";"0";"1";"0";"0";"0";"0";"0";"0";"1";"0";"1";"0";"0";"1";"0";"0";"0";"0";"0";"0";"0";"0";"0";"1";"0";"0";"0";"0";"0";"0";"0";"0";"0";"0";"0";"0";"0";"0";"0";"0";"1";"1";"0";"1";"1";"0";"0";"1";"0";"0";"0";"0";"0";"0"
"13577982";"SPRING GARDEN HOTEL LK";"226 Nguyen Trai, Huyện Long Khánh, Huyện Long Khánh, Việt Nam, 76465";"Deluxe có ban công (Deluxe Balcony)";"2 người lớn";"677.315";"0";"0";"1";"0";"0";"0";"0";"0";"0";"0";"0";"0";"0";"0";"0";"0";"0";"0";"0";"0";"0";"0";"0";"0";"0";"0";"0";"0";"0";"0";"0";"0";"0";"0";"0";"1";"0";"0";"0";"0";"0";"0";"0";"0";"0";"0";"0";"0";"0";"0";"0";"0";"0";"0";"0";"0";"1";"0";"0";"0";"1";"0";"0";"0";"0";"0";"0";"1";"0";"1";"0";"0";"1";"0";"0";"0";"0";"0";"0";"0";"0";"0";"1";"0";"0";"0";"0";"0";"0";"0";"0";"0";"0";"0";"0";"0";"0";"0";"0";"1";"1";"0";"1";"1";"0";"0";"1";"0";"0";"0";"0";"0";"0"
"76893193";"Làng gia đình Lumiere Long Khánh (Lumiere Family Village Long Khánh)";"Long Khanh Farm, Hang Gon Ward, Long Khanh City, Dong Nai Province, Vietnam, Huyện Long Khánh, Huyện Long Khánh, Việt Nam, 810000";"Cao cấp - 1 Giường Lớn Rộng (Superior - 1 Wide King Bed)";"2 người lớn";"284.689";"0";"0";"0";"0";"1";"0";"0";"0";"0";"0";"0";"0";"0";"0";"0";"0";"0";"0";"0";"0";"0";"0";"0";"0";"0";"0";"0";"0";"0";"1";"0";"0";"0";"0";"0";"0";"0";"0";"0";"0";"0";"0";"0";"0";"0";"0";"0";"0";"0";"0";"0";"0";"0";"0";"0";"0";"0";"0";"0";"1";"0";"0";"0";"0";"0";"1";"0";"1";"1";"0";"0";"0";"0";"0";"0";"0";"0";"0";"0";"0";"0";"0";"1";"0";"0";"0";"0";"0";"0";"0";"0";"0";"0";"0";"0";"0";"0";"0";"0";"0";"0";"1";"1";"1";"1";"0";"1";"0";"0";"0";"0";"1";"0"
"76893193";"Làng gia đình Lumiere Long Khánh (Lumiere Family Village Long Khánh)";"Long Khanh Farm, Hang Gon Ward, Long Khanh City, Dong Nai Province, Vietnam, Huyện Long Khánh, Huyện Long Khánh, Việt Nam, 810000";"Bunk Bed Room - Non-Smoking";"8 người lớn";"1.136.496";"0";"0";"0";"0";"0";"0";"0";"0";"0";"0";"0";"0";"0";"0";"0";"0";"0";"0";"0";"0";"0";"0";"0";"0";"0";"0";"0";"0";"1";"0";"0";"0";"1";"0";"0";"0";"0";"0";"0";"0";"0";"0";"0";"0";"0";"0";"0";"0";"0";"0";"1";"0";"0";"0";"0";"0";"0";"0";"1";"0";"0";"0";"0";"0";"0";"1";"0";"1";"1";"0";"0";"0";"1";"0";"0";"0";"0";"0";"0";"0";"0";"0";"0";"0";"0";"0";"0";"0";"0";"0";"0";"0";"0";"0";"0";"0";"0";"0";"1";"0";"0";"0";"1";"1";"0";"0";"1";"0";"0";"0";"0";"1";"0"
"28915511";"Khách sạn The Sky (The Sky Hotel)";"Lô 1 Đường N5, Khu phố Lập Thành, Thị trấn Dầu Giây, Thống Nhất, Đồng Nai, Thống Nhất, Ấp Nguyễn Thái Học, Việt Nam, 76406";"(Mùa Thu PKG) Phòng Tiêu Chuẩn 2 Giường ((Autumn PKG) Standard Twin)";"2 người lớn & 1 trẻ em (0-12 tuổi)";"217.431";"0";"0";"0";"0";"0";"0";"0";"0";"0";"0";"0";"0";"0";"0";"0";"0";"0";"0";"0";"0";"0";"0";"0";"0";"0";"0";"0";"0";"0";"0";"0";"0";"0";"0";"0";"0";"0";"0";"0";"0";"0";"0";"0";"0";"0";"0";"0";"0";"0";"0";"0";"0";"0";"0";"0";"0";"0";"0";"0";"0";"0";"0";"0";"0";"0";"0";"0";"0";"0";"0";"0";"0";"0";"0";"0";"0";"0";"0";"0";"0";"0";"0";"0";"1";"0";"0";"0";"0";"0";"0";"0";"0";"0";"0";"0";"0";"0";"0";"0";"0";"0";"0";"0";"0";"0";"0";"0";"0";"0";"0";"0";"0";"0"
"28915511";"Khách sạn The Sky (The Sky Hotel)";"Lô 1 Đường N5, Khu phố Lập Thành, Thị trấn Dầu Giây, Thống Nhất, Đồng Nai, Thống Nhất, Ấp Nguyễn Thái Học, Việt Nam, 76406";"Phòng Tiêu chuẩn 1 giường King (Standard 1 King)";"2 người lớn";"217.431";"1";"0";"0";"0";"0";"0";"0";"0";"0";"0";"0";"0";"0";"0";"0";"0";"0";"0";"0";"0";"0";"0";"1";"0";"0";"0";"0";"0";"0";"0";"0";"0";"0";"0";"0";"0";"0";"0";"0";"0";"0";"0";"0";"0";"0";"0";"0";"0";"0";"0";"0";"0";"0";"0";"0";"0";"0";"0";"0";"0";"0";"1";"0";"0";"0";"0";"0";"0";"0";"0";"0";"0";"0";"0";"0";"0";"0";"0";"0";"0";"0";"0";"1";"0";"0";"0";"0";"0";"0";"0";"0";"0";"0";"0";"0";"0";"0";"0";"0";"0";"0";"0";"1";"0";"1";"0";"0";"1";"1";"0";"0";"0";"1"
"28915511";"Khách sạn The Sky (The Sky Hotel)";"Lô 1 Đường N5, Khu phố Lập Thành, Thị trấn Dầu Giây, Thống Nhất, Đồng Nai, Thống Nhất, Ấp Nguyễn Thái Học, Việt Nam, 76406";"Phòng Deluxe A cho 2 người (Deluxe Double Room A)";"3 người lớn & 1 trẻ em (0-12 tuổi)";"248.218";"0";"0";"0";"0";"0";"0";"0";"0";"0";"0";"0";"0";"0";"0";"0";"0";"0";"0";"0";"0";"0";"0";"0";"0";"1";"0";"0";"0";"0";"0";"0";"0";"1";"0";"0";"0";"0";"0";"0";"0";"0";"0";"0";"0";"0";"0";"0";"0";"0";"0";"0";"1";"0";"0";"0";"0";"0";"0";"0";"0";"0";"1";"0";"0";"0";"0";"0";"0";"0";"0";"0";"0";"0";"0";"0";"0";"0";"0";"0";"0";"0";"0";"0";"0";"0";"0";"0";"0";"0";"1";"0";"0";"0";"0";"0";"0";"0";"0";"0";"0";"0";"0";"1";"0";"1";"0";"0";"1";"1";"0";"0";"0";"1"
"6760504";"Motel Hoang Gia";"119/3 Thích Quảng Đức, Huyện Long Khánh, Huyện Long Khánh, Việt Nam";"Phòng Đôi (Double Room)";"2 người lớn & 1 trẻ em (1-12 tuổi)";"308.642";"1";"0";"0";"0";"0";"0";"0";"0";"0";"0";"0";"0";"0";"0";"0";"0";"0";"0";"0";"0";"0";"0";"1";"0";"0";"0";"0";"0";"0";"0";"0";"0";"0";"0";"0";"0";"0";"0";"0";"0";"0";"0";"0";"0";"0";"0";"0";"0";"0";"0";"0";"0";"0";"0";"0";"0";"0";"0";"0";"0";"0";"0";"0";"1";"0";"0";"0";"1";"1";"0";"0";"0";"0";"0";"0";"0";"0";"0";"0";"0";"0";"0";"0";"0";"0";"0";"1";"0";"0";"0";"0";"0";"0";"0";"0";"0";"0";"0";"0";"1";"0";"0";"1";"0";"1";"1";"1";"0";"1";"0";"0";"0";"1"
"6760504";"Motel Hoang Gia";"119/3 Thích Quảng Đức, Huyện Long Khánh, Huyện Long Khánh, Việt Nam";"Phòng Có 2 Giường Cỡ King (King Room with Two King Beds)";"4 người lớn & 2 trẻ em (1-12 tuổi)";"396.825";"0";"0";"0";"0";"0";"0";"0";"0";"0";"0";"0";"0";"0";"0";"0";"0";"0";"0";"0";"0";"0";"0";"0";"1";"0";"0";"0";"0";"0";"0";"1";"0";"0";"0";"0";"0";"0";"0";"0";"0";"0";"0";"0";"0";"0";"0";"0";"0";"0";"0";"0";"0";"0";"0";"0";"0";"0";"0";"0";"0";"0";"0";"0";"1";"0";"0";"0";"1";"1";"0";"0";"0";"0";"0";"0";"0";"0";"0";"0";"0";"0";"0";"0";"0";"0";"0";"0";"0";"0";"0";"0";"0";"0";"0";"1";"0";"0";"0";"0";"1";"0";"0";"1";"0";"1";"1";"1";"0";"1";"0";"0";"0";"1"
"46299356";"Làng Trường Thọ Farmstay (Lang Truong Tho Farmstay)";"Đường Ấp 4, Ấp Nguyễn Thái Học, Ấp Nguyễn Thái Học, Việt Nam";"Bungalow Gia Đình (Family Bungalow)";"3 người lớn";"1.011.029";"0";"0";"0";"0";"0";"0";"0";"0";"0";"0";"0";"0";"0";"0";"0";"0";"0";"0";"0";"0";"0";"0";"0";"0";"0";"1";"0";"0";"0";"0";"0";"0";"0";"1";"0";"0";"0";"0";"0";"0";"0";"0";"0";"0";"0";"0";"0";"0";"0";"0";"0";"1";"0";"0";"0";"0";"0";"0";"0";"0";"0";"0";"0";"0";"0";"1";"0";"1";"0";"0";"0";"0";"0";"0";"0";"0";"0";"0";"0";"0";"0";"0";"0";"0";"0";"0";"0";"0";"1";"0";"0";"0";"0";"0";"0";"0";"0";"0";"0";"0";"0";"1";"1";"0";"1";"1";"1";"0";"1";"0";"0";"0";"1"
"16332700";"Khách Sạn Today (Khach San Today)";"Quốc lộ 20 91/4 Bạch Lâm, Gia Tân 2, Thống Nhất, Đồng Nai, Gia Tân 2, Xã Gia Tân, Việt Nam";"Phòng Đôi (Double Room)";"2 người lớn";"356.481";"0";"0";"0";"0";"1";"0";"0";"0";"0";"0";"0";"0";"0";"0";"0";"0";"0";"0";"0";"0";"0";"0";"0";"0";"0";"0";"0";"0";"0";"1";"0";"0";"0";"0";"0";"0";"0";"0";"0";"0";"0";"0";"0";"0";"0";"0";"0";"0";"0";"0";"0";"0";"0";"0";"0";"0";"0";"0";"0";"0";"0";"0";"0";"0";"0";"1";"0";"0";"1";"0";"0";"0";"0";"0";"0";"0";"0";"0";"0";"0";"0";"0";"1";"0";"0";"0";"0";"0";"0";"0";"0";"0";"0";"0";"0";"0";"0";"0";"0";"0";"1";"1";"1";"0";"1";"0";"0";"1";"1";"0";"0";"0";"0"
"16332700";"Khách Sạn Today (Khach San Today)";"Quốc lộ 20 91/4 Bạch Lâm, Gia Tân 2, Thống Nhất, Đồng Nai, Gia Tân 2, Xã Gia Tân, Việt Nam";"Phòng 4 Người (Quadruple Room)";"2 người lớn";"444.444";"0";"0";"0";"0";"0";"0";"0";"0";"0";"0";"0";"0";"0";"0";"0";"0";"0";"0";"0";"0";"0";"0";"0";"0";"1";"0";"0";"0";"0";"0";"0";"0";"1";"0";"0";"0";"0";"0";"0";"0";"0";"0";"0";"0";"0";"0";"0";"0";"0";"0";"0";"1";"0";"0";"0";"0";"0";"0";"0";"0";"0";"0";"0";"0";"0";"1";"0";"0";"1";"0";"0";"0";"0";"0";"0";"0";"0";"1";"0";"0";"0";"0";"0";"0";"0";"0";"0";"0";"1";"0";"0";"0";"0";"0";"0";"0";"0";"0";"0";"0";"0";"1";"1";"0";"1";"0";"0";"1";"1";"0";"0";"0";"0"
"16332700";"Khách Sạn Today (Khach San Today)";"Quốc lộ 20 91/4 Bạch Lâm, Gia Tân 2, Thống Nhất, Đồng Nai, Gia Tân 2, Xã Gia Tân, Việt Nam";"Phòng 4 Người (Quadruple Room)";"3 người lớn";"537.037";"0";"0";"0";"0";"0";"0";"0";"0";"0";"0";"0";"0";"0";"0";"0";"0";"0";"0";"0";"0";"0";"0";"0";"0";"1";"0";"0";"0";"0";"0";"0";"0";"1";"0";"0";"0";"0";"0";"0";"0";"0";"0";"0";"0";"0";"0";"0";"0";"0";"0";"0";"1";"0";"0";"0";"0";"0";"0";"0";"0";"0";"0";"0";"0";"0";"1";"0";"0";"1";"0";"0";"0";"0";"0";"0";"0";"0";"1";"0";"0";"0";"0";"0";"0";"0";"0";"0";"0";"1";"0";"0";"0";"0";"0";"0";"0";"0";"0";"0";"0";"0";"1";"1";"0";"1";"0";"0";"1";"1";"0";"0";"0";"0"
"16332700";"Khách Sạn Today (Khach San Today)";"Quốc lộ 20 91/4 Bạch Lâm, Gia Tân 2, Thống Nhất, Đồng Nai, Gia Tân 2, Xã Gia Tân, Việt Nam";"Phòng Đơn (Single Room)";"1 người lớn Vượt quá sức chứa phòng";"328.704";"0";"0";"0";"0";"0";"0";"0";"0";"1";"0";"0";"0";"0";"0";"0";"0";"0";"0";"0";"0";"0";"1";"0";"0";"0";"0";"0";"0";"0";"0";"0";"0";"0";"0";"0";"0";"0";"0";"0";"0";"0";"0";"0";"0";"0";"0";"0";"0";"0";"0";"0";"1";"0";"0";"0";"0";"0";"0";"0";"0";"0";"0";"0";"0";"0";"1";"0";"0";"1";"0";"0";"0";"0";"0";"0";"0";"0";"1";"1";"0";"0";"0";"0";"0";"0";"0";"0";"0";"0";"0";"0";"0";"0";"0";"0";"0";"0";"0";"0";"0";"0";"0";"1";"0";"1";"0";"0";"1";"1";"0";"0";"0";"0"
"7487954";"Quốc Thanh Hotel (Quoc Thanh Hotel)";"Nguyễn Thái Học Đối diện Phố đi bộ, Huyện Long Khánh, Huyện Long Khánh, Việt Nam";"Phòng cho 3 người có Ban Công (Triple Room with Balcony)";"3 người lớn";"555.556";"0";"0";"0";"0";"0";"0";"0";"0";"0";"0";"0";"0";"1";"0";"0";"0";"0";"0";"0";"0";"0";"0";"0";"0";"0";"0";"0";"0";"0";"0";"0";"0";"0";"1";"0";"0";"0";"0";"0";"0";"0";"0";"0";"0";"0";"0";"0";"0";"0";"0";"0";"1";"0";"0";"0";"0";"0";"0";"0";"0";"0";"1";"0";"0";"0";"0";"0";"1";"0";"0";"0";"0";"0";"0";"0";"0";"0";"0";"0";"0";"0";"0";"0";"0";"0";"0";"0";"0";"1";"0";"0";"0";"0";"0";"0";"0";"0";"0";"0";"1";"1";"0";"1";"0";"0";"0";"1";"0";"0";"0";"0";"0";"1"
"7487954";"Quốc Thanh Hotel (Quoc Thanh Hotel)";"Nguyễn Thái Học Đối diện Phố đi bộ, Huyện Long Khánh, Huyện Long Khánh, Việt Nam";"Phòng Deluxe 3 người (Deluxe Triple Room)";"3 người lớn";"648.148";"0";"0";"0";"0";"0";"0";"0";"0";"0";"0";"0";"0";"1";"0";"0";"0";"0";"0";"0";"0";"0";"0";"0";"0";"0";"0";"0";"0";"0";"0";"0";"0";"0";"0";"0";"1";"0";"0";"0";"0";"0";"0";"0";"0";"0";"0";"0";"0";"0";"0";"0";"1";"0";"0";"0";"0";"0";"0";"0";"0";"0";"1";"0";"0";"0";"0";"0";"1";"0";"0";"0";"0";"0";"0";"0";"0";"0";"0";"0";"0";"0";"0";"0";"0";"0";"0";"0";"0";"1";"0";"0";"0";"0";"0";"0";"0";"0";"0";"0";"1";"1";"0";"1";"0";"0";"0";"1";"0";"0";"0";"0";"0";"1"
"64522614";"Nha Trang Homestay (Nha Trang Homestay Đồng Nai)";"QL20, Ap Phu Dong, Phu Cuong, Gia Tân 2, Xã Gia Tân, Việt Nam";"Phòng Đôi (Double Room)";"2 người lớn & 1 trẻ em (0-5 tuổi)";"251.315";"0";"0";"1";"0";"0";"0";"0";"0";"0";"0";"0";"0";"0";"0";"0";"0";"0";"0";"0";"0";"1";"0";"0";"0";"0";"0";"0";"0";"0";"0";"0";"0";"0";"0";"0";"0";"0";"0";"0";"0";"0";"0";"0";"0";"0";"0";"0";"0";"0";"0";"0";"1";"0";"0";"0";"0";"0";"0";"0";"0";"0";"1";"0";"0";"0";"0";"0";"1";"1";"0";"1";"0";"0";"0";"0";"0";"0";"0";"0";"0";"0";"0";"0";"0";"1";"0";"0";"0";"0";"0";"0";"0";"0";"0";"0";"0";"0";"0";"0";"1";"0";"0";"0";"1";"1";"0";"0";"0";"1";"0";"0";"1";"0"
"64522614";"Nha Trang Homestay (Nha Trang Homestay Đồng Nai)";"QL20, Ap Phu Dong, Phu Cuong, Gia Tân 2, Xã Gia Tân, Việt Nam";"Phòng Đôi (Double Room)";"2 người lớn & 1 trẻ em (0-5 tuổi)";"327.722";"0";"0";"1";"0";"0";"0";"0";"0";"0";"0";"0";"0";"0";"0";"0";"0";"0";"0";"0";"0";"1";"0";"0";"0";"0";"0";"0";"0";"0";"0";"0";"0";"0";"0";"0";"0";"0";"0";"0";"0";"0";"0";"0";"0";"0";"0";"0";"0";"0";"0";"0";"1";"0";"0";"0";"0";"0";"0";"0";"0";"0";"1";"0";"0";"0";"0";"0";"1";"1";"0";"1";"0";"0";"0";"0";"0";"0";"0";"0";"0";"0";"0";"0";"0";"1";"0";"0";"0";"0";"0";"0";"0";"0";"0";"0";"0";"0";"0";"0";"1";"0";"0";"0";"1";"1";"0";"0";"0";"1";"0";"0";"1";"0"
"64522614";"Nha Trang Homestay (Nha Trang Homestay Đồng Nai)";"QL20, Ap Phu Dong, Phu Cuong, Gia Tân 2, Xã Gia Tân, Việt Nam";"Phòng Loại Sang Giường Đôi (Deluxe Double Room)";"2 người lớn & 1 trẻ em (0-5 tuổi)";"319.152";"0";"0";"1";"0";"0";"0";"0";"0";"0";"0";"0";"0";"0";"0";"0";"0";"0";"0";"0";"0";"0";"0";"1";"0";"0";"0";"0";"0";"0";"0";"0";"0";"0";"0";"0";"0";"0";"0";"0";"0";"0";"0";"0";"0";"0";"0";"0";"0";"0";"0";"0";"1";"0";"0";"0";"0";"0";"0";"0";"0";"0";"1";"0";"0";"0";"0";"0";"1";"1";"0";"1";"0";"0";"0";"0";"0";"0";"0";"0";"0";"0";"0";"0";"0";"1";"0";"0";"0";"0";"0";"0";"0";"0";"0";"0";"0";"0";"0";"0";"1";"0";"0";"0";"1";"1";"0";"0";"0";"1";"0";"0";"1";"0"
"64522614";"Nha Trang Homestay (Nha Trang Homestay Đồng Nai)";"QL20, Ap Phu Dong, Phu Cuong, Gia Tân 2, Xã Gia Tân, Việt Nam";"Phòng Loại Sang Giường Đôi (Deluxe Double Room)";"2 người lớn & 1 trẻ em (0-5 tuổi)";"393.204";"0";"0";"1";"0";"0";"0";"0";"0";"0";"0";"0";"0";"0";"0";"0";"0";"0";"0";"0";"0";"0";"0";"1";"0";"0";"0";"0";"0";"0";"0";"0";"0";"0";"0";"0";"0";"0";"0";"0";"0";"0";"0";"0";"0";"0";"0";"0";"0";"0";"0";"0";"1";"0";"0";"0";"0";"0";"0";"0";"0";"0";"1";"0";"0";"0";"0";"0";"1";"1";"0";"1";"0";"0";"0";"0";"0";"0";"0";"0";"0";"0";"0";"0";"0";"1";"0";"0";"0";"0";"0";"0";"0";"0";"0";"0";"0";"0";"0";"0";"1";"0";"0";"0";"1";"1";"0";"0";"0";"1";"0";"0";"1";"0"
"64522614";"Nha Trang Homestay (Nha Trang Homestay Đồng Nai)";"QL20, Ap Phu Dong, Phu Cuong, Gia Tân 2, Xã Gia Tân, Việt Nam";"Phòng 4 người (Quadruple Room)";"4 người lớn & 1 trẻ em (0-5 tuổi)";"444.511";"0";"0";"0";"0";"0";"0";"0";"0";"0";"0";"0";"0";"0";"0";"0";"0";"0";"0";"0";"0";"0";"0";"0";"0";"1";"0";"0";"0";"0";"1";"0";"0";"0";"0";"0";"0";"0";"0";"0";"0";"0";"0";"0";"0";"0";"0";"0";"0";"0";"0";"0";"1";"0";"0";"0";"0";"0";"0";"0";"0";"0";"1";"0";"0";"0";"0";"0";"1";"1";"0";"1";"0";"0";"0";"0";"0";"0";"0";"0";"0";"0";"0";"0";"0";"0";"0";"0";"0";"0";"0";"0";"0";"0";"1";"0";"0";"0";"0";"0";"1";"0";"0";"0";"1";"1";"0";"0";"0";"1";"0";"0";"1";"0"
"64522614";"Nha Trang Homestay (Nha Trang Homestay Đồng Nai)";"QL20, Ap Phu Dong, Phu Cuong, Gia Tân 2, Xã Gia Tân, Việt Nam";"Phòng 4 người (Quadruple Room)";"4 người lớn & 1 trẻ em (0-5 tuổi)";"524.481";"0";"0";"0";"0";"0";"0";"0";"0";"0";"0";"0";"0";"0";"0";"0";"0";"0";"0";"0";"0";"0";"0";"0";"0";"1";"0";"0";"0";"0";"1";"0";"0";"0";"0";"0";"0";"0";"0";"0";"0";"0";"0";"0";"0";"0";"0";"0";"0";"0";"0";"0";"1";"0";"0";"0";"0";"0";"0";"0";"0";"0";"1";"0";"0";"0";"0";"0";"1";"1";"0";"1";"0";"0";"0";"0";"0";"0";"0";"0";"0";"0";"0";"0";"0";"0";"0";"0";"0";"0";"0";"0";"0";"0";"1";"0";"0";"0";"0";"0";"1";"0";"0";"0";"1";"1";"0";"0";"0";"1";"0";"0";"1";"0"
"44654029";"Nhà riêng 300 m² 3 phòng ngủ, 4 phòng tắm riêng ở Gia Tân 2 (Family Garden House at Tri An Lake, Đồng Nai)";", Bến Nôm 2, Phú Cường, 4148/1H, Gia Tân 2, Xã Gia Tân, Việt Nam";"Nhà 4 Phòng Ngủ (Four-Bedroom House)";"2 người lớn & 4 trẻ em (0-7 tuổi)";"1.930.147";"0";"0";"0";"0";"0";"0";"0";"0";"0";"0";"0";"0";"0";"0";"0";"1";"0";"0";"0";"0";"0";"0";"0";"0";"0";"0";"0";"0";"0";"0";"0";"0";"0";"0";"0";"0";"1";"0";"0";"0";"0";"1";"1";"0";"0";"0";"0";"0";"0";"0";"0";"0";"0";"1";"0";"0";"0";"0";"0";"0";"0";"0";"0";"0";"0";"1";"0";"1";"0";"0";"0";"0";"0";"0";"0";"0";"0";"0";"0";"0";"0";"0";"0";"0";"0";"0";"0";"0";"0";"0";"0";"0";"0";"0";"0";"1";"0";"0";"0";"0";"0";"0";"1";"0";"1";"0";"1";"0";"1";"0";"0";"0";"1"
"44654029";"Nhà riêng 300 m² 3 phòng ngủ, 4 phòng tắm riêng ở Gia Tân 2 (Family Garden House at Tri An Lake, Đồng Nai)";", Bến Nôm 2, Phú Cường, 4148/1H, Gia Tân 2, Xã Gia Tân, Việt Nam";"Nhà 4 Phòng Ngủ (Four-Bedroom House)";"4 người lớn & 4 trẻ em (0-7 tuổi)";"2.251.838";"0";"0";"0";"0";"0";"0";"0";"0";"0";"0";"0";"0";"0";"0";"0";"1";"0";"0";"0";"0";"0";"0";"0";"0";"0";"0";"0";"0";"0";"0";"0";"0";"0";"0";"0";"0";"1";"0";"0";"0";"0";"1";"1";"0";"0";"0";"0";"0";"0";"0";"0";"0";"0";"1";"0";"0";"0";"0";"0";"0";"0";"0";"0";"0";"0";"1";"0";"1";"0";"0";"0";"0";"0";"0";"0";"0";"0";"0";"0";"0";"0";"0";"0";"0";"0";"0";"0";"0";"0";"0";"0";"0";"0";"0";"0";"1";"0";"0";"0";"0";"0";"0";"1";"0";"1";"0";"1";"0";"1";"0";"0";"0";"1"
"44654029";"Nhà riêng 300 m² 3 phòng ngủ, 4 phòng tắm riêng ở Gia Tân 2 (Family Garden House at Tri An Lake, Đồng Nai)";", Bến Nôm 2, Phú Cường, 4148/1H, Gia Tân 2, Xã Gia Tân, Việt Nam";"Nhà riêng (home)";"12 người lớn & 1 trẻ em (0-7 tuổi)";"3.044.198";"0";"0";"0";"0";"0";"0";"0";"0";"0";"0";"0";"0";"0";"0";"1";"0";"0";"0";"0";"0";"0";"0";"0";"0";"0";"0";"0";"0";"0";"0";"0";"0";"0";"0";"1";"0";"1";"0";"0";"0";"0";"0";"1";"0";"0";"0";"0";"0";"0";"0";"0";"0";"0";"0";"0";"0";"0";"0";"0";"0";"0";"0";"0";"0";"0";"0";"0";"1";"0";"0";"0";"0";"0";"0";"0";"0";"0";"0";"0";"0";"0";"1";"0";"0";"0";"0";"0";"0";"0";"0";"0";"0";"0";"0";"0";"0";"0";"0";"0";"0";"0";"0";"0";"1";"0";"0";"1";"0";"0";"0";"0";"0";"0"
"13507780";"KHÁCH SẠN SPRING GARDEN (SPRING GARDEN HOTEL)";"226 Nguyen Trai, Xuan Hoa, Huyện Long Khánh, Huyện Long Khánh, Việt Nam, 76465";"Deluxe Double Room";"2 người lớn";"470.810";"1";"0";"0";"0";"0";"0";"0";"0";"0";"0";"0";"0";"0";"0";"0";"0";"0";"0";"0";"0";"0";"0";"0";"0";"0";"0";"0";"0";"0";"0";"0";"0";"0";"1";"0";"0";"0";"0";"0";"0";"0";"0";"0";"0";"0";"0";"0";"0";"0";"0";"0";"0";"0";"0";"0";"0";"0";"0";"0";"0";"1";"0";"0";"0";"0";"0";"1";"0";"0";"0";"0";"0";"0";"0";"0";"0";"0";"0";"0";"0";"0";"0";"1";"0";"0";"0";"0";"0";"0";"0";"0";"0";"0";"0";"0";"0";"0";"0";"0";"0";"0";"0";"0";"0";"0";"0";"0";"0";"0";"0";"0";"0";"0"
"60709408";"Nhà riêng 30 m² 4 phòng ngủ, 4 phòng tắm riêng ở Huyện Long Khánh (An Nhien Garden)";"Huyện Long Khánh, Huyện Long Khánh, Việt Nam";"Nhà riêng (home)";"10 người lớn & 1 trẻ em (0-7 tuổi)";"3.268.007";"0";"0";"0";"0";"0";"1";"0";"0";"0";"0";"0";"0";"0";"0";"0";"0";"0";"0";"0";"0";"0";"0";"0";"0";"0";"0";"0";"0";"0";"0";"0";"0";"0";"0";"0";"0";"0";"0";"0";"0";"0";"1";"1";"0";"0";"0";"1";"0";"0";"0";"0";"0";"0";"0";"0";"0";"1";"0";"0";"0";"0";"0";"0";"0";"0";"0";"0";"0";"0";"0";"0";"0";"0";"0";"0";"0";"0";"0";"0";"1";"0";"0";"0";"0";"0";"0";"0";"0";"0";"0";"0";"0";"0";"0";"0";"0";"0";"0";"0";"0";"0";"1";"0";"1";"0";"0";"1";"0";"0";"0";"0";"0";"0"
"68784005";"Meeto Camping";"Tổ 2 Ấp 6, Mã Đà, Meeto Camping - Cắm Trại Hồ Trị An, Tỉnh Đồng Nai, Ðông Nãi, Việt Nam, 76000";"Lều (Tent)";"2 người lớn";"716.912";"0";"0";"0";"0";"0";"0";"0";"0";"0";"0";"0";"0";"0";"0";"0";"0";"0";"0";"0";"0";"0";"0";"0";"0";"0";"0";"0";"0";"0";"0";"0";"0";"0";"0";"0";"0";"0";"0";"1";"0";"0";"0";"0";"0";"0";"0";"0";"0";"0";"0";"0";"1";"0";"0";"0";"0";"0";"0";"0";"0";"0";"0";"0";"0";"0";"1";"0";"0";"0";"0";"0";"0";"0";"0";"0";"0";"0";"1";"0";"0";"0";"0";"0";"0";"0";"0";"0";"0";"1";"0";"0";"0";"0";"0";"0";"0";"0";"0";"0";"0";"0";"0";"1";"0";"0";"0";"0";"0";"0";"1";"0";"0";"1"
"68784005";"Meeto Camping";"Tổ 2 Ấp 6, Mã Đà, Meeto Camping - Cắm Trại Hồ Trị An, Tỉnh Đồng Nai, Ðông Nãi, Việt Nam, 76000";"Lều (Tent)";"3 người lớn";"1.089.706";"0";"0";"0";"0";"0";"0";"0";"0";"0";"0";"0";"0";"0";"0";"0";"0";"0";"0";"0";"0";"0";"0";"0";"0";"0";"0";"0";"0";"0";"0";"0";"0";"0";"0";"0";"0";"0";"0";"1";"0";"0";"0";"0";"0";"0";"0";"0";"0";"0";"0";"0";"1";"0";"0";"0";"0";"0";"0";"0";"0";"0";"0";"0";"0";"0";"1";"0";"0";"0";"0";"0";"0";"0";"0";"0";"0";"0";"1";"0";"0";"0";"0";"0";"0";"0";"0";"0";"0";"1";"0";"0";"0";"0";"0";"0";"0";"0";"0";"0";"0";"0";"0";"1";"0";"0";"0";"0";"0";"0";"1";"0";"0";"1"
"68784005";"Meeto Camping";"Tổ 2 Ấp 6, Mã Đà, Meeto Camping - Cắm Trại Hồ Trị An, Tỉnh Đồng Nai, Ðông Nãi, Việt Nam, 76000";"Lều (Tent)";"2 người lớn";"1.276.103";"0";"0";"0";"0";"0";"0";"0";"0";"0";"0";"0";"0";"0";"0";"0";"0";"0";"0";"0";"0";"0";"0";"0";"0";"0";"0";"0";"0";"0";"0";"0";"0";"0";"0";"0";"0";"0";"0";"1";"0";"0";"0";"0";"0";"0";"0";"0";"0";"0";"0";"0";"1";"0";"0";"0";"0";"0";"0";"0";"0";"0";"0";"0";"0";"0";"1";"0";"0";"0";"0";"0";"0";"0";"0";"0";"0";"0";"1";"0";"0";"0";"0";"0";"0";"0";"0";"0";"0";"1";"0";"0";"0";"0";"0";"0";"0";"0";"0";"0";"0";"0";"0";"1";"0";"0";"0";"0";"0";"0";"1";"0";"0";"1"
"68784005";"Meeto Camping";"Tổ 2 Ấp 6, Mã Đà, Meeto Camping - Cắm Trại Hồ Trị An, Tỉnh Đồng Nai, Ðông Nãi, Việt Nam, 76000";"Lều (Tent)";"3 người lớn";"1.939.676";"0";"0";"0";"0";"0";"0";"0";"0";"0";"0";"0";"0";"0";"0";"0";"0";"0";"0";"0";"0";"0";"0";"0";"0";"0";"0";"0";"0";"0";"0";"0";"0";"0";"0";"0";"0";"0";"0";"1";"0";"0";"0";"0";"0";"0";"0";"0";"0";"0";"0";"0";"1";"0";"0";"0";"0";"0";"0";"0";"0";"0";"0";"0";"0";"0";"1";"0";"0";"0";"0";"0";"0";"0";"0";"0";"0";"0";"1";"0";"0";"0";"0";"0";"0";"0";"0";"0";"0";"1";"0";"0";"0";"0";"0";"0";"0";"0";"0";"0";"0";"0";"0";"1";"0";"0";"0";"0";"0";"0";"1";"0";"0";"1"
"60570051";"Căn hộ m² 1 phòng ngủ, 1 phòng tắm riêng ở Ấp Nguyễn Thái Học (Hotel Quang Vinh 3)";"Thống Nhất, Ấp Nguyễn Thái Học, Việt Nam";"Căn hộ (Apartment)";"2 người lớn";"233.206";"0";"0";"0";"0";"0";"0";"0";"0";"0";"1";"0";"0";"0";"0";"0";"0";"0";"0";"0";"0";"0";"0";"0";"0";"0";"0";"0";"0";"0";"0";"0";"0";"0";"0";"0";"0";"0";"0";"0";"0";"0";"0";"0";"0";"0";"0";"0";"0";"1";"1";"0";"0";"0";"0";"0";"1";"0";"0";"0";"0";"0";"0";"0";"0";"0";"0";"0";"0";"0";"0";"0";"0";"0";"0";"0";"0";"0";"0";"0";"0";"0";"0";"1";"0";"0";"0";"0";"0";"0";"0";"0";"0";"0";"0";"0";"0";"0";"0";"0";"0";"0";"0";"0";"1";"0";"0";"1";"0";"0";"0";"0";"0";"0"
"47861336";"Nhà Nghỉ A&Em (Nha Nghi A&Em)";"Đường Đồn Điền, Gia Tân 2, Xã Gia Tân, Việt Nam";"Phòng Đôi (Double Room)";"2 người lớn";"273.437";"0";"0";"1";"0";"0";"0";"0";"0";"0";"0";"0";"0";"0";"0";"0";"0";"0";"0";"0";"0";"0";"0";"0";"0";"0";"0";"0";"0";"0";"0";"0";"0";"0";"0";"0";"0";"0";"1";"0";"0";"0";"0";"0";"0";"0";"0";"0";"0";"0";"0";"0";"1";"0";"0";"0";"0";"0";"0";"0";"0";"0";"0";"0";"0";"0";"1";"0";"1";"0";"0";"0";"0";"0";"0";"0";"0";"0";"0";"0";"0";"0";"0";"1";"0";"0";"0";"0";"0";"0";"0";"0";"0";"0";"0";"0";"0";"0";"0";"0";"0";"0";"0";"1";"0";"1";"0";"0";"1";"1";"0";"0";"0";"1"
"47861336";"Nhà Nghỉ A&Em (Nha Nghi A&Em)";"Đường Đồn Điền, Gia Tân 2, Xã Gia Tân, Việt Nam";"Phòng Đôi (Double Room)";"2 người lớn";"289.522";"0";"0";"1";"0";"0";"0";"0";"0";"0";"0";"0";"0";"0";"0";"0";"0";"0";"0";"0";"0";"0";"0";"0";"0";"0";"0";"0";"0";"0";"0";"0";"0";"0";"0";"0";"0";"0";"1";"0";"0";"0";"0";"0";"0";"0";"0";"0";"0";"0";"0";"0";"1";"0";"0";"0";"0";"0";"0";"0";"0";"0";"0";"0";"0";"0";"1";"0";"1";"0";"0";"0";"0";"0";"0";"0";"0";"0";"0";"0";"0";"0";"0";"1";"0";"0";"0";"0";"0";"0";"0";"0";"0";"0";"0";"0";"0";"0";"0";"0";"0";"0";"0";"1";"0";"1";"0";"0";"1";"1";"0";"0";"0";"1"
"61453578";"Nhà Nghỉ Vũ Hoàng (Nha Nghi Vu Hoang)";"Ấp Lộc Lâm, Ấp Lộc Lâm, Việt Nam";"Phòng Đôi (Double Room)";"2 người lớn";"268.519";"0";"0";"0";"0";"1";"0";"0";"0";"0";"0";"0";"0";"0";"0";"0";"0";"1";"0";"1";"0";"0";"0";"0";"0";"0";"0";"0";"0";"0";"0";"0";"0";"0";"0";"0";"0";"0";"0";"0";"0";"0";"0";"0";"0";"0";"0";"0";"0";"0";"0";"0";"1";"0";"0";"0";"0";"0";"0";"0";"0";"0";"0";"0";"0";"0";"1";"0";"1";"0";"0";"0";"0";"0";"1";"0";"0";"0";"0";"0";"0";"0";"0";"1";"0";"0";"0";"0";"0";"0";"0";"0";"0";"0";"0";"0";"0";"0";"0";"0";"0";"0";"0";"1";"0";"1";"0";"1";"0";"0";"0";"0";"0";"0"
"72816260";"Camping Hồ Trị An - Meeto (Camping Ho Tri An - Meeto)";"Tỉnh Đồng Nai, Ðông Nãi, Việt Nam";"Phòng Giường Đôi Nhìn Ra Hồ Nước (Double Room with Lake View)";"3 người lớn";"716.912";"0";"0";"1";"0";"0";"0";"0";"0";"0";"0";"0";"0";"0";"0";"0";"0";"1";"0";"0";"0";"0";"0";"0";"0";"0";"0";"0";"0";"0";"0";"0";"0";"0";"0";"0";"0";"0";"0";"0";"1";"0";"0";"0";"0";"0";"0";"0";"0";"0";"0";"0";"0";"0";"0";"0";"0";"0";"0";"0";"0";"0";"0";"1";"0";"0";"0";"0";"0";"0";"0";"0";"1";"0";"1";"0";"0";"0";"0";"0";"0";"0";"0";"0";"0";"0";"0";"0";"0";"0";"0";"0";"0";"0";"0";"0";"0";"1";"0";"0";"0";"0";"0";"0";"0";"0";"0";"0";"0";"0";"1";"0";"0";"1"
"71719283";"Homestay Tay";"Trang Bom, Xã Trảng Bôm, Xã Trảng Bôm, Việt Nam, 76300";"Panoramic Double Room, Lake View";"2 người lớn";"375.791";"0";"0";"0";"0";"0";"0";"0";"0";"0";"0";"0";"0";"0";"0";"0";"0";"0";"0";"0";"0";"0";"0";"0";"0";"0";"0";"0";"0";"0";"0";"0";"0";"0";"0";"0";"0";"0";"0";"0";"0";"0";"0";"0";"0";"0";"0";"0";"0";"0";"0";"0";"0";"0";"0";"0";"0";"0";"0";"0";"0";"0";"0";"0";"0";"0";"0";"0";"0";"0";"0";"0";"0";"0";"0";"0";"0";"0";"0";"0";"0";"0";"0";"1";"0";"0";"0";"0";"0";"0";"0";"0";"0";"0";"0";"0";"0";"0";"0";"0";"0";"0";"0";"0";"0";"0";"0";"0";"0";"0";"0";"0";"0";"0"
"78205317";"Lumiere Family Village Long Khánh - Đồi Rìu (Lumiere Family Village Long Khanh - Đoi Riu)";"125A Đường số 11, Quốc lộ 56 - Đồi Rìu, Hàng Gòn, Huyện Long Khánh, Huyện Long Khánh, Việt Nam, 76700";"Phòng Có Giường Cỡ King Nhìn Ra Vườn (King Room with Garden View)";"2 người lớn";"416.667";"0";"0";"1";"0";"0";"0";"0";"0";"0";"0";"0";"0";"0";"0";"0";"0";"0";"0";"0";"0";"0";"0";"0";"0";"0";"0";"0";"0";"0";"0";"0";"0";"1";"0";"0";"0";"0";"0";"0";"0";"0";"0";"0";"0";"0";"0";"0";"0";"0";"0";"0";"0";"1";"0";"0";"0";"0";"0";"0";"0";"0";"0";"1";"0";"0";"0";"0";"1";"1";"0";"0";"0";"0";"0";"0";"0";"0";"0";"0";"0";"0";"0";"1";"0";"0";"0";"0";"0";"0";"0";"0";"0";"0";"0";"0";"0";"0";"0";"0";"0";"0";"0";"1";"0";"1";"0";"1";"0";"1";"1";"0";"0";"0"
"78205317";"Lumiere Family Village Long Khánh - Đồi Rìu (Lumiere Family Village Long Khanh - Đoi Riu)";"125A Đường số 11, Quốc lộ 56 - Đồi Rìu, Hàng Gòn, Huyện Long Khánh, Huyện Long Khánh, Việt Nam, 76700";"Phòng ngủ Tập thể 8 Giường cho cả Nam và Nữ (8-Bed Mixed Dormitory Room)";"8 người lớn";"1.481.481";"0";"0";"0";"0";"0";"0";"0";"0";"0";"0";"0";"0";"0";"0";"0";"0";"0";"0";"0";"0";"0";"0";"0";"0";"0";"0";"0";"0";"1";"0";"0";"0";"1";"0";"0";"0";"0";"0";"0";"0";"0";"0";"0";"0";"0";"0";"0";"0";"0";"0";"1";"0";"1";"0";"0";"0";"0";"0";"0";"0";"0";"0";"1";"0";"0";"0";"0";"1";"1";"0";"0";"0";"0";"0";"0";"0";"0";"0";"0";"0";"0";"0";"0";"0";"0";"0";"0";"0";"0";"0";"0";"0";"0";"0";"0";"0";"0";"0";"1";"0";"0";"0";"1";"0";"1";"0";"1";"0";"1";"1";"0";"0";"0"
"78340350";"Nha Nghi A&EM";"QL20 dinh quan, Ấp Lộc Lâm, Ấp Lộc Lâm, Việt Nam, 76700";"Phòng Thiết kế Đôi (Design Double Room)";"2 người lớn";"404.826";"0";"0";"0";"0";"0";"0";"0";"0";"0";"0";"0";"0";"0";"0";"0";"0";"0";"0";"0";"0";"0";"0";"0";"0";"0";"0";"0";"0";"0";"0";"0";"0";"0";"0";"0";"0";"0";"0";"0";"0";"0";"0";"0";"0";"0";"0";"0";"0";"0";"0";"0";"0";"0";"0";"0";"0";"0";"0";"0";"0";"0";"0";"0";"0";"0";"1";"0";"0";"0";"0";"0";"0";"0";"0";"0";"0";"0";"0";"0";"0";"0";"0";"1";"0";"0";"0";"0";"0";"0";"0";"0";"0";"0";"0";"0";"0";"0";"0";"0";"0";"0";"0";"0";"0";"0";"0";"1";"0";"0";"0";"0";"0";"0"
"44690473";"Gạo Farmstay (Gao Farmstay)";"Gia Tân 2, Xã Gia Tân, Việt Nam";"Lều (Tent)";"3 người lớn";"654.871";"0";"0";"0";"0";"0";"0";"0";"0";"0";"0";"0";"0";"0";"1";"0";"0";"1";"0";"0";"0";"0";"0";"0";"0";"0";"0";"0";"0";"0";"0";"0";"0";"0";"0";"0";"0";"0";"0";"0";"0";"0";"0";"0";"0";"0";"0";"0";"1";"0";"0";"0";"0";"0";"0";"0";"0";"0";"0";"0";"0";"0";"0";"0";"0";"0";"1";"0";"0";"0";"1";"0";"1";"0";"1";"0";"0";"0";"1";"0";"0";"0";"0";"0";"0";"0";"0";"0";"0";"1";"0";"0";"0";"0";"0";"0";"0";"0";"0";"0";"0";"0";"0";"1";"0";"0";"0";"0";"0";"0";"0";"0";"0";"0"
"51347147";"Căn hộ 18 m² 1 phòng ngủ, 1 phòng tắm riêng ở Gia Tân 2 (Nhà nghỉ A&Em)";"Gia Tân 2, Xã Gia Tân, Việt Nam";"Căn hộ (Apartment)";"2 người lớn & 1 trẻ em (0-7 tuổi)";"284.095";"0";"0";"0";"0";"1";"0";"0";"0";"0";"0";"0";"0";"0";"0";"0";"0";"1";"0";"0";"0";"0";"0";"1";"0";"0";"0";"0";"0";"0";"0";"0";"0";"0";"0";"0";"0";"0";"0";"0";"0";"0";"0";"0";"0";"0";"0";"0";"0";"0";"0";"0";"0";"0";"0";"0";"0";"0";"0";"0";"0";"0";"0";"0";"0";"0";"0";"0";"0";"0";"0";"0";"0";"0";"1";"0";"0";"0";"0";"0";"0";"0";"0";"1";"0";"0";"0";"0";"0";"0";"0";"0";"0";"0";"0";"0";"0";"0";"0";"0";"0";"0";"0";"0";"1";"0";"0";"1";"0";"0";"0";"0";"0";"0"
"61453571";"Bà Hào Glamping (Ba Hao Glamping)";"ấp 1, vĩnh cửu, Đồng Nai, Sông Bé, Sông Bé, Việt Nam";"Bungalow 1 Phòng Ngủ (One-Bedroom Bungalow)";"2 người lớn";"787.213";"0";"0";"0";"0";"0";"0";"0";"0";"0";"0";"0";"0";"0";"0";"0";"0";"0";"1";"0";"0";"0";"0";"0";"0";"1";"0";"0";"0";"0";"0";"0";"0";"0";"0";"0";"0";"0";"0";"0";"0";"0";"0";"0";"0";"0";"0";"0";"0";"0";"0";"0";"0";"0";"0";"0";"0";"0";"0";"0";"0";"0";"0";"0";"0";"0";"1";"0";"1";"0";"0";"0";"0";"0";"0";"0";"0";"0";"0";"0";"0";"0";"0";"1";"0";"0";"0";"0";"0";"0";"0";"0";"0";"0";"0";"0";"0";"0";"0";"0";"0";"0";"1";"1";"0";"1";"0";"1";"0";"0";"1";"0";"0";"1"
"63183979";"50 m² 4 phòng ngủ, 1 phòng tắm riêng ở Huyện Long Khánh (Eaglekamp)";"Huyện Long Khánh, Huyện Long Khánh, Việt Nam";"Chalet";"8 người lớn & 1 trẻ em (0-7 tuổi)";"1.165.955";"0";"0";"0";"1";"0";"0";"0";"0";"0";"0";"0";"0";"0";"0";"0";"0";"1";"0";"0";"0";"0";"0";"0";"0";"0";"0";"0";"0";"0";"0";"0";"0";"0";"0";"0";"0";"0";"0";"0";"0";"0";"0";"0";"0";"0";"1";"0";"0";"0";"0";"0";"0";"0";"0";"0";"1";"1";"0";"0";"0";"0";"0";"0";"0";"0";"0";"0";"0";"0";"0";"0";"0";"0";"1";"0";"0";"0";"0";"0";"0";"0";"0";"0";"0";"0";"0";"0";"0";"0";"0";"0";"0";"0";"0";"0";"0";"0";"0";"1";"0";"0";"1";"0";"1";"0";"0";"1";"0";"0";"0";"0";"0";"0"
"60561343";"Căn hộ m² 1 phòng ngủ, 1 phòng tắm riêng ở Ấp Lộc Lâm (Nhà Nghỉ Quốc Hưng)";"Ấp Lộc Lâm, Ấp Lộc Lâm, Việt Nam";"Căn hộ (Apartment)";"4 người lớn & 1 trẻ em (0-7 tuổi)";"285.682";"0";"0";"0";"0";"0";"0";"0";"0";"0";"0";"0";"0";"0";"0";"0";"0";"1";"0";"0";"0";"0";"0";"0";"0";"0";"1";"0";"0";"0";"0";"0";"0";"0";"0";"0";"0";"0";"0";"0";"0";"0";"0";"0";"0";"0";"0";"0";"0";"0";"0";"0";"0";"0";"0";"0";"0";"0";"0";"0";"0";"0";"0";"0";"0";"0";"0";"0";"0";"0";"0";"0";"0";"0";"1";"0";"0";"0";"0";"0";"0";"0";"0";"0";"0";"0";"0";"0";"0";"0";"0";"0";"1";"0";"0";"0";"0";"0";"0";"0";"0";"0";"0";"0";"1";"0";"0";"1";"0";"0";"0";"0";"0";"0"
"47819417";"Căn hộ 150 m² 1 phòng ngủ, 1 phòng tắm riêng ở Gia Tân 2 (Nhà nghỉ A&EM)";"Gia Tân 2, Xã Gia Tân, Việt Nam";"Căn hộ (Apartment)";"4 người lớn & 1 trẻ em (0-7 tuổi)";"318.505";"0";"0";"0";"0";"0";"0";"0";"0";"0";"0";"0";"0";"0";"0";"0";"0";"1";"0";"0";"0";"0";"0";"0";"0";"0";"0";"1";"0";"0";"0";"0";"0";"0";"0";"0";"0";"0";"0";"0";"0";"0";"0";"0";"1";"0";"0";"0";"0";"0";"0";"0";"0";"0";"0";"0";"1";"0";"0";"0";"0";"0";"0";"0";"0";"0";"0";"0";"1";"0";"0";"0";"0";"0";"0";"0";"0";"0";"0";"0";"0";"0";"0";"0";"0";"0";"0";"0";"0";"0";"0";"0";"1";"0";"0";"0";"0";"0";"0";"0";"0";"0";"0";"0";"1";"0";"0";"1";"0";"0";"0";"0";"0";"0"
"50629513";"Căn hộ 18 m² 1 phòng ngủ, 1 phòng tắm riêng ở Gia Tân 2 (Nhà nghỉ A&EM)";"Gia Tân 2, Xã Gia Tân, Việt Nam";"Căn hộ (Apartment)";"2 người lớn & 1 trẻ em (0-7 tuổi)";"284.095";"0";"0";"0";"0";"0";"0";"0";"0";"1";"0";"0";"0";"0";"0";"0";"0";"1";"0";"0";"0";"0";"0";"1";"0";"0";"0";"0";"0";"0";"0";"0";"0";"0";"0";"0";"0";"0";"0";"0";"0";"0";"0";"0";"0";"0";"0";"0";"0";"0";"0";"0";"0";"0";"0";"0";"0";"0";"0";"0";"0";"0";"0";"0";"0";"0";"0";"0";"0";"0";"0";"0";"0";"0";"0";"0";"0";"0";"0";"0";"0";"0";"0";"1";"0";"0";"0";"0";"0";"0";"0";"0";"0";"0";"0";"0";"0";"0";"0";"0";"0";"0";"0";"0";"1";"0";"0";"1";"0";"0";"0";"0";"0";"0"
"51248787";"Căn hộ 30 m² 1 phòng ngủ, 1 phòng tắm riêng ở Gia Tân 2 (Nhà nghỉ A&em)";"Gia Tân 2, Xã Gia Tân, Việt Nam";"Căn hộ (Apartment)";"4 người lớn & 1 trẻ em (0-7 tuổi)";"364.459";"0";"0";"0";"0";"0";"0";"0";"0";"0";"0";"0";"0";"0";"0";"0";"0";"1";"0";"0";"0";"0";"0";"0";"0";"0";"1";"0";"0";"0";"0";"0";"0";"0";"0";"0";"1";"0";"0";"0";"0";"0";"0";"0";"0";"0";"0";"0";"0";"0";"0";"0";"0";"0";"0";"0";"0";"0";"0";"0";"0";"0";"0";"0";"0";"0";"0";"0";"0";"0";"0";"0";"0";"0";"1";"0";"0";"0";"0";"0";"0";"0";"0";"0";"0";"0";"0";"0";"0";"0";"0";"0";"1";"0";"0";"0";"0";"0";"0";"0";"0";"0";"0";"0";"1";"0";"0";"1";"0";"0";"0";"0";"0";"0"
"60709417";"An Nhien Garden";"Số 05, Tổ 30B, Ấp Ruộng Lớn, Bảo Vinh, Long Khánh, Đồng Nai, An Nhien Garden, Ấp Nguyễn Thái Học, Huyện Long Khánh, Việt Nam, 76465";"Nhà nghỉ mát 4 Phòng ngủ (Four-Bedroom Holiday Home)";"6 người lớn";"2.199.074";"0";"0";"0";"0";"0";"0";"0";"0";"0";"0";"0";"1";"0";"0";"0";"0";"0";"0";"0";"0";"0";"0";"0";"0";"0";"0";"0";"0";"0";"0";"0";"0";"0";"0";"0";"0";"0";"0";"0";"0";"0";"1";"1";"0";"0";"0";"0";"0";"0";"0";"0";"0";"0";"0";"0";"0";"0";"0";"0";"0";"0";"0";"0";"0";"0";"0";"0";"0";"0";"0";"0";"0";"0";"0";"0";"0";"0";"0";"0";"0";"0";"0";"0";"0";"0";"0";"0";"0";"0";"0";"0";"0";"0";"0";"0";"0";"0";"1";"0";"0";"0";"0";"0";"0";"1";"0";"1";"0";"0";"0";"0";"0";"0"
"79325917";"m² 3 phòng ngủ, 4 phòng tắm riêng ở Tỉnh Đồng Nai (Family Garden House at Tri An Lake, Đồng Nai)";"Tỉnh Đồng Nai, Ðông Nãi, Việt Nam";"Nông trại (Farmhouse)";"12 người lớn & 1 trẻ em (0-7 tuổi)";"1.921.866";"0";"1";"0";"0";"0";"0";"0";"0";"0";"0";"0";"0";"0";"0";"0";"0";"0";"0";"0";"0";"0";"0";"0";"0";"0";"0";"0";"0";"0";"0";"0";"0";"0";"0";"1";"0";"0";"0";"0";"0";"0";"0";"1";"0";"0";"0";"0";"0";"0";"0";"0";"0";"0";"0";"0";"0";"0";"0";"0";"0";"0";"0";"0";"0";"0";"0";"0";"0";"0";"0";"0";"0";"0";"0";"0";"0";"0";"0";"0";"0";"1";"0";"0";"0";"0";"0";"0";"0";"0";"0";"0";"0";"0";"0";"0";"0";"0";"0";"0";"0";"0";"0";"0";"1";"0";"0";"1";"0";"0";"0";"0";"0";"0"
"64715528";"300 m² 2 phòng ngủ, 1 phòng tắm riêng ở Tỉnh Đồng Nai (HomeStay Hoang Anh)";"Tỉnh Đồng Nai, Ðông Nãi, Việt Nam";"Nhà nghỉ (Guesthouse)";"12 người lớn & 1 trẻ em (0-7 tuổi)";"1.143.549";"0";"0";"0";"0";"0";"0";"1";"0";"0";"0";"0";"0";"0";"0";"0";"0";"1";"0";"0";"0";"0";"0";"0";"0";"0";"0";"0";"1";"0";"0";"0";"0";"0";"0";"0";"0";"1";"0";"0";"0";"0";"0";"0";"0";"0";"0";"0";"0";"0";"0";"0";"0";"0";"0";"0";"0";"0";"0";"0";"0";"0";"0";"0";"0";"0";"0";"0";"0";"0";"0";"0";"0";"0";"0";"0";"0";"0";"0";"0";"0";"1";"0";"0";"0";"0";"0";"0";"0";"0";"0";"0";"0";"0";"0";"0";"0";"0";"0";"0";"0";"0";"0";"0";"1";"0";"0";"1";"0";"0";"0";"0";"0";"0"
"59286905";"Nhà trệt m² 1 phòng ngủ, 1 phòng tắm riêng ở Huyện Long Khánh (Ghé nhà )";"Huyện Long Khánh, Huyện Long Khánh, Việt Nam";"Nhà trệt (Bungalow)";"12 người lớn & 1 trẻ em (0-7 tuổi)";"843.413";"0";"0";"0";"0";"0";"0";"0";"0";"0";"0";"1";"0";"0";"0";"0";"0";"1";"0";"0";"0";"0";"0";"0";"0";"0";"0";"0";"0";"0";"0";"0";"0";"0";"0";"0";"0";"0";"0";"0";"0";"0";"0";"0";"0";"0";"0";"0";"0";"0";"0";"0";"0";"0";"0";"0";"1";"0";"0";"0";"0";"0";"0";"0";"0";"0";"0";"0";"1";"0";"0";"0";"0";"0";"1";"0";"0";"0";"0";"0";"0";"1";"0";"0";"0";"0";"0";"0";"0";"0";"0";"0";"0";"0";"0";"0";"0";"0";"0";"0";"0";"0";"1";"0";"1";"0";"0";"1";"0";"0";"0";"0";"0";"0"
"60485332";"Căn hộ m² 1 phòng ngủ, 1 phòng tắm riêng ở Sông Bé (Nghiêng Homestay - Nhà nguyên căn)";"Sông Bé, Sông Bé, Việt Nam";"Căn hộ (Apartment)";"2 người lớn";"587.364";"0";"0";"0";"0";"0";"0";"0";"0";"0";"0";"0";"0";"0";"0";"0";"0";"1";"1";"0";"0";"0";"0";"0";"1";"0";"0";"0";"0";"0";"0";"0";"0";"0";"0";"0";"0";"0";"0";"0";"0";"0";"0";"0";"0";"0";"0";"0";"0";"0";"0";"0";"0";"0";"0";"0";"0";"0";"0";"0";"0";"0";"0";"0";"0";"0";"0";"0";"0";"0";"0";"0";"0";"0";"1";"0";"0";"0";"0";"0";"0";"0";"0";"1";"0";"0";"0";"0";"0";"0";"0";"0";"0";"0";"0";"0";"0";"0";"0";"0";"0";"0";"0";"0";"1";"0";"0";"1";"0";"0";"0";"0";"0";"0"
